1403636620.7635558 0.0 0.0 0.0 -0.04505081617603996 -0.7936184880352317 -0.0 0.606745514536816
1403636620.8135555 -2.8098186254953187e-05 7.808584445366767e-05 -6.74663617102963e-05 -0.04504967881364605 -0.7936047114079748 9.179116535203609e-05 0.6067636113382496
1403636620.8635557 -1.8948274165535176e-05 0.0002033236236113576 -0.0001167516442942891 -0.04505512876023496 -0.7936064002184554 7.543491909891774e-05 0.6067610000768644
1403636620.9135556 -5.264456259802707e-05 0.0002751003628539179 -0.00016598285519892788 -0.04509554154359214 -0.7936028989150572 0.00012515540436021301 0.6067625691344453
1403636620.9635556 -0.00015079712769511605 0.0003513230234081952 -0.00022292738322948386 -0.045115482195621004 -0.7936322029759423 8.901001586971036e-05 0.6067227634950138
1403636621.0135555 -0.00027304128193404655 0.00040917612563532926 -0.0003194193753821784 -0.04510634296812873 -0.7936854558125569 0.0001070635456167567 0.6066537757181212
1403636621.0635557 -0.0004408652097530416 0.0005428656159221545 -0.0003753376671113839 -0.04481825932432102 -0.7936312234215075 -0.00035228563260515736 0.6067459771077613
1403636621.1135554 -0.0006050328894399206 0.00028093394724748464 -0.000475146319580711 -0.04506884333744912 -0.793653124575813 0.0002039002944979883 0.6066988343782636
1403636621.1635556 -0.0008854560458472384 0.00023951720018920648 -0.00061405720811477 -0.044724275117122736 -0.7936597990373956 -0.0002373165446588695 0.6067155892904239
1403636621.2135556 -0.0012416386143880148 3.162501577641998e-05 -0.0007866076485005954 -0.04499742515517478 -0.793593509271988 9.876633623324384e-05 0.6067821388406109
1403636621.2635558 -0.0016537520519622718 1.6495223521718808e-05 -0.0009641378674580002 -0.0447923730042444 -0.7936654259712953 -0.00023250643158824946 0.6067032065839196
1403636621.3135555 -0.002162079766036594 -0.00013183887398709977 -0.0011613055310946536 -0.045004650739191146 -0.7936716667864709 9.07808164496099e-05 0.6066793704347232
1403636621.3635557 -0.0026622034331358607 -9.053137048261623e-05 -0.001338039317449664 -0.044845477796046807 -0.7936578897682391 -0.0001543926492265424 0.606709166976056
1403636621.4135556 -0.0030920145689725953 -0.00021266050099899794 -0.001624361135899601 -0.045060869157004406 -0.7936935357971455 0.0001756414057898462 0.60664656799057
1403636621.4635556 -0.0034983078101839243 -0.00014448890458104577 -0.0018482684834139524 -0.044874667950457255 -0.7936578515087024 -0.00012495548697900435 0.6067070654781045
1403636621.5135555 -0.0038801476595567833 -0.00015003812279792565 -0.0021100100875961043 -0.044988783713235475 -0.793697623405737 7.033854663040108e-05 0.6066465915115469
1403636621.5635557 -0.004259943319828057 9.98056893857326e-06 -0.002396857936763035 -0.04483572126261918 -0.7937074897679056 -0.00015518711202386899 0.6066449989097009
1403636621.6135554 -0.004686964093144125 5.286689340546898e-05 -0.0026554761799050973 -0.04501973633711902 -0.7937156268312225 5.850735081631082e-05 0.6066207411892095
1403636621.6635556 -0.005173063838682267 0.0002207189164070416 -0.0028725837905864706 -0.04488686766291085 -0.793727891329392 -0.0001644960009990768 0.6066145205798119
1403636621.7135556 -0.0010232645583102534 -0.00456718356232141 0.0020647571876017757 -0.044733036217732995 -0.7935518573637625 0.00012250647651430114 0.6068561527556829
1403636621.7635558 -0.0011886617902998927 -0.004688933666595432 0.002017177839514813 -0.044623424362302 -0.7935383742341829 1.2075156748491705e-05 0.6068818653330664
1403636621.8135555 -0.00012769906675932094 -0.005121845943067777 0.002380784213693833 -0.04489692352895509 -0.7936437993030657 0.00012512813100820687 0.6067238007762523
1403636621.8635557 -0.00027308784101029237 -0.00520667519571863 0.002229872391417598 -0.04485057662169163 -0.7936931556563244 5.2934977564567366e-05 0.6066626720335575
1403636621.9135556 0.0005346316934230213 -0.0045010232974525026 0.003405410798071454 -0.04502581683451631 -0.793524510027849 0.0003416609268647231 0.6068701764556057
1403636621.9635556 0.0005369449786075212 -0.004427346450966306 0.0033012064158491317 -0.04503396696079707 -0.7934689403535649 0.0004133837138724638 0.6069421814537771
1403636622.0135555 0.00044457019275396 -0.0046906305038131695 0.003144485583770482 -0.04494261117520084 -0.7935638141211979 0.00021399671950708812 0.6068250067553047
1403636622.0635557 0.0004709933723664638 -0.004725421444131312 0.003008414233112845 -0.0449676996066515 -0.793524041417369 0.00031580384701106456 0.6068751123193816
1403636622.1135554 0.0011917166146018358 -0.004704403127148417 0.0035559756352284092 -0.04517141997018249 -0.7935550546590151 0.00037495642097435744 0.6068193944252998
1403636622.1635556 0.0012095946683718553 -0.004628114857919123 0.00340216536845928 -0.0451350202579208 -0.7935452813747185 0.00039611606156580244 0.6068348699986693
1403636622.2135556 0.0019637828932881967 -0.004517749876796514 0.0038957399015114476 -0.045208243522790154 -0.7935270657748486 0.0005354249092924889 0.6068531320842876
1403636622.2635558 0.0021199859519260267 -0.004318846436423644 0.003779140332082327 -0.04517566235050856 -0.7935719687193344 0.0005137641318341003 0.6067968573093713
1403636622.3135555 0.0023381526113752924 -0.003166213749575594 0.004386772280375147 -0.04511765098365832 -0.7933945579744109 0.0005142847054785643 0.6070331197369282
1403636622.3635557 0.0027365565652098184 -0.002882480586513112 0.004357100587790378 -0.04507775723025802 -0.7934063590084507 0.0004823935255022891 0.6070206854667557
1403636622.4135556 0.002320416979223192 -0.002923801557182257 0.0046458191899348125 -0.04510235399440924 -0.7934414707976788 0.0005900236237746862 0.6069728675605712
1403636622.4635556 0.0024973178804071038 -0.0026930073204388017 0.00455318028924512 -0.04508755762866902 -0.7934191774875973 0.0005774826060334736 0.6070031198073251
1403636622.5135555 0.0020898588881311793 -0.002468092984371362 0.004516236052850741 -0.04490090450883546 -0.7934523311205723 0.0005023876500367008 0.6069736852782559
1403636622.5635557 0.002196226220596805 -0.0023352482078882394 0.004403362658631329 -0.04491901824078112 -0.7934550095992274 0.0004919415549889893 0.60696885219563
1403636622.6135554 0.0025393418443796327 -0.0013809778016260605 0.004732107474387388 -0.04465815966967797 -0.7934695508407887 0.00044508611812928584 0.6069691281785113
1403636622.6635556 0.002620267350351419 -0.00129290175398855 0.004674114039896226 -0.044642077103027145 -0.7934194926012387 0.0005387034173163302 0.6070356690598574
1403636622.7135556 0.0026101738772474703 -0.0016229099472992187 0.004564015281460429 -0.044813431645179785 -0.7934113232120528 0.0005150314497582729 0.6070337414721594
1403636622.7635558 0.0027496485394021618 -0.0014349045345319017 0.004486671488426829 -0.04478227332679815 -0.7933895537798262 0.0005166244958677745 0.6070644916710766
1403636622.8135555 0.003274110104463838 -0.0008795520592242815 0.005006010929425096 -0.04486022600601844 -0.7933835529691246 0.00038451157554365454 0.6070666768581732
1403636622.8635557 0.003426359073774254 -0.0005441189485180651 0.005019930169665808 -0.04491591085502984 -0.7933301787584705 0.0003287080565277104 0.6071323417296512
1403636622.9135556 0.0031820370184056364 0.0019358152367870164 0.005100169815452934 -0.044712760500875005 -0.7931782517863218 0.00024900713447862635 0.6073458388241685
1403636622.9635556 0.06746465341003469 0.052338842303221306 -0.012455991590103663 -0.04334513881255888 -0.7952528530891585 -0.001209442002282344 0.6047252564966312
1403636623.0135555 0.06669674375496427 0.05080156616351769 -0.012778766240016299 -0.04327908056714719 -0.7951135255723725 -0.001436275817558753 0.6049126711756919
1403636623.0635557 0.06598256005967808 0.05064903957353137 -0.01281206109916834 -0.04329379677400495 -0.7951605488714295 -0.0014385326888524223 0.6048497989609333
1403636623.1135554 0.0656130928607985 0.047034432474377046 -0.012879356861649057 -0.043645859184489544 -0.795290965805142 -0.0012493455127885209 0.6046534195889097
1403636623.1635556 0.06456381814185602 0.046780671858530444 -0.013065873233417359 -0.04358969183559143 -0.795373974918135 -0.001313746538784039 0.6045481394054868
1403636623.2135556 0.06297988994200257 0.0409251622407021 -0.01367984812377454 -0.04404673992505164 -0.7954982293499191 -0.0010897365649752387 0.6043519374316074
1403636623.2635558 0.06151569076436009 0.04073301177881273 -0.013912574316822796 -0.04408617549001894 -0.7955664066493173 -0.000990468889894944 0.604259481276988
1403636623.3135555 0.058798367794278175 0.03483202130319615 -0.014131966176254823 -0.04458018583059446 -0.7955430007154273 -0.0008605892654652335 0.6042542514787294
1403636623.3635557 0.05726616548792222 0.034763160184917756 -0.014521046593781851 -0.044745602119087166 -0.7956767522974357 -0.0006474144488841435 0.6040661534955729
1403636623.4135556 0.05438729268457687 0.029487508774121124 -0.01523975099497453 -0.0451126884059662 -0.795728934716271 -0.0005609904307186833 0.6039701922196423
1403636623.4635556 0.052865828744701845 0.02957622646273466 -0.015583934245139578 -0.045200563947372506 -0.7956385103138807 -0.0004828106117231011 0.6040828062594247
1403636623.5135555 0.051552792684807475 0.02717973690410823 -0.015020488781712926 -0.045590869236174 -0.7958799140904196 -0.00027905324623716155 0.6037355026160068
1403636623.5635557 0.05017629861350864 0.0278654724811412 -0.015718557401719124 -0.04571177681303109 -0.7960124599601882 -0.00013517805373372703 0.6035516372073059
1403636623.6135554 0.04882852870380429 0.027480722336613177 -0.016160901736256787 -0.046021917907616255 -0.796115849744912 -2.4079352961095956e-05 0.6033916939080504
1403636623.6635556 0.045848731554706 0.028334021355673884 -0.016612735327108084 -0.04596200548181942 -0.7961697524244541 -4.7562833076438484e-05 0.6033251338327035
1403636623.7135556 0.04264565829513755 0.031231694758464025 -0.01710999582120543 -0.045821676309898 -0.7961339250765991 -0.0001243633703861999 0.6033830722319208
1403636623.7635558 0.03906778893576413 0.0321437166515263 -0.017557973696504452 -0.04597663738017407 -0.7961274474233856 -0.00022594491893526027 0.6033798018025051
1403636623.8135555 0.02699886741537994 0.019950837514974836 -0.0009286867088674677 -0.04462227573105605 -0.7953752515104272 -0.0007496855654172448 0.6044720835281472
1403636623.8635557 0.02352789466392943 0.020840182762659275 -0.0014362333446368083 -0.04486689140329685 -0.7953366221328302 -0.0007757270188727332 0.604504770698906
1403636623.9135556 0.025378604820416182 0.007950681920268569 0.003386932173620852 -0.04617336266098466 -0.7954854826666513 -0.0005663356013358704 0.6042106807324485
1403636623.9635556 0.021239583096073923 0.009619106788805652 0.002596443607524212 -0.046531529802811646 -0.7954448132040873 -0.0005050868577996707 0.6042368002432416
1403636624.0135555 0.017073588516964944 0.011269017779232815 0.0019484006088404447 -0.04609354993345603 -0.7954271526268526 -0.0006532219585656888 0.6042934740831997
1403636624.0635557 0.012453104549284142 0.013108212043028325 0.0014339088648215568 -0.04638340366966401 -0.7955390432602513 -0.0006810696070409007 0.6041239497460529
1403636624.1135554 0.007883527369250205 0.014474551590128027 0.0009121590522890161 -0.04656102197034968 -0.7958259174634809 -0.0012982670118338317 0.603731310128315
1403636624.1635556 0.0036481612466185815 0.016147808233375173 0.00029161382355856133 -0.047074210923762065 -0.7958045488463615 -0.0012482019832447898 0.6037197865675379
1403636624.2135556 -0.000861106204216526 0.017263300435045686 -2.443038987934816e-05 -0.04670297339413187 -0.7959872863273946 -0.0013877305301346085 0.6035073706967243
1403636624.2635558 -0.005882975640771003 0.019146748864311006 -1.3019058273950508e-05 -0.046781054626101264 -0.7960756743749972 -0.0013708031563585369 0.60338476488487
1403636624.3135555 -0.011601357836048964 0.020527932573829795 -0.0002776437341591858 -0.046803166350275316 -0.7977593608929989 -0.0025658149239917343 0.601151297362784
1403636624.3635557 -0.01674606473526322 0.023308696978375974 -0.0006306177931583633 -0.04756366852563589 -0.8007620413853374 -0.0036487323412636836 0.5970800090985062
1403636624.4135556 -0.018837056128613784 0.023731553993302835 -0.00046438399467792517 -0.048655714271441594 -0.8024048657407652 -0.006690240124683638 0.5947556587299987
1403636624.4635556 -0.018086951606191157 0.028801070312587555 -5.9283663661218464e-05 -0.04997571081439721 -0.804797024284289 -0.006465535605522413 0.5914071143307994
1403636624.5135555 -0.009231194133164967 0.03875227630529217 0.00042666540378115045 -0.05005299777261707 -0.8064528162917994 -0.005665048732175018 0.58914892831258
1403636624.5635557 -0.00988317572949098 0.04351395544822807 0.0007088688470021653 -0.05117879521228494 -0.8085193908285516 -0.00683169707335934 0.5862000115062646
1403636624.6135554 -0.011791963697397084 0.041332637882258286 0.0008500982307308496 -0.050045523947042383 -0.8091184681596816 -0.009254675674661768 0.5854375295400469
1403636624.6635556 -0.013956809264166375 0.045011476216273306 0.0012205966000670507 -0.04928144533568679 -0.8081694892047473 -0.012364056983515075 0.5867542466476678
1403636624.7135556 -0.0033948701551210635 0.051631915054081164 -0.0017894272954612723 -0.04721819678513043 -0.8083223700431593 -0.01627301644497549 0.5866179139064476
1403636624.7635558 -0.0019721623290183854 0.058362993622654236 -0.002213381244797218 -0.04546491486215978 -0.8070416498501036 -0.019077359681762007 0.5884324695930467
1403636624.8135555 0.006995991845822022 0.06524345799226484 -0.0029131536233399486 -0.04118644350140242 -0.8095504265052869 -0.02448770422443361 0.5850915622008497
1403636624.8635557 0.010593287579650714 0.0704177697438218 -0.0009681727910208046 -0.03688557761230998 -0.8122264069146833 -0.02978232425144705 0.5814127030232924
1403636624.9135556 0.016099187347443727 0.07668260788987949 0.003135158120317513 -0.032164638254782024 -0.816650719206762 -0.03621300438863938 0.5750962155832413
1403636624.9635556 0.022224603176284923 0.08337210691241817 0.010427101942650749 -0.027633662147732295 -0.8206724397452291 -0.04196658292618985 0.5691853241927604
1403636625.0135555 0.030049280769685802 0.08808988082755427 0.019246612825653507 -0.024738442388637316 -0.8241881243234722 -0.04549863839902908 0.5639430991653104
1403636625.0635557 0.03494398522139062 0.09432128489209914 0.033195971386419755 -0.023425030990790675 -0.8277461175482758 -0.047320326338323004 0.5586129424942383
1403636625.1135554 0.039859255831157195 0.09714205862540476 0.04609241245892168 -0.023072723380843003 -0.8306204237475809 -0.04693282325554139 0.5543777333104609
1403636625.1635556 0.04237578028595177 0.09973382248264845 0.05947766588759487 -0.025708884592501854 -0.8317654712702591 -0.042770476055926904 0.5528796798884209
1403636625.2135556 0.045386140215434294 0.10064127368870618 0.0734854771060478 -0.02768587877446688 -0.830852304285739 -0.03919609009475665 0.5544200637610864
1403636625.2635558 0.04524562761605431 0.10222935832593567 0.08800483600128092 -0.02924821781373138 -0.8284165209925195 -0.036350032559948266 0.558166000965897
1403636625.3135555 0.0461724764683643 0.0994586388465148 0.09558489697227737 -0.030137355823998194 -0.8261881695222362 -0.03410920292445122 0.5615526783849342
1403636625.3635557 0.04373522557591184 0.10038581296661367 0.10123007363672758 -0.030223005633447226 -0.8249316625858039 -0.032341179924983934 0.5634965572875865
1403636625.4135556 0.0445737795363666 0.10113974338959941 0.10239410302043228 -0.02996306253465714 -0.8256189715947765 -0.031655427685115256 0.5625419651229591
1403636625.4635556 0.040742452468674493 0.10229682704069266 0.0994480724961859 -0.029392448811323302 -0.8274360214447414 -0.03127203460086282 0.5599176494990079
1403636625.5135555 0.04196604353394221 0.10393775345099658 0.09469210513176836 -0.02927712102679283 -0.8282134981200328 -0.03067786810107661 0.558805977173593
1403636625.5635557 0.03568893550128514 0.10471574157118685 0.09029429975056136 -0.02856441243874505 -0.8289369113420221 -0.030498654040420015 0.5577790812306437
1403636625.6135554 0.039515867857007364 0.10513037987859299 0.08708703611785343 -0.027345435689374333 -0.8288118332005425 -0.030913184567566972 0.5580031785873677
1403636625.6635556 0.0319173715954328 0.10509047020216991 0.08926167575895354 -0.02649130473637834 -0.8279584829981367 -0.031043740630753026 0.559302465015522
1403636625.7135556 0.031661016964131455 0.105125680636225 0.09423039620526989 -0.025994628436509612 -0.8259569957714561 -0.030129700513403825 0.5623268814271744
1403636625.7635558 0.022143310016605373 0.10420436621102507 0.10501216411905576 -0.025238065808359682 -0.8229963489260423 -0.030337278953681875 0.5666742443365002
1403636625.8135555 0.017644805528744797 0.10057774356212398 0.11836227606264757 -0.024991105868753995 -0.8198783405391596 -0.029667185828222253 0.5712222067000234
1403636625.8635557 0.007363223779725796 0.09853007644377074 0.1372849983622607 -0.02511393081636732 -0.8163988685670186 -0.028498627942993338 0.5762378034169656
1403636625.9135556 0.0023036156336848747 0.09480437921879892 0.15656195380228985 -0.025335420364967613 -0.8141254816731774 -0.027374133083344836 0.579489838912886
1403636625.9635556 -0.007649855233829181 0.091998583014909 0.18012394124687728 -0.025488763974089678 -0.8123972641663202 -0.026578825729233323 0.5819403527072226
1403636626.0135555 -0.00884141484426421 0.08839140811057368 0.20205973475974484 -0.025551850459931264 -0.8107784603755601 -0.02572522860718803 0.5842290678682613
1403636626.0635557 -0.01727449437201742 0.0850754944927967 0.22477233799554952 -0.027790081118027637 -0.8099341743467069 -0.021842292064243252 0.5854547453852876
1403636626.1135554 -0.022555144837514467 0.08359030673363643 0.25105873255028993 -0.03046525441172784 -0.8092804330964559 -0.017296068986218587 0.5863769221912349
1403636626.1635556 -0.02978552417258738 0.0805634429781924 0.2722295882496084 -0.03311863830717713 -0.8084732596215723 -0.01304601286422198 0.5874554841193457
1403636626.2135556 -0.033523186198680485 0.08158636039634616 0.29317800354838713 -0.03563700543968203 -0.8079331555373055 -0.00907942823775287 0.5881254832173998
1403636626.2635558 -0.039225103313263086 0.08016051907115664 0.30936594189180927 -0.03704432821666739 -0.8076312022760099 -0.006804783457277735 0.5884838602538579
1403636626.3135555 -0.044422811697261366 0.08233385905695588 0.3242190161537233 -0.03738771848791164 -0.8074795742543811 -0.005739556798416152 0.5886815379778695
1403636626.3635557 -0.04900542861177572 0.08256305954268571 0.3332650913980543 -0.03718564811941656 -0.8072973328250206 -0.005924056525897376 0.5889423991714513
1403636626.4135556 -0.053674387589710444 0.08656882942593953 0.33934142669980677 -0.035997609668042115 -0.8070306084785746 -0.007105986694901464 0.5893685383781366
1403636626.4635556 -0.05800396592735388 0.0866610012168652 0.3382438475297104 -0.03385516316151614 -0.8067299966861361 -0.009419290740373319 0.5898744081039984
1403636626.5135555 -0.061202970737756504 0.09124519978238534 0.34163524759488545 -0.0313424166829506 -0.804876556867676 -0.012133288056573415 0.592489801129305
1403636626.5635557 -0.06357748817457531 0.09449546322232502 0.3437964738270455 -0.028352003707120044 -0.8028523518071017 -0.015278479958824453 0.5953073434233322
1403636626.6135554 -0.06506945774299434 0.09983461402692032 0.3446988884541577 -0.025601668070957175 -0.8010035039926569 -0.017654351303930522 0.5978513737238611
1403636626.6635556 -0.06523733033307819 0.10359102144490989 0.34486779877522733 -0.022985890406483998 -0.7995421907051191 -0.019788085040282177 0.5998436177997719
1403636626.7135556 -0.065044813583792 0.10901577958466893 0.34390018023107444 -0.021726617183953245 -0.8000403056794313 -0.019945465324925804 0.5992208622929248
1403636626.7635558 -0.06289258506612251 0.11263449228270672 0.34132679111768416 -0.020620764691900093 -0.8015020935624888 -0.01949343470412175 0.5973183272610217
1403636626.8135555 -0.06112883576702655 0.11837798540029634 0.33788161471706246 -0.020063656870344376 -0.8032826607280467 -0.018837265130805483 0.5949618257409889
1403636626.8635557 -0.05725205455753702 0.1219728749395892 0.3333662919315183 -0.019381923591929202 -0.8056420688537814 -0.01843777498277563 0.5917983156317362
1403636626.9135556 -0.05386201192645628 0.1272892808918651 0.32837496191506144 -0.01896333207378175 -0.8081140854083447 -0.01812015476648629 0.588441736276866
1403636626.9635556 -0.048973137001093334 0.13085164990348197 0.32256283105607486 -0.018552959820579883 -0.8109771469515018 -0.01848605498174898 0.5844913349019899
1403636627.0135555 -0.04727113070738629 0.12480847430000543 0.3159928861505855 -0.020563831787528842 -0.8131366838786874 -0.019940102745737185 0.5813675725868063
1403636627.0635557 -0.0416976999734712 0.12826346888915927 0.3102308352591841 -0.020804623885258035 -0.815512972471787 -0.02011713065818851 0.5780147579511311
1403636627.1135554 -0.035918024564849924 0.13417291985100396 0.3049345187263486 -0.020649943479634583 -0.8182717833112533 -0.019594878463890117 0.574126213657672
1403636627.1635556 -0.030962626603771654 0.13758276699597777 0.3049877808829634 -0.020643764804591458 -0.8173267649708144 -0.019193581908832105 0.575484492102563
1403636627.2135556 -0.027856005854173943 0.1417224540093556 0.3028254842515978 -0.020301965837531973 -0.8157431376756143 -0.01952466965522155 0.5777280941698524
1403636627.2635558 -0.023776164514389644 0.14508159267488918 0.30853796678697015 -0.01999653678010834 -0.8133150299229172 -0.01967844763171054 0.5811467622873695
1403636627.3135555 -0.020517729220500554 0.14887597744121137 0.3126160054010371 -0.020321115607914136 -0.8114282652076322 -0.018470695970793854 0.5838065228078021
1403636627.3635557 -0.01615541019490358 0.1522080749515631 0.32245796543783045 -0.02078793317428236 -0.8106153562141936 -0.017751142022985642 0.584940597890895
1403636627.4135556 -0.012981172584464134 0.15500980625584437 0.3328806228358922 -0.021169274059923065 -0.8103061375439037 -0.01676908200780104 0.5853841671783343
1403636627.4635556 -0.007695048105376718 0.158510633380529 0.3468086738518802 -0.022597283155491067 -0.8096286674383465 -0.016049045720717633 0.5862876527673531
1403636627.5135555 -0.004219416031408751 0.16190624113227733 0.3592267035781307 -0.02526389179676853 -0.8102993517136987 -0.016156410819005956 0.5852483804104787
1403636627.5635557 0.0008715203725956356 0.1664525259181795 0.368862711064812 -0.028942570023545174 -0.8107361147456369 -0.017497444065925866 0.5844340162402779
1403636627.6135554 0.0065527680889788 0.1704836213650919 0.3751664978229544 -0.032595035609996124 -0.8114124939535503 -0.019930134266986834 0.5832239004514157
1403636627.6635556 0.012682018925763207 0.17530075042743762 0.375859615620635 -0.03569588432520918 -0.8131344790099941 -0.02202916851833117 0.5805625191327614
1403636627.7135556 0.019301668057941968 0.18044195503093044 0.3725212508052386 -0.039674132563140445 -0.8156896359525337 -0.025003487079424534 0.5765858189713431
1403636627.7635558 0.023836776247043927 0.1852997563178974 0.3665560371766997 -0.04404247108788129 -0.8190087804036913 -0.02859842045509174 0.5713729156248178
1403636627.8135555 0.02752468166345595 0.191578774375798 0.3623793573590553 -0.04903068656830904 -0.8220040477495584 -0.03251768536755012 0.5664344069672316
1403636627.8635557 0.03135575528582624 0.1983375192370046 0.35534062542167777 -0.05439562190966733 -0.8247350149486734 -0.036830625802465405 0.5616909972909222
1403636627.9135556 0.0342193473010339 0.20430290862487335 0.35006570298125395 -0.05835482434397483 -0.8272853037035162 -0.04059362117502521 0.5572664521320689
1403636627.9635556 0.036070072312914994 0.21091138086169312 0.34605970347710036 -0.06164797848207108 -0.8284151762826655 -0.04429138173214838 0.5549469307581507
1403636628.0135555 0.03541159408856948 0.21781336688045488 0.34606013740577257 -0.0644565430975495 -0.8287330383000338 -0.047457998471186744 0.5538904617909732
1403636628.0635557 0.032830307812269956 0.224438610333428 0.3479252744812533 -0.06679695983702535 -0.8271828056975362 -0.04975038152100295 0.5557262560410454
1403636628.1135554 0.030055090261509626 0.2312678758538766 0.3532538318451368 -0.06905745583015668 -0.823215984107439 -0.051682712925207965 0.5611376020986094
1403636628.1635556 0.026156481001801377 0.23813596107219562 0.3632100462599487 -0.07122296690818074 -0.8178271387747192 -0.052590823341142304 0.5686125793267794
1403636628.2135556 0.019825888093190566 0.24372402106553162 0.3718690227275945 -0.07341124349358973 -0.81274530871323 -0.0524845579985186 0.5755877202173978
1403636628.2635558 0.01488713578385941 0.2499518469410653 0.3818678136326494 -0.07649266701598563 -0.809010178051977 -0.05078239291798392 0.5805794969430231
1403636628.3135555 0.01053153981873723 0.25837565332136664 0.3994087122828617 -0.07941556886491821 -0.8063433578860589 -0.04781677750054407 0.5841379224158968
1403636628.3635557 0.0055143493774980215 0.26619134796130506 0.41327972638536714 -0.08138747110784951 -0.8052349094385868 -0.04600831871354379 0.5855391146432943
1403636628.4135556 0.0017821814335859552 0.2738137969548416 0.4248456693268509 -0.08283217009596414 -0.8047793519259432 -0.04443141173049899 0.5860843590836452
1403636628.4635556 -0.0014958412073590285 0.28208385193996627 0.4349122309080474 -0.08361886650128791 -0.8047519576223909 -0.043085247131296626 0.5861107688377724
1403636628.5135555 -0.003806187146053989 0.2908391628467121 0.4443428127735061 -0.08394310892583981 -0.8048651405128366 -0.04175293218171949 0.5860054203719837
1403636628.5635557 -0.005867265620612167 0.3004108504716139 0.45132904938491913 -0.08443001907982364 -0.8051528723507634 -0.040354134031938604 0.5856380860992806
1403636628.6135554 -0.007264081729129552 0.3103583269937512 0.45693795686476607 -0.08432276355378264 -0.805531831363365 -0.03872632549655804 0.5852421822806102
1403636628.6635556 -0.008048952093329988 0.3215463166183496 0.4610215278302348 -0.0838535016121232 -0.8055412510010953 -0.0383267117699849 0.5853229419456208
1403636628.7135556 -0.008410448357103778 0.3334477170872015 0.46380572433789535 -0.08314539637440209 -0.8058001675180024 -0.0405585797478531 0.5849170323204308
1403636628.7635558 -0.007878138313977583 0.34686921388282793 0.4643689711928447 -0.0833327641242381 -0.8073369037569291 -0.04444478264088804 0.5824838500349975
1403636628.8135555 -0.007248503674451428 0.3602953818318404 0.4643448764882782 -0.08416531118139015 -0.8094651159418809 -0.04930268373731822 0.5790092156807483
1403636628.8635557 -0.0063367033447834275 0.37483601961657714 0.4628387251969739 -0.0859430118072566 -0.8117649778892274 -0.05367632888174376 0.5751263088329197
1403636628.9135556 -0.006363302420345161 0.38900939464375167 0.4633759659620547 -0.0882097803319505 -0.8141324626813977 -0.057177001750053434 0.5710850710121795
1403636628.9635556 -0.00422910326209766 0.40326838473087157 0.46568416030515947 -0.08996582509208768 -0.8159667152776656 -0.06002680776397361 0.5678919371008396
1403636629.0135555 -0.005178202323729769 0.41501207160652415 0.4753994883382492 -0.09213998298480512 -0.8176556523344644 -0.062106986980104126 0.5648824478679741
1403636629.0635557 -0.0014950113953986577 0.428542879446199 0.48310979397088866 -0.09442791465336771 -0.8182030234614613 -0.0639402915948213 0.5635058299995742
1403636629.1135554 -0.0002626676511075215 0.4444704265727423 0.49186017139971355 -0.09615835428770804 -0.8184289615345566 -0.066386328820181 0.5626015118784574
1403636629.1635556 0.0006508634409244595 0.4588805306246379 0.49877673596952693 -0.1001168327222789 -0.8182641614171471 -0.0690192759617735 0.5618333574038347
1403636629.2135556 9.842039358720417e-05 0.47620702029802126 0.5067708511077338 -0.10457454399521836 -0.8170930335565334 -0.07216806148686987 0.5623298944239062
1403636629.2635558 -0.0033400311779399144 0.48926093300654533 0.5162436415040156 -0.10889361741409682 -0.8157003119989216 -0.0753827575057686 0.5631097770081434
1403636629.3135555 -0.005517169367041367 0.5066532328669495 0.5209922399362367 -0.11369378388522873 -0.8137555368468972 -0.07708262808686833 0.5647423467423872
1403636629.3635557 -0.0070737762128999055 0.5220721267989289 0.5242914467154206 -0.11804676464671349 -0.8118097694156352 -0.0778550280036646 0.5665407789844658
1403636629.4135556 -0.015999339648552588 0.5391528341685242 0.5266844757183644 -0.12297645727476925 -0.8095311597894358 -0.07736176070846687 0.5688156557850738
1403636629.4635556 -0.01756107004260646 0.5557122968139996 0.5279157622593416 -0.12953164547960458 -0.8064778857743788 -0.07780499423743385 0.5716304360755706
1403636629.5135555 -0.02217270086759818 0.5765856586060226 0.525549895984339 -0.13648388934123726 -0.8042612297144869 -0.07853883100459103 0.573033746260081
1403636629.5635557 -0.024213531319645865 0.5945008533216517 0.5227421611870239 -0.14374863851254746 -0.8035340482517793 -0.08109508081975746 0.5719204053823689
1403636629.6135554 -0.026194326959214333 0.6144444635347595 0.5179567133442 -0.1505110905803684 -0.8041422066556045 -0.0863232900266653 0.5685508004447233
1403636629.6635556 -0.025251133945449193 0.6352218271972196 0.514348593354443 -0.15793170414689714 -0.8057815248607405 -0.09196062555849305 0.5633089333263299
1403636629.7135556 -0.02739305847988509 0.6561047460954004 0.5064028388866986 -0.16543297112392 -0.8071506514876029 -0.09840749439702069 0.5580821829397091
1403636629.7635558 -0.02915871747077356 0.6774086137523057 0.49744557826846064 -0.17359280504551985 -0.8081325442590694 -0.1055726498885796 0.5528487537666111
1403636629.8135555 -0.03268699413363832 0.7002111561725326 0.48640452563635184 -0.18230352077750048 -0.8079946640074084 -0.11272196423753228 0.548820378654178
1403636629.8635557 -0.03503666921897747 0.7242951318994317 0.47531331745202093 -0.19142767650141093 -0.807304705215001 -0.11940548537146244 0.5453043990930178
1403636629.9135556 -0.03959393819013431 0.748021873343309 0.46371984067559724 -0.1998966244882965 -0.8061466311566804 -0.12562168350674163 0.5425754705346089
1403636629.9635556 -0.04261067066647358 0.7721514546358419 0.45472486433688186 -0.20694592727447847 -0.8047392351750028 -0.13161137278094623 0.540598365803276
1403636630.0135555 -0.04634380520890016 0.797011639886783 0.4471589016977143 -0.21282570488631494 -0.8031961720039295 -0.13598988433908984 0.5395256064130028
1403636630.0635557 -0.04581727872061685 0.8173491334219388 0.4449382968613587 -0.21717151326396555 -0.8008579906702494 -0.13984846428067155 0.5402827219563733
1403636630.1135554 -0.05221074281517805 0.8460575569953664 0.44184696440147364 -0.22057569212719594 -0.7971816952186614 -0.14378386961214043 0.543299095977776
1403636630.1635556 -0.05747434404341157 0.8714861889530027 0.4410407592897975 -0.2231586767867186 -0.7922784142835133 -0.14761016081845993 0.5483669935894674
1403636630.2135556 -0.0647710060834842 0.9012476441670699 0.4420276537344683 -0.2248751263286975 -0.7878098815634005 -0.15135774609862282 0.5530620225306185
1403636630.2635558 -0.07061326487743257 0.9275298079000774 0.4445667336943609 -0.22638832775906512 -0.7836304920250575 -0.1540849989038975 0.5576104286469242
1403636630.3135555 -0.07899871391841867 0.9598338156837789 0.4487521773678658 -0.22727379630171232 -0.781552433896589 -0.15581170363917338 0.5596830599490968
1403636630.3635557 -0.084219135550873 0.9862604353306338 0.4529477321968315 -0.2281479918681254 -0.7816977234978993 -0.15666368819680165 0.5588860811339992
1403636630.4135556 -0.0901067106052515 1.0149384719906664 0.4635627204332353 -0.22861195161641892 -0.7823971410118666 -0.15709760504684675 0.5575945048179138
1403636630.4635556 -0.09493131472324394 1.0414413767390347 0.47066772410880164 -0.22793289623644059 -0.7843385167105517 -0.15784378924084339 0.5549279450664312
1403636630.5135555 -0.1092999037272299 1.0760366430314396 0.492283664745042 -0.22695707126013673 -0.7857645120796837 -0.15794439378829006 0.5532794843766102
1403636630.5635557 -0.11573391660075817 1.1029552764769588 0.5087816561389414 -0.22475779233943818 -0.7874276224375928 -0.15946717105656782 0.5513727374110885
1403636630.6135554 -0.1294028560895379 1.1260680926281978 0.5250641206685075 -0.22195743604485527 -0.7885285771009293 -0.16086782386384132 0.5505262236486924
1403636630.6635556 -0.1368261027659698 1.152323220425116 0.5351337283776016 -0.21972103572549845 -0.7900009469124494 -0.1613790483645837 0.5491611540213756
1403636630.7135556 -0.143176134798315 1.1802258846473992 0.5458240042893396 -0.21801655542190995 -0.7909359418364321 -0.16101350406951329 0.5486016487220381
1403636630.7635558 -0.1514696415026767 1.2060861224495154 0.5532509097766849 -0.2176498319712931 -0.7910273114913551 -0.15933404816125277 0.5491056403044631
1403636630.8135555 -0.16528356712157743 1.2337032500460994 0.5596257987773287 -0.21729667579888895 -0.7917762548847056 -0.15665469379148717 0.5489369943815027
1403636630.8635557 -0.1747385421221804 1.2591939880961365 0.563900914820418 -0.21745036792060107 -0.791840583374546 -0.15449471266189907 0.5493953146612839
1403636630.9135556 -0.18388331621944354 1.2858291645333704 0.5678587685072947 -0.217556359633869 -0.7917642871792487 -0.15198309932123386 0.5501633225244182
1403636630.9635556 -0.1936016841042345 1.311409119614821 0.5692908676818176 -0.21782947220993967 -0.7916131384162909 -0.15007289689988165 0.5507967735376877
1403636631.0135555 -0.21868003456333857 1.3443189814781975 0.5721968844749986 -0.2177100976275323 -0.7919331096931458 -0.14841227335567547 0.5508339679796032
1403636631.0635557 -0.2297149494646617 1.3710599645312191 0.5718431929897673 -0.21704920392548946 -0.7914383711760967 -0.14756481411697894 0.5520322212879061
1403636631.1135554 -0.25862072228833516 1.3947344214393647 0.5751519478781857 -0.21648431927437223 -0.7906334727432277 -0.14731459765740737 0.5534723666122201
1403636631.1635556 -0.2707669542538883 1.4213667596957282 0.5736371137159559 -0.21593066296702185 -0.7899535140125321 -0.14714932883288837 0.5547021448614607
1403636631.2135556 -0.2925550092943354 1.4479983598784087 0.5674601302118824 -0.2149028174751223 -0.789206063095018 -0.14668065949640158 0.5562871139483798
1403636631.2635558 -0.31025430041087465 1.474652531591476 0.5631182372071442 -0.21409239852898884 -0.7886058698334268 -0.14694888398550116 0.5573789128158554
1403636631.3135555 -0.3232001490827938 1.4975432870552485 0.5613001168853701 -0.21387581796860355 -0.7886548064897649 -0.14631943340269035 0.5575583862678133
1403636631.3635557 -0.3361632484553456 1.5243118756886112 0.5572063742736619 -0.21327920176065898 -0.7887375024025219 -0.14652768491150384 0.5576152544135096
1403636631.4135556 -0.34962824899060124 1.54538948123419 0.5537469808975292 -0.21286070737899737 -0.7889707897555889 -0.14623166729656586 0.5575228350894892
1403636631.4635556 -0.3623021690584945 1.5685982299257184 0.5466951245877522 -0.2119305757335786 -0.7892259076332772 -0.14661354648264796 0.5574157925439899
1403636631.5135555 -0.37473384876787186 1.5918635975288529 0.5385840160120569 -0.21077715726301435 -0.7896507271677187 -0.1472444983590172 0.5570850713873217
1403636631.5635557 -0.3772893576042549 1.6114742520241014 0.5410097905759758 -0.20917642190737717 -0.7896631670910762 -0.14774520552673498 0.5575380357442717
1403636631.6135554 -0.38964681291691605 1.6345191851832561 0.5322751058329523 -0.2079383179411201 -0.7902627588756626 -0.14807810562331566 0.5570631045950311
1403636631.6635556 -0.40254629081652044 1.6597528991198596 0.5244249927793294 -0.20681938127061553 -0.7909422627216905 -0.148028966913033 0.5565280815252653
1403636631.7135556 -0.415329948921628 1.6829301751216394 0.5176499941384737 -0.2060789947279188 -0.7913823325867688 -0.14815893217506265 0.556142411993727
1403636631.7635558 -0.42833207492270997 1.7057372281604724 0.5092450238619147 -0.20517408637760148 -0.7918657127909458 -0.1482871803247521 0.5557546215161315
1403636631.8135555 -0.44132657116130924 1.7305262387086944 0.5068927256855668 -0.20446532461804987 -0.7918935007057033 -0.1481061113826699 0.5560244548039288
1403636631.8635557 -0.45515745399311863 1.7523656583413176 0.5043120882295943 -0.20365559396610775 -0.7923445918601345 -0.14874058656580058 0.5555093920937524
1403636631.9135556 -0.4692191570908452 1.7728317309002637 0.5042883519042575 -0.20278229555285066 -0.7930855447220017 -0.1492106583769301 0.5546447861379797
1403636631.9635556 -0.489497909536132 1.7954766757943554 0.5072299429382754 -0.2024155693689109 -0.7933695462467325 -0.14956856192319665 0.5542760554539051
1403636632.0135555 -0.5038851061292134 1.8109541986001125 0.5074996551555557 -0.2023816665077079 -0.7930924257190696 -0.14980431542885717 0.5546212513125481
1403636632.0635557 -0.5351296990051498 1.8309683797972347 0.507083893612764 -0.20177408652973225 -0.7925326776185875 -0.14998340659608864 0.5555935120730231
1403636632.1135554 -0.5505607576447707 1.846830538857157 0.5086846521212325 -0.20040615934844977 -0.7918959457830248 -0.1518512885437406 0.5564884262185678
1403636632.1635556 -0.5667073289044073 1.868581233841189 0.5105712513114038 -0.19873376891270794 -0.7912689506520572 -0.15510839987151046 0.5570814313159633
1403636632.2135556 -0.5844853839025005 1.8839289493530937 0.5133774416608683 -0.1984428955710452 -0.7914260907488765 -0.15603531926552217 0.5567029182796128
1403636632.2635558 -0.5955202279899128 1.8979596108657846 0.5073618092735775 -0.19926359735270274 -0.7906710414091745 -0.1560398998955845 0.557480827192799
1403636632.3135555 -0.6149883415862042 1.911805099766858 0.5073443082992838 -0.20006584480612138 -0.7904282780632174 -0.15570034386133802 0.5576326729142506
1403636632.3635557 -0.6317049947990585 1.929935831802448 0.5035906487715255 -0.2008185690395344 -0.7901036604625885 -0.15516610173281395 0.5579709570627978
1403636632.4135556 -0.6473021721669804 1.941716646764981 0.4994899268282936 -0.20158186076504503 -0.7905263381262031 -0.1552261409352743 0.5570796238506849
1403636632.4635556 -0.6637704938503145 1.958136812600404 0.4918498204566762 -0.2040168780603079 -0.7917748924414382 -0.15224958009900844 0.5552384159309857
1403636632.5135555 -0.6800446114131941 1.970418541011896 0.48292042106747074 -0.2058067327603106 -0.7936373818930301 -0.14745170566611737 0.5532099866313474
1403636632.5635557 -0.6969523791063922 1.9857559093471828 0.47264378590062395 -0.20757482320936674 -0.7965638502912242 -0.14051524565348783 0.5501401557037625
1403636632.6135554 -0.7180400336504608 1.9995581075998872 0.4613870186036574 -0.20787575530561944 -0.7996448158152407 -0.13313587899140647 0.5473853091023851
1403636632.6635556 -0.7369710187266214 2.0151990755101767 0.45014537424494816 -0.2057644486152676 -0.8024746889807947 -0.1259083729642486 0.5457494359582314
1403636632.7135556 -0.7551071614573176 2.0252546716845305 0.4394878049553231 -0.20141155414551376 -0.8047952173875167 -0.1191473690418228 0.5454740583907547
1403636632.7635558 -0.7839087530232428 2.040412760761486 0.42461975158370857 -0.19468652361086938 -0.8071553192850185 -0.11207120457105818 0.545928102574145
1403636632.8135555 -0.8146153694394347 2.032779016395433 0.41661043263856695 -0.18445530022886525 -0.8088472114938383 -0.10763269237534237 0.5478664382932726
1403636632.8635557 -0.8393111781525087 2.041933531922828 0.41166652330104675 -0.1717701744879345 -0.8098008523891936 -0.1048861192394444 0.5511047891435976
1403636632.9135556 -0.8617392611360958 2.0574990573434633 0.4092805440008132 -0.15828023295393218 -0.8097493802976425 -0.10249297551974486 0.5556514185465039
1403636632.9635556 -0.8837025581129789 2.075593407953165 0.4074171605048392 -0.14652172043355552 -0.8103686967285618 -0.10045440238563247 0.5583393894800803
1403636633.0135555 -0.9044513657867459 2.091366931337889 0.40885997842972405 -0.1360670189393103 -0.8106998324906163 -0.09867349721113035 0.560816448496994
1403636633.0635557 -0.926593896966925 2.1093969819598875 0.4089093850999161 -0.1276109375787601 -0.8117317330000915 -0.0963239251788666 0.5617194528312814
1403636633.1135554 -0.9476650894279851 2.123497907249331 0.4109733455579061 -0.12078587849884871 -0.8123417599627892 -0.09344647417059716 0.5628315849709427
1403636633.1635556 -0.9704016402320338 2.1411376068022023 0.4092694924897366 -0.11520886252444759 -0.8131529382364695 -0.09114264014755698 0.5632070988367885
1403636633.2135556 -0.9927466829837517 2.1553217517458054 0.40800259064128647 -0.11132019459906152 -0.8136418728920637 -0.08854584008850833 0.5636970384471983
1403636633.2635558 -1.015745933364914 2.171998250494483 0.4028513201393749 -0.1091025132823625 -0.8147891928516707 -0.08547486347632909 0.5629469429007479
1403636633.3135555 -1.0407147121468416 2.185406765832054 0.3985992797752096 -0.10786980663950421 -0.8158510524146395 -0.0824511711760514 0.5620969395586305
1403636633.3635557 -1.0631085052718006 2.2011034537982543 0.39124204593209794 -0.10809232548335339 -0.8167803241207052 -0.07887468844389406 0.5612171904207452
1403636633.4135556 -1.0845749332557222 2.213884679380965 0.38405983706758345 -0.1089344037902582 -0.8177830715112496 -0.07618485891355942 0.5599642943017068
1403636633.4635556 -1.1077377909056527 2.227924076175586 0.374910748911001 -0.10991521496497382 -0.8187832986289604 -0.07358624428349161 0.5586569788857314
1403636633.5135555 -1.1335738897593552 2.243961791309758 0.36543626016880776 -0.11097115446083912 -0.8195450268183253 -0.07272930758784997 0.5574421940549271
1403636633.5635557 -1.1581141679627258 2.2584222590481113 0.35577848559155567 -0.11239872412172035 -0.8204574418405866 -0.07195104779457491 0.5559129065469455
1403636633.6135554 -1.1845994595923093 2.275261226786711 0.34550220789930725 -0.11358936720444773 -0.8213310685293197 -0.07194494638704516 0.5543795236261386
1403636633.6635556 -1.2121643058300238 2.2934228153463874 0.3357589002468144 -0.11479456954411067 -0.8220269384323919 -0.07288192995325447 0.552975716990303
1403636633.7135556 -1.2400417820578118 2.3049858917775903 0.32944351300534047 -0.11596845107613944 -0.8216416070481033 -0.07376608709833224 0.5531861823261792
1403636633.7635558 -1.2691604159683458 2.3237059226564725 0.3232560685164871 -0.11746783906710287 -0.8210655724278942 -0.07402472042972154 0.5536903225846204
1403636633.8135555 -1.298191579643282 2.3398894146882228 0.3199333717298879 -0.1190732833051942 -0.8207490026686299 -0.07447632123947893 0.5537561786526669
1403636633.8635557 -1.329304834080394 2.3594676537095665 0.3177843596218911 -0.12108866441255656 -0.8198025259305198 -0.07415823421834908 0.5547629314638273
1403636633.9135556 -1.3689707071825519 2.367105426319441 0.32326336588170157 -0.12447313316521473 -0.8187331002509457 -0.0721080890465779 0.5558623689075924
1403636633.9635556 -1.3805869311689007 2.383573843731047 0.3315699622747162 -0.12751741107033313 -0.8168006804992501 -0.06953234989843547 0.5583378999561853
1403636634.0135555 -1.410929321518874 2.402713541313541 0.33036022243912133 -0.1306817870592479 -0.8152802669293313 -0.0677556113405561 0.5600442250559391
1403636634.0635557 -1.4739206383339647 2.3999024494114978 0.3286927816523402 -0.13305686028665736 -0.8149814760870226 -0.06772039963514503 0.5599241136430284
1403636634.1135554 -1.5075363658404886 2.420528997771903 0.3270816805636023 -0.13287004296067492 -0.8152027002106789 -0.06733500667762954 0.5596928676770593
1403636634.1635556 -1.5203243325687767 2.4646229743705885 0.311336666104578 -0.1324777936684281 -0.8156395474981688 -0.0679991101626449 0.5590687647855282
1403636634.2135556 -1.5725349255364833 2.4759588916447863 0.3177682351534397 -0.13052342850900153 -0.8169343348061425 -0.0705598446530594 0.5573178945159013
1403636634.2635558 -1.6043292864891303 2.500945931760236 0.32261895883310765 -0.12747389437260176 -0.8171592170277139 -0.07364417337569162 0.5572950349751447
1403636634.3135555 -1.6384116583612607 2.523493350012243 0.3282371588199713 -0.12446892603050423 -0.8158148271017905 -0.07640700286332532 0.559567354522342
1403636634.3635557 -1.6734978979384327 2.5493574513766086 0.336305006337867 -0.12146642383987924 -0.8135266435015425 -0.07878136490003024 0.5632173689945593
1403636634.4135556 -1.706051228949265 2.576691454856798 0.3399333827322993 -0.1186989750798718 -0.8112390837713008 -0.08104872747216062 0.5667740343841026
1403636634.4635556 -1.7397558904641104 2.6030307804467907 0.34303973428879536 -0.11654209973919391 -0.8098479839916348 -0.08268115608451855 0.5689710082610469
1403636634.5135555 -1.7686817176972827 2.6294773810262813 0.34293805875701006 -0.11466967668712201 -0.8080597613615683 -0.08324530619191552 0.5718046050127357
1403636634.5635557 -1.8076324273195314 2.6571244468771096 0.34445417632389014 -0.1130286755245979 -0.8068095378341779 -0.0837464047246753 0.573820030902239
1403636634.6135554 -1.8416517804289492 2.6859839728987316 0.3434734416335112 -0.11032011871477591 -0.8063005370390487 -0.08392733153573827 0.5750348845057923
1403636634.6635556 -1.8752574176500372 2.7092798687131707 0.34039184198677835 -0.10664225361670464 -0.8064429153117527 -0.08265364922676409 0.5757131476321614
1403636634.7135556 -1.9128581344802338 2.727630214147198 0.33262730827874326 -0.10271234922808185 -0.8071643019220492 -0.08150667431746092 0.5755802507560931
1403636634.7635558 -1.9484383637543996 2.747351678629965 0.32974031792835934 -0.09900242921867469 -0.808676377356096 -0.07982503878459322 0.5743422315118929
1403636634.8135555 -1.98279796331291 2.7662542019221896 0.32796293868763776 -0.09632226614013621 -0.8103658086599663 -0.07747174817828505 0.5727367680136384
1403636634.8635557 -2.0169553598809395 2.7872382444350086 0.3273758348822439 -0.09387920972292885 -0.8118597461393356 -0.07494942199550392 0.5713606835641667
1403636634.9135556 -2.0430577683067894 2.8086111025237943 0.3276202674930505 -0.09114392422545507 -0.8129644877086433 -0.0724929127299476 0.5705491253216817
1403636634.9635556 -2.0714250199403583 2.829539425267083 0.3330544414733971 -0.08836247960145589 -0.8148937511559438 -0.0706152892377966 0.5684661181209832
1403636635.0135555 -2.1021512092468972 2.848072420552992 0.33846771869232395 -0.08535688489584045 -0.815350539662946 -0.06975794398602306 0.5683762212857464
1403636635.0635557 -2.1347708969546235 2.8675886301536324 0.3431982874657423 -0.0829053283741367 -0.8164872118255417 -0.06884401167481419 0.5672176315216654
1403636635.1135554 -2.1557448835374444 2.88943658197078 0.34428407686966184 -0.08129692695714653 -0.8174088387099198 -0.06775601233477645 0.5662532320956009
1403636635.1635556 -2.1557625994678267 2.9112965826285153 0.34693551680189766 -0.08051665714677507 -0.81719701000775 -0.06671453951468273 0.5667938646224445
1403636635.2135556 -2.1855715575101673 2.9295323579682293 0.34745327620953115 -0.0796518893823358 -0.8181369147229397 -0.06536863750043102 0.5657159238670862
1403636635.2635558 -2.2265255973035556 2.9468029688116024 0.3351351869635809 -0.08002930162075242 -0.8189869649778965 -0.06304019378317277 0.5646960209229109
1403636635.3135555 -2.256709222444125 2.9658304615992375 0.33191692089161845 -0.08063989846295887 -0.8196754046048546 -0.06038285845418747 0.5639001225985443
1403636635.3635557 -2.2853664543543135 2.983815634966141 0.32902473514671815 -0.08277296138218095 -0.8204882412917849 -0.05663974441292783 0.5627962527582926
1403636635.4135556 -2.3241450923831106 3.0003316652735363 0.3293634278286719 -0.08322216378829878 -0.8210961111550488 -0.054942686936651323 0.5620111643487437
1403636635.4635556 -2.358007147563293 3.0162270537989375 0.33042674884877954 -0.08426056332829547 -0.8206787494124291 -0.05390118346352628 0.5625666272999859
1403636635.5135555 -2.3925463540678527 3.0309624517354004 0.33127157374781546 -0.08606590586360818 -0.8206719259586371 -0.051371550055183464 0.5625399662567504
1403636635.5635557 -2.408925350968366 3.058717003276746 0.3293059787656944 -0.0866639730748093 -0.8205580276549215 -0.05029405027204738 0.5627116379898205
1403636635.6135554 -2.4373674208994487 3.077699587972162 0.3295967203306833 -0.08747053669127589 -0.8200978734919047 -0.04950781497361012 0.5633270447631064
1403636635.6635556 -2.461903392201395 3.098658454349271 0.33672892117286385 -0.08834287331443468 -0.8191375229783808 -0.04999349151669834 0.5645439805625089
1403636635.7135556 -2.485837143508973 3.126880935379631 0.3419684092336232 -0.08879484751939856 -0.818157282633985 -0.04993851422292299 0.5658977652581668
1403636635.7635558 -2.505601222825773 3.1527549669975055 0.35059585556459766 -0.09021451584955294 -0.816280203201893 -0.04825889808140439 0.5685235700889418
1403636635.8135555 -2.5437897981646134 3.1716681235624518 0.3624955646264266 -0.09274701071340592 -0.8136607738514116 -0.04559271792971552 0.5720799255095662
1403636635.8635557 -2.5845890362543553 3.187286403425064 0.3750720594822562 -0.0953646094727295 -0.8122118332441519 -0.04379341058402372 0.5738463787353782
1403636635.9135556 -2.618404239660081 3.2107338878896314 0.38928409057174446 -0.09810823176371787 -0.8126970670778576 -0.040781373326489116 0.5729180845573394
1403636635.9635556 -2.650946157290471 3.234724928388817 0.40489629558399315 -0.09905659599874189 -0.8146586728207528 -0.04031450580605158 0.5699945422621919
1403636636.0135555 -2.6847052713522523 3.2595759360472445 0.418791987601569 -0.0983078768663391 -0.8178198933073966 -0.04211092513204562 0.5654492492180307
1403636636.0635557 -2.714041419873364 3.284138923760441 0.4340358873186513 -0.0960748277447256 -0.8204135285333144 -0.045817314609679825 0.561775794561581
1403636636.1135554 -2.7468641721486664 3.31037823212567 0.4471573441252136 -0.09356647224921937 -0.8222400015132814 -0.04963140903869416 0.5591989077413412
1403636636.1635556 -2.7834553463919676 3.3406041870603693 0.45774238922854416 -0.09076100421290398 -0.8214199316868401 -0.053601553482832485 0.5604985364887936
1403636636.2135556 -2.8230407344711845 3.3646727237296896 0.4734235315420672 -0.08761334106670358 -0.8189348619278795 -0.0578728825350349 0.5641988336157571
1403636636.2635558 -2.848580393240729 3.3967046288141516 0.4884107748179043 -0.08524344995410194 -0.815501441916506 -0.06121806584489623 0.5691601715565068
1403636636.3135555 -2.8901556107686868 3.4135671070857265 0.5166978496442275 -0.08439203222348547 -0.8129020122451829 -0.06435640868513309 0.5726487195882612
1403636636.3635557 -2.9250722139345164 3.4417743898539603 0.5361041005143559 -0.08293481024246893 -0.8089540674042336 -0.06640129073794497 0.5781920119376672
1403636636.4135556 -2.9696081685169333 3.4696561220974558 0.5530908744792591 -0.08119655765692285 -0.8040007799892545 -0.06745711771350817 0.5851832209412046
1403636636.4635556 -3.0029706915474894 3.4961429884314006 0.5696798220131462 -0.08017415632264868 -0.800093901080394 -0.06856998343456473 0.5905251997025123
1403636636.5135555 -3.0421415712783677 3.5226853249883563 0.5822134720988265 -0.07810367747206298 -0.79870777955313 -0.07155111112175547 0.5923226628653431
1403636636.5635557 -3.075363479870077 3.546686206841858 0.5944879372539175 -0.07575121914654609 -0.7982968425304979 -0.07481687672027446 0.5927784906366567
1403636636.6135554 -3.1040480306908615 3.5746018853896766 0.6043080553462565 -0.07311803927415676 -0.7980631632706304 -0.07845480113726058 0.5929534416306993
1403636636.6635556 -3.1321391052353804 3.59764098437631 0.6121294039826265 -0.07034686131897994 -0.7986552850735681 -0.08235137634236252 0.5919622500980484
1403636636.7135556 -3.1594472790956076 3.6202166165290226 0.6181122660921825 -0.06814308649006001 -0.7989009682410055 -0.08574992191305253 0.591405709812729
1403636636.7635558 -3.1861605975516656 3.639786524716744 0.6214837477423844 -0.06557010366103541 -0.7995992691126717 -0.08904305108574304 0.5902651144983111
1403636636.8135555 -3.212578146993714 3.6576737952669447 0.6221689899553124 -0.06227162095202998 -0.800103685822759 -0.09342547087375142 0.58926056931451
1403636636.8635557 -3.236403503920071 3.673453008645284 0.6210576265565824 -0.05974520504705899 -0.8013248001582444 -0.0966534230076399 0.5873390766381384
1403636636.9135556 -3.260606353914051 3.6904341632426645 0.6182941770215418 -0.061352681293516065 -0.8030903428128614 -0.09345755527105205 0.5852755207093284
1403636636.9635556 -3.2863275040561217 3.7026079734224244 0.6145053425229264 -0.06433042559222125 -0.8041019139093368 -0.08780443977709336 0.5844416897740066
1403636637.0135555 -3.307651420272542 3.7156072433465894 0.6087222146176781 -0.06833298690155613 -0.8054374362788393 -0.08072654008462493 0.5831675272746657
1403636637.0635557 -3.32898706485971 3.7248042543061555 0.6017438774442145 -0.07157893104968324 -0.8060241375848886 -0.0747886899008007 0.5827591253024214
1403636637.1135554 -3.3498763377703 3.735191715551395 0.5938936837980862 -0.07410487520737634 -0.8074081429849178 -0.06992718445907324 0.581128855750403
1403636637.1635556 -3.3699283815541645 3.743194896977846 0.5848202677940321 -0.07572262892082772 -0.8093878704219851 -0.06689765512435647 0.5785171237067621
1403636637.2135556 -3.3932819191125545 3.755005806529435 0.5789343248804822 -0.0764136830090395 -0.8119355404561474 -0.06526468866583399 0.5750323013592624
1403636637.2635558 -3.4129096112401496 3.762435818249245 0.5706617132579594 -0.07660566143471975 -0.8137092239905906 -0.06385831378287125 0.5726525885644701
1403636637.3135555 -3.4335119798228595 3.7741132573447516 0.5634505916134077 -0.0766319071706132 -0.8151875896303564 -0.06298866060240024 0.5706392670957369
1403636637.3635557 -3.456552400732001 3.781946405887863 0.5597915760583919 -0.07609052236660893 -0.8162982782065074 -0.06336526461104985 0.5690801320058886
1403636637.4135556 -3.4791046532595535 3.7859737221296625 0.5594129913922448 -0.07544029652315698 -0.8169415084165558 -0.06169175742937257 0.5684271813978078
1403636637.4635556 -3.50322512070512 3.7937718980038757 0.5627182185577556 -0.07452061540797703 -0.8179959095775683 -0.06185518968013007 0.5670126147655079
1403636637.5135555 -3.5226042189740534 3.797798944289992 0.5634747777605679 -0.07462327934612195 -0.8180730955483909 -0.06090885917589463 0.5669902004385922
1403636637.5635557 -3.5473435015767065 3.8059031106332366 0.5675838405180902 -0.07445505436925501 -0.8190666736644185 -0.05995377922972397 0.565678153482393
1403636637.6135554 -3.568448686728022 3.813094916666613 0.5730135837111516 -0.07477921128176841 -0.8191597304721933 -0.05832271207802305 0.565671164890579
1403636637.6635556 -3.5889386512997143 3.8211029194327857 0.5812662261329992 -0.07490991404262203 -0.8196070968759471 -0.057508531272137876 0.5650889136760964
1403636637.7135556 -3.614203017995179 3.8277591169444594 0.6000705699172253 -0.07415769800744906 -0.8191640647788949 -0.05728463718344994 0.565852755709394
1403636637.7635558 -3.6404498115506327 3.834411889192428 0.6112151248156737 -0.07341848921840809 -0.8185662260637175 -0.05724713713724403 0.5668172759172742
1403636637.8135555 -3.6630724931837455 3.839455234057645 0.6234553393534645 -0.07274873554527227 -0.8172431321718111 -0.05760130061681191 0.5687735705549471
1403636637.8635557 -3.6830520511275218 3.8573359823333435 0.640940316249243 -0.07218150771377385 -0.816165595024098 -0.05733780315234276 0.5704173277283833
1403636637.9135556 -3.716471681774126 3.8584623460812386 0.6491945560921555 -0.07138251506535127 -0.8149352389290265 -0.05687155840519078 0.5723204685656458
1403636637.9635556 -3.7250835336989523 3.8767914193194204 0.6675053135208968 -0.07078273532041371 -0.8133385884473752 -0.05618869751891402 0.5747286100361803
1403636638.0135555 -3.7469986531581347 3.881991562715692 0.6796163415273337 -0.07012605348493632 -0.8122450921985694 -0.05616596840297816 0.5763554726167879
1403636638.0635557 -3.7722715468179646 3.8883586291055248 0.6850320007135539 -0.06973039689232284 -0.8112133216565054 -0.05584290293777738 0.5778859651416881
1403636638.1135554 -3.796381626319725 3.8939853450381867 0.6856242806782514 -0.06965861747386705 -0.809896034863584 -0.055697907930738845 0.5797532516303922
1403636638.1635556 -3.8218353695150076 3.898762298658095 0.6837817873012085 -0.0693628890304665 -0.8089984443445937 -0.05525513782542564 0.5810827621064559
1403636638.2135556 -3.8429426952346075 3.904131245462023 0.6800763726048202 -0.06911187654721537 -0.8088705430943248 -0.05519235902381829 0.5812966510653581
1403636638.2635558 -3.8667186702405782 3.9102087804487757 0.6762709349167555 -0.06876912031850874 -0.8084339585113146 -0.0554743350967268 0.5819174692015361
1403636638.3135555 -3.8882432236494346 3.915072438853253 0.6686736049757315 -0.06988053408350055 -0.8095726672753387 -0.05322170256656877 0.5804104217989322
1403636638.3635557 -3.9073706136191464 3.9202351039681185 0.6622882335615471 -0.07297653159292976 -0.8126617352111553 -0.04892984129216664 0.5760739540991103
1403636638.4135556 -3.9282036707825245 3.9260607350042718 0.65221873334116 -0.07683645975826801 -0.818116179122408 -0.04361021438779942 0.5682255055090529
1403636638.4635556 -3.950096374818302 3.9308983575115586 0.641298960497773 -0.07983166193883735 -0.8234192052904743 -0.03900938554673779 0.5604337480471292
1403636638.5135555 -3.9477100862650385 3.931438186886967 0.6175850511632958 -0.08303144383631407 -0.8276282161560806 -0.034518284412720465 0.5540268975401498
1403636638.5635557 -3.968152933294199 3.9386354834329276 0.6084096548947959 -0.08410148438805688 -0.8300825025186435 -0.03312532469264323 0.5502660194852295
1403636638.6135554 -3.990775908193569 3.9456788227868818 0.6003858577793212 -0.08240048263254793 -0.831326634174211 -0.034575186076180986 0.5485533194524469
1403636638.6635556 -4.013648282077366 3.955106634921362 0.5975551891496259 -0.07891109569141048 -0.8306954613130355 -0.03894059733067558 0.5497287689490469
1403636638.7135556 -4.039526736133496 3.9675510649537644 0.5973023512389433 -0.07652749651382569 -0.8294329245372263 -0.042396834578325326 0.5517128550148969
1403636638.7635558 -4.064379615490677 3.9786605475548824 0.5998774577964157 -0.07413735057708913 -0.8270466822050068 -0.0450022484692479 0.5554027694707802
1403636638.8135555 -4.092144251698985 3.9924235321263732 0.6051651283816579 -0.07279956715987161 -0.8242084786169633 -0.04647274540534741 0.5596614072202369
1403636638.8635557 -4.120164802374547 4.004998933433527 0.6064019243319907 -0.07276354017696013 -0.8217251102882597 -0.046632926089814036 0.5632927130249114
1403636638.9135556 -4.151269475495812 4.020477217184451 0.61188571387327 -0.07339126695019574 -0.8198411753318313 -0.04500790577396302 0.5660816704185084
1403636638.9635556 -4.175458615930688 4.03371186791096 0.6187284537371049 -0.07470042063031228 -0.8181439706001234 -0.042766729355637634 0.5685343414328993
1403636639.0135555 -4.204723575883554 4.048851891084522 0.6287500113425947 -0.07780847604395558 -0.8176761122387826 -0.03810745497814233 0.5691216376178964
1403636639.0635557 -4.229531260501434 4.063791353388868 0.644930205770146 -0.08092825336514872 -0.8167927419224902 -0.032734242353846275 0.5702882638872437
1403636639.1135554 -4.2596743783545525 4.081611514329276 0.6528518165095576 -0.08382557713727548 -0.816268986724957 -0.028374655373133884 0.5708529520472596
1403636639.1635556 -4.28396272909274 4.099067426532265 0.6538064357017118 -0.08618325453289102 -0.8162419947718279 -0.024142678052422258 0.570735125697975
1403636639.2135556 -4.315193068579225 4.119180662354227 0.6542874290497641 -0.08805435547057194 -0.8161775579381146 -0.021380709019529962 0.5706518112497849
1403636639.2635558 -4.344320847984844 4.139181289805846 0.6597385071182288 -0.08868172422733367 -0.8168015382774806 -0.0200825948088701 0.5697082483529192
1403636639.3135555 -4.384653702743046 4.150131755672793 0.6492006527532677 -0.08606734931522524 -0.8174584212985364 -0.024573751373387215 0.5689905724820006
1403636639.3635557 -4.413855872291022 4.172183095635201 0.6402231021536934 -0.08223061850872998 -0.8181165082168588 -0.029863814637224435 0.5683587396513226
1403636639.4135556 -4.4457771714971 4.196121813763586 0.6299731745323578 -0.0783558039298211 -0.8189269419989519 -0.03526467531605444 0.567428792302268
1403636639.4635556 -4.475530346212061 4.219861103187757 0.6189387759756946 -0.0744961956163827 -0.8194680284806167 -0.04057447909906585 0.5668122958992831
1403636639.5135555 -4.507152228391333 4.246053609039112 0.6075510093948214 -0.07029272869883892 -0.819210397467562 -0.046401981363207716 0.5672742838333844
1403636639.5635557 -4.544585495096547 4.2721108948675415 0.5806516990267212 -0.06579355147433377 -0.8185145393038532 -0.05318176186217223 0.5682225424407505
1403636639.6135554 -4.596736775295616 4.298917818440892 0.5670388700781209 -0.062168129953758346 -0.8177016350016297 -0.05830163744930405 0.5692978823115751
1403636639.6635556 -4.627987661834205 4.3216127618464375 0.5537557243557317 -0.060584631748854735 -0.8158910064766866 -0.0596982440419178 0.5719156297957128
1403636639.7135556 -4.660480091780036 4.3464103020716545 0.5419763587703976 -0.061083581248354474 -0.8134407533326349 -0.05864246106886015 0.5754511262299331
1403636639.7635558 -4.6908363786867096 4.367625793092637 0.5310676955482051 -0.06244200751361784 -0.8110892876304607 -0.05614728460318396 0.5788632356787484
1403636639.8135555 -4.719905504038565 4.388848542772631 0.5217681618608535 -0.06366381153730145 -0.8098522258037989 -0.05450029641485587 0.5806169211725305
1403636639.8635557 -4.771310269039845 4.4039780027251885 0.5219561077884072 -0.06522646961165154 -0.8096102018067026 -0.052560578856953845 0.5809597355606777
1403636639.9135556 -4.803158164799834 4.4251186190094245 0.5180666227485777 -0.06613950010548003 -0.8091739634803756 -0.05040517514041872 0.5816548647353695
1403636639.9635556 -4.832159451844094 4.44428957385934 0.5151687566350667 -0.06649864182013406 -0.8088350247254074 -0.04987177639785976 0.5821311186772695
1403636640.0135555 -4.862476826102064 4.464923264524128 0.51413311873545 -0.06588161712416293 -0.8085442318088585 -0.04923261998932865 0.5826594089712399
1403636640.0635557 -4.891664270077833 4.48352660601317 0.5159281699219669 -0.06317603246584548 -0.8086528348056269 -0.04837786410916802 0.5828798880961092
1403636640.1135554 -4.922701754668832 4.505382885363287 0.5194409050414399 -0.05837011177483569 -0.8089176512761991 -0.048357348499625606 0.5830152059348682
1403636640.1635556 -4.962827537354315 4.515723763862392 0.5139406116652208 -0.05421803620761538 -0.8092224370119988 -0.046250309320832725 0.5831640942941178
1403636640.2135556 -4.989599984218581 4.53894477151788 0.5156187381065448 -0.05030663260404476 -0.8091296697497413 -0.043742263482549816 0.583836479360565
1403636640.2635558 -5.013811474545278 4.556704727636183 0.5234627998159137 -0.04681771053667909 -0.810180172214608 -0.0421006821187757 0.5827896044847967
1403636640.3135555 -5.040137200428356 4.575445079365613 0.5297336881432853 -0.04461677160725642 -0.8106737949738589 -0.03981442837335229 0.5824363940614726
1403636640.3635557 -5.064196724125316 4.5920457417398 0.5362886010424521 -0.0416480490459437 -0.810783655860622 -0.038340194666256086 0.5826022080913399
1403636640.4135556 -5.085638709791533 4.612920516011304 0.5356758578981204 -0.0396113599678887 -0.8109117454823046 -0.03728967514823478 0.5826341573643581
1403636640.4635556 -5.109411350982003 4.628882451912111 0.5391754415286844 -0.037288936436229464 -0.8108511632603874 -0.03658463899353519 0.5829163665985406
1403636640.5135555 -5.13705980405663 4.653947840644804 0.5394223457288218 -0.036155408092806866 -0.8118662370263983 -0.03490217719247604 0.5816767467154448
1403636640.5635557 -5.158253566084847 4.677611901808664 0.5316286316419936 -0.03449868463032087 -0.811829547860682 -0.03440317856450496 0.5818582707874463
1403636640.6135554 -5.190716259991102 4.686425669537581 0.5143643429605272 -0.033655942088092736 -0.8119112838027245 -0.03423171065408429 0.5818036909316318
1403636640.6635556 -5.213052395738994 4.7015404773353895 0.5120238386484764 -0.032590556429465574 -0.8117256589421301 -0.03385091650624093 0.582145536526967
1403636640.7135556 -5.234464762728612 4.717958095209518 0.507895347310003 -0.03224712600891125 -0.8121673948413582 -0.03307485287126595 0.5815928986226625
1403636640.7635558 -5.256985689402547 4.732267156641609 0.503681709809793 -0.031876066967549244 -0.8130721226933174 -0.032321662708922685 0.5803903425914272
1403636640.8135555 -5.2962808310313285 4.735320475544284 0.49033749499983903 -0.031038392632076275 -0.8141365301632959 -0.03269808818195169 0.5789206884070834
1403636640.8635557 -5.318428585941478 4.748421943924908 0.48827369288430594 -0.030383023491033858 -0.815163263456617 -0.03273799218024672 0.5775066663358159
1403636640.9135556 -5.339417807641025 4.7616891630146 0.48786993301377507 -0.03016804073799163 -0.8155784330083652 -0.03247483385517126 0.57694635287497
1403636640.9635556 -5.361532728602871 4.774022480735971 0.4902839521960488 -0.029958849723813245 -0.8158182551645882 -0.03283764440625636 0.5765975467978349
1403636641.0135555 -5.379564564521906 4.786871264731475 0.4916618900598492 -0.02993535766819757 -0.8154170944629738 -0.033246849270116056 0.5771425157033998
1403636641.0635557 -5.392181787466604 4.807118707632672 0.5001547757658512 -0.03064495946004477 -0.8144725759979122 -0.03275333514696921 0.5784656674719493
1403636641.1135554 -5.41015534167006 4.819509397881232 0.4998494468841447 -0.03084686931854238 -0.8140984551086091 -0.033292896508461144 0.5789505670479111
1403636641.1635556 -5.430078001813349 4.830460171476668 0.49906462623251774 -0.030956614556123817 -0.8142747471153905 -0.033879374374784145 0.5786626929545085
1403636641.2135556 -5.445113814399061 4.84424174487776 0.4965705598586524 -0.031816786589648434 -0.8135676841577871 -0.03422303517219163 0.5795895955319135
1403636641.2635558 -5.464169050039528 4.854488190539689 0.4930919031286755 -0.03293906657379927 -0.8129903321287308 -0.03309896486479096 0.5804017542042256
1403636641.3135555 -5.481077809358415 4.866190685862806 0.4872721689335945 -0.03558076036868669 -0.812879550403061 -0.030450330426581844 0.5805459701048795
1403636641.3635557 -5.499003630655661 4.876073154982962 0.48092610677223335 -0.038488693732680386 -0.8130110927467056 -0.026956625582781477 0.5803489673142784
1403636641.4135556 -5.511937327383365 4.892630040896895 0.47164541605200844 -0.04101493632878723 -0.8127629463637077 -0.02374480705903042 0.5806637169256056
1403636641.4635556 -5.529121178702777 4.903492864857951 0.46369954940074315 -0.04163032080698102 -0.8126459037310881 -0.02363206688231019 0.5807883237062029
1403636641.5135555 -5.543199146442475 4.9147597798294225 0.45491203349748877 -0.040907353776428346 -0.8124307071725473 -0.025145350791789527 0.5810771427131538
1403636641.5635557 -5.558099617142903 4.926453183426467 0.44719201187194313 -0.039845872519520306 -0.8127284893544166 -0.026722206747793156 0.5806639585004175
1403636641.6135554 -5.571895312991768 4.93934697408378 0.44110706813332706 -0.03898172462495327 -0.812698873613517 -0.02893386124700659 0.5806580729189289
1403636641.6635556 -5.585747395765336 4.950521002160678 0.43688301869259233 -0.03817929222164355 -0.8129963223149412 -0.030378484430810086 0.5802210520409626
1403636641.7135556 -5.575473222239924 4.976731455111477 0.4298895234279922 -0.03765243301833928 -0.8123532344399107 -0.03145745431843896 0.5810980514083819
1403636641.7635558 -5.587056232539285 4.988169779231833 0.43011347126185234 -0.03760380859509573 -0.8128020349765325 -0.03236381305310565 0.5804234567294939
1403636641.8135555 -5.600446262527008 4.998903338469484 0.43419884219202787 -0.03730396494714312 -0.8123618139937864 -0.03268632261747484 0.5810407056977107
1403636641.8635557 -5.6134783878334735 5.009892157242688 0.43787708972788636 -0.03732871452378015 -0.8117911716728574 -0.033072536460656214 0.5818142899569159
1403636641.9135556 -5.627237108335371 5.015010634925475 0.43908582341203445 -0.03855605967510219 -0.8116155889935242 -0.033837498979861595 0.5819352108506692
1403636641.9635556 -5.6400131539183675 5.025695980796445 0.44430125480436816 -0.041420593574794974 -0.811220404726235 -0.034907930744488565 0.582226095048009
1403636642.0135555 -5.643636883047586 5.033121797546345 0.4611500634464462 -0.04465595520917493 -0.8100997303923612 -0.03751313934622407 0.5833841246202803
1403636642.0635557 -5.654628785957902 5.044336063076044 0.4696422157975412 -0.049065075969491 -0.8093837071284695 -0.040120675310261165 0.5838501214932927
1403636642.1135554 -5.666199328490949 5.054054195625542 0.4777966366442646 -0.0521312786011341 -0.8086864714381634 -0.043519256664942066 0.5843069356114425
1403636642.1635556 -5.677803188710984 5.064295692466958 0.4844361655460025 -0.05525922574177157 -0.8080953012388216 -0.046183702688081835 0.5846327631019125
1403636642.2135556 -5.688306751935536 5.073010485586724 0.4889780742635848 -0.058075970099890184 -0.8074164313080752 -0.04812757211424123 0.5851406881708685
1403636642.2635558 -5.69888160022988 5.082435041774439 0.492159811113297 -0.06106820481635425 -0.8070363685105805 -0.04964770455763488 0.585233354905477
1403636642.3135555 -5.707512549933707 5.090502234090626 0.4937975460966555 -0.06470990698507857 -0.806406485427462 -0.05157862323306942 0.5855432126016766
1403636642.3635557 -5.708019723770489 5.103071719811394 0.4800668375777746 -0.06900771857024936 -0.8055530145059433 -0.05444004799674029 0.5859680509824998
1403636642.4135556 -5.710564750516778 5.12395030080323 0.47081024789687453 -0.07331531648483586 -0.8043625493083579 -0.05653911964190423 0.5868808069693592
1403636642.4635556 -5.718047129283489 5.133310560040869 0.4660122936770365 -0.07676153570821548 -0.8042558271078144 -0.05884950623605102 0.5863590766881799
1403636642.5135555 -5.722347901875636 5.1421352950795125 0.4592484620920301 -0.07975638324009279 -0.8045772182270091 -0.060222152167474216 0.5853782637157487
1403636642.5635557 -5.719728151649898 5.154824490472796 0.4505246098970579 -0.0826471991127219 -0.8062441392052913 -0.0621878766407875 0.58247102629646
1403636642.6135554 -5.72178088780636 5.166478089532754 0.4431107324007708 -0.08496100738850132 -0.8082961732085964 -0.06240974977106218 0.5792615529563335
1403636642.6635556 -5.72683070729906 5.175155814057653 0.432395816782626 -0.08714784541092475 -0.8106624180876365 -0.06290414386542564 0.5755647362591784
1403636642.7135556 -5.731791706417752 5.181530942058957 0.4226319763098369 -0.08875172610849238 -0.8127375675231425 -0.06344107367696555 0.5723250891058705
1403636642.7635558 -5.734844243324144 5.190174832988247 0.4102638094972957 -0.09046627870093991 -0.814554917951401 -0.06369433885798109 0.5694375903087492
1403636642.8135555 -5.7439572481455325 5.198331366923881 0.40526393117451404 -0.09218326222507452 -0.8158927301922515 -0.0636196068906088 0.5672511301038207
1403636642.8635557 -5.749356386999192 5.206510127398981 0.39984451529646026 -0.09299529802422972 -0.8167334597208776 -0.06313983053411504 0.5659608574078898
1403636642.9135556 -5.75554692647225 5.215756644616715 0.3986412258402735 -0.09324279667836834 -0.8177597797593726 -0.06281796761820214 0.5644719890480107
1403636642.9635556 -5.761289280669256 5.224140903272948 0.3970393465398183 -0.09391005448255262 -0.8180315246818888 -0.06224345149180497 0.5640310975824789
1403636643.0135555 -5.767752097193952 5.232449704124969 0.3981058284931098 -0.09392809283617311 -0.8175422819301646 -0.06200002998914508 0.5647637797468282
1403636643.0635557 -5.775304584804707 5.241785085681315 0.40003082550998437 -0.09375322474631025 -0.8152910143576099 -0.06220297953525797 0.5680155667711438
1403636643.1135554 -5.7823651366094255 5.250888554630452 0.40094864223594706 -0.09368869237979748 -0.8128769421643435 -0.062021225761492306 0.5714952960197943
1403636643.1635556 -5.79018470958582 5.260714442875169 0.40086682741256136 -0.09373481245628518 -0.8109038876893911 -0.061651931229116566 0.5743236972646495
1403636643.2135556 -5.797547316723449 5.269794291034318 0.3991234131158207 -0.09377097878381795 -0.8094277609327036 -0.06147609401114376 0.5764151223159641
1403636643.2635558 -5.804933739125472 5.279984920667744 0.39565498987110104 -0.09354062632677002 -0.8088799196608821 -0.06128786222492458 0.577241045612402
1403636643.3135555 -5.808840378497811 5.286454699231521 0.39189333514861663 -0.09312144346027722 -0.8090468148120575 -0.06141299359244195 0.5770616019354896
1403636643.3635557 -5.815311565678022 5.296853018491838 0.3869736017746665 -0.09287416949891913 -0.8102426054524667 -0.061282120246060355 0.5754353227667135
1403636643.4135556 -5.822624455486021 5.30702868520545 0.3852737724128602 -0.09323567810803227 -0.8116982985906779 -0.06030461588687929 0.5734250898726618
1403636643.4635556 -5.83036650406084 5.318017633913465 0.384363014321143 -0.09358722779354182 -0.8137909974047927 -0.05902107002846224 0.570527963056613
1403636643.5135555 -5.839090429916524 5.329185043511776 0.3848703893255655 -0.09328841762669438 -0.8161174088854034 -0.05841580501136567 0.5673070066337601
1403636643.5635557 -5.850985325965754 5.347385488052735 0.39213794660737966 -0.09286417941729941 -0.8180224090418349 -0.05781602694890782 0.5646883118273194
1403636643.6135554 -5.860406632833412 5.3575944185381275 0.3956669931961053 -0.09234252585327048 -0.8201844748174466 -0.05812649512177637 0.5615973608844023
1403636643.6635556 -5.872256207076496 5.370989212743599 0.40116663170589784 -0.09126003833557657 -0.8221634531645239 -0.05754698449566619 0.558933990967655
1403636643.7135556 -5.876334809467698 5.370657367623304 0.4163484972452403 -0.09085987970738493 -0.8235168965051168 -0.05798314376631235 0.5569581299066524
1403636643.7635558 -5.888097144828059 5.384049660319708 0.42556914577068733 -0.0901428453417025 -0.8244949792920953 -0.058149052829244964 0.5556086610294074
1403636643.8135555 -5.900470996358364 5.397275130767572 0.43685543152655826 -0.08927541110212102 -0.8262953626031891 -0.05879768890681197 0.5529997346222052
1403636643.8635557 -5.914589340835805 5.410648160241374 0.444683174845716 -0.08919926215586241 -0.8279630915791607 -0.058452280666209805 0.5505487639605113
1403636643.9135556 -5.927349909374729 5.424229934866102 0.450745502343951 -0.08863816467406299 -0.8289669645033199 -0.05841675163527997 0.5491307045264793
1403636643.9635556 -5.940436106716265 5.440781728520975 0.4639929118220087 -0.08798558930607224 -0.8301799567896877 -0.05879197927339037 0.5473602822568083
1403636644.0135555 -5.958976475137185 5.456671761758729 0.4655062566834523 -0.08751423218057744 -0.8307598733797866 -0.05888346994137296 0.5465455414835149
1403636644.0635557 -5.9779444850791545 5.472217255769517 0.4675945993315021 -0.08736631021892717 -0.8310907247565745 -0.05880519683054928 0.5460744307217124
1403636644.1135554 -5.998249668352382 5.4870898597680595 0.46826675094972087 -0.08744117882689892 -0.8316825794160355 -0.05896343523118359 0.5451435046361555
1403636644.1635556 -6.017063908101376 5.504986540539818 0.4671134178315708 -0.08706912404607754 -0.8308877561350749 -0.059167339374781774 0.546391554010472
1403636644.2135556 -6.041311815599594 5.519838174775857 0.4686151383236068 -0.0884078359920988 -0.8276622968872415 -0.05757757163164308 0.5512204641443684
1403636644.2635558 -6.066700700932077 5.555343811123589 0.4571879833154704 -0.0914007630880034 -0.823222999608666 -0.052885396575629504 0.5578108355448823
1403636644.3135555 -6.094418770387244 5.572774872046964 0.4551948422616279 -0.09480897812465125 -0.8180205793369144 -0.048293384340999564 0.5652621856069545
1403636644.3635557 -6.1079356650491485 5.594860240237693 0.45563769841918283 -0.09781130166326533 -0.8130433605648151 -0.04398691302133025 0.5722399798959034
1403636644.4135556 -6.134594802294478 5.612101476935357 0.4494868003110287 -0.09955853534781008 -0.80940857260498 -0.04147412356797274 0.5772570984468155
1403636644.4635556 -6.159238006655646 5.633098523196959 0.4417846422675933 -0.1010531849736091 -0.8061716296674294 -0.039694829328233844 0.581635519763583
1403636644.5135555 -6.184702817533958 5.653531615753087 0.4321622929455129 -0.103638429734139 -0.8029273339330845 -0.03574886177347013 0.5859085177630143
1403636644.5635557 -6.2123107939721915 5.674477634144653 0.42210326745378324 -0.10560535999107246 -0.8011275420353242 -0.0325335980247165 0.5882038204000057
1403636644.6135554 -6.23793270049366 5.694723404277406 0.4154693136646072 -0.10653211049568856 -0.8001788983229523 -0.032496251374770406 0.5893289690474995
1403636644.6635556 -6.259640093918554 5.720554310095402 0.40095147774602813 -0.1039311633182109 -0.8001187758918462 -0.03638389306294219 0.5896477508498117
1403636644.7135556 -6.281724132049919 5.749847240169924 0.3862814713164824 -0.09944920450449674 -0.8004070576161786 -0.042162485877720604 0.5896445731338882
1403636644.7635558 -6.306933441203434 5.77293042365903 0.36720866039425387 -0.09387432524874444 -0.8016593442081585 -0.0503754559910086 0.5882110338446025
1403636644.8135555 -6.3253018660145255 5.7995258708126185 0.3494489523556519 -0.08935097162156198 -0.8021266942106245 -0.05808078677412549 0.58756769185577
1403636644.8635557 -6.343263307337257 5.827651088406689 0.3292595986725293 -0.08635245610627063 -0.8037557379659838 -0.06350310603033266 0.5852241643470234
1403636644.9135556 -6.360050463581337 5.85261312069375 0.3099241783010594 -0.08603986564859882 -0.8054209340297961 -0.06542904436059392 0.5827635032324876
1403636644.9635556 -6.376782429711586 5.879112723447219 0.29233586534845313 -0.08667764656212776 -0.807168583851991 -0.06550144748510732 0.5802373852193411
1403636645.0135555 -6.39260558119254 5.901303609637717 0.2771622388597955 -0.08732550455758312 -0.8115303693365452 -0.06549504528410845 0.5740236188010792
1403636645.0635557 -6.409726171479442 5.924271523319514 0.2623922555380541 -0.08986814749001734 -0.8179949818702674 -0.06317773133660887 0.5646383798192722
1403636645.1135554 -6.434787947428368 5.945989160200549 0.25151305165725935 -0.09161385368194744 -0.8244856250451793 -0.061248437583276555 0.5550486328250979
1403636645.1635556 -6.449304397830298 5.970925086189846 0.2412086462981397 -0.09223956007413558 -0.830367747327943 -0.061249800907813096 0.5461041380941923
1403636645.2135556 -6.468310525043386 5.988461364442716 0.23073493655630223 -0.09398061477724962 -0.8349306587328035 -0.059843414432110525 0.5389593722194689
1403636645.2635558 -6.488416254537116 6.01423472197799 0.22588288128995365 -0.09412601090073461 -0.8374254220834193 -0.0600829676366886 0.535022423380825
1403636645.3135555 -6.512283368232127 6.039767330955261 0.2226452337955623 -0.09399456098131236 -0.8369715190035458 -0.059771365455087995 0.535790148056552
1403636645.3635557 -6.536346489295571 6.066299490315652 0.22103834283839152 -0.09349943794682963 -0.8344719270727952 -0.0607861349304893 0.5396475737286838
1403636645.4135556 -6.565430655355722 6.098854716984695 0.21825828438888784 -0.09320717821168187 -0.8318034732499058 -0.06194690310708609 0.5436708425275816
1403636645.4635556 -6.59308055898303 6.126269098166231 0.2157266389005686 -0.09318396915639218 -0.8295441874899528 -0.062452932192846214 0.5470583334109906
1403636645.5135555 -6.630440388017116 6.156332338893364 0.21138993487319066 -0.09285976176958105 -0.8280279502967142 -0.06300330605882458 0.5493426631868101
1403636645.5635557 -6.665870825028042 6.182948388432353 0.20381413934539871 -0.09271914646337973 -0.8273891861022143 -0.06376054506759246 0.5502407541185051
1403636645.6135554 -6.701552371419572 6.212610286787519 0.19711411062843828 -0.09270757412751392 -0.8263168583267851 -0.06432634670824865 0.5517860785336229
1403636645.6635556 -6.7352679429870275 6.240941013485933 0.18973293890604903 -0.09196092218848016 -0.8256054241029577 -0.06509244818125008 0.5528850202996923
1403636645.7135556 -6.763925341439097 6.274256954837491 0.16852091077784212 -0.091957688974904 -0.824730304668118 -0.06553551785307044 0.5541378924962254
1403636645.7635558 -6.799973635995724 6.302741277865896 0.16319607113407086 -0.09206139320545884 -0.8242455348518767 -0.06466000441097972 0.5549442152031011
1403636645.8135555 -6.842350414137037 6.329866330648131 0.16015997751166264 -0.09224251480735438 -0.8239931145742092 -0.06362803203599895 0.5554080834265336
1403636645.8635557 -6.88139274723378 6.357983228248023 0.16119123040263833 -0.09285475925565745 -0.8244416243286904 -0.063167221303058 0.5546926211071272
1403636645.9135556 -6.9256262397094215 6.393278666368225 0.16371884311906898 -0.09344848187433984 -0.8245799185039655 -0.061741255640930005 0.5545478848460754
1403636645.9635556 -6.965714991617703 6.422426794153941 0.17101956659945855 -0.09533991573271439 -0.8216788523460485 -0.06195574991066153 0.5584940905044269
1403636646.0135555 -7.011770377260657 6.451294617206164 0.17955416023973383 -0.09886528637628281 -0.8188468830145307 -0.06254360947788647 0.5619641752288137
1403636646.0635557 -7.053989273931522 6.480434748366324 0.18797727909604187 -0.10508625218985647 -0.8161368210519505 -0.06267363865762735 0.5647562163812981
1403636646.1135554 -7.094116361249519 6.5120993640819576 0.19790891151275383 -0.11265329270010509 -0.81327696291332 -0.06500534989627389 0.567154407302962
1403636646.1635556 -7.137219943380465 6.541805834750982 0.20738121230324963 -0.12162970930601467 -0.8099909363405027 -0.06881354231672936 0.569548587263803
1403636646.2135556 -7.181092930874537 6.584688766544664 0.20783367943913972 -0.13157572116171098 -0.8066165738598549 -0.07186887167668916 0.5717450460295086
1403636646.2635558 -7.220370442130465 6.618080017360731 0.21489946069004634 -0.1433727268069028 -0.8027105993970566 -0.07719203576669 0.5737084141249504
1403636646.3135555 -7.262889744702424 6.6489226377015145 0.21900033882702497 -0.15566207983016483 -0.797941463725552 -0.08330519338880482 0.5762976506328348
1403636646.3635557 -7.300277993870965 6.683546685931841 0.22282347378434209 -0.1684009208122125 -0.7929755558464981 -0.08950345945418779 0.5786363525093018
1403636646.4135556 -7.335745303819487 6.717980992099308 0.22516644378689749 -0.17926149277210873 -0.7886476701433924 -0.09944871029558043 0.5796638022225122
1403636646.4635556 -7.399852840607754 6.739949992333441 0.21464469166627553 -0.18800548669368328 -0.784164307793541 -0.11076913602021408 0.5809220893210066
1403636646.5135555 -7.434167682188218 6.776266575030574 0.2159910180752803 -0.19390064637909848 -0.7799200722121843 -0.1214538706578512 0.5825600205957624
1403636646.5635557 -7.466051506151797 6.811207759195926 0.21756974077872518 -0.19958268755317216 -0.7767655878820533 -0.13023228641794038 0.582959281498851
1403636646.6135554 -7.499582132774774 6.847183869022127 0.21763932556168605 -0.20418132291000007 -0.7757973289066986 -0.13580499916448335 0.5813823991469715
1403636646.6635556 -7.529451602253368 6.881820869546672 0.22139305204180826 -0.20769452225207385 -0.7761528447540347 -0.1423327082002915 0.5780926804441248
1403636646.7135556 -7.559362720396718 6.915822491300488 0.22896893512046346 -0.2119032495396649 -0.7763300254227402 -0.14597415254767235 0.5754131135537728
1403636646.7635558 -7.585992986151274 6.949690632292593 0.23729644123616594 -0.21514046669366754 -0.7760315938353074 -0.14889453929469867 0.573864061541131
1403636646.8135555 -7.613090652651653 6.986796303985499 0.2532313846716748 -0.21732807841866927 -0.7753410659200516 -0.15149497733648554 0.573292255024106
1403636646.8635557 -7.638826175776015 7.01946774060866 0.2658918417817328 -0.21942926587933925 -0.7747065402048819 -0.15379658923651923 0.5727365738091544
1403636646.9135556 -7.666821205330893 7.05063793097877 0.28029012535998615 -0.22077418160296652 -0.774902507032428 -0.15419841249719454 0.5718458838845858
1403636646.9635556 -7.696157028983529 7.078767969747286 0.2909801383854463 -0.22207171984755641 -0.77563074553086 -0.15528000901025857 0.5700607131113007
1403636647.0135555 -7.72212081380597 7.108203637828605 0.3059994613720482 -0.22263614111427496 -0.7765430930104799 -0.15574945148248806 0.5684681888464527
1403636647.0635557 -7.74491741145671 7.138207814521479 0.3150608925290369 -0.22257982015285502 -0.7780395852442117 -0.15598037950400592 0.566376860988798
1403636647.1135554 -7.768994640754439 7.167323166189429 0.3226226470145178 -0.22278593573537706 -0.7804620310870553 -0.1555930647812634 0.5630597153605953
1403636647.1635556 -7.790857399012181 7.196924334798739 0.32851430096429 -0.22313066333621995 -0.7822803562491295 -0.15456734786286874 0.5606773459669228
1403636647.2135556 -7.80328571994568 7.227064527676317 0.34323563233098636 -0.2227642699217793 -0.7833633857491168 -0.1546722975331619 0.5592802216149881
1403636647.2635558 -7.826931348261836 7.255887659088129 0.34904424982661175 -0.22264600106823287 -0.7833419498203456 -0.1537402093091248 0.5596142384728701
1403636647.3135555 -7.8487240769724655 7.284588218665728 0.36023806266007574 -0.22264802936820333 -0.7827656863130991 -0.1521391450349379 0.5608559671584825
1403636647.3635557 -7.869416654598955 7.314214495299631 0.3626792106303078 -0.22238746420254732 -0.781930526545118 -0.15098240204794974 0.5624346910480067
1403636647.4135556 -7.888607565702247 7.343775047030389 0.36479958961425163 -0.22189274512796983 -0.7809311304372191 -0.15011092498512177 0.5642489604542769
1403636647.4635556 -7.908012175422679 7.3731388867598335 0.36461066913215273 -0.22162352076602926 -0.779882163162602 -0.14843578743753688 0.566245215107279
1403636647.5135555 -7.924761320687651 7.402454344677466 0.36476297494789517 -0.22094371279479882 -0.7780345996839498 -0.1470699647364107 0.5694000903964772
1403636647.5635557 -7.9421924727806115 7.431715869918127 0.3639969293856329 -0.22068835231845313 -0.7755681586536025 -0.14508875461257198 0.5733584705213658
1403636647.6135554 -7.959130114447636 7.460279892240717 0.3657525389856003 -0.22120098132600458 -0.7722482471235848 -0.14294476633425807 0.5781605005987592
1403636647.6635556 -7.974070802362392 7.4902325190741825 0.3668367836142032 -0.22200094578609397 -0.771633936020965 -0.14338070378623824 0.5785660054243043
1403636647.7135556 -7.991391037067253 7.519806958158429 0.37014510857069877 -0.22189171798977628 -0.7723296871763138 -0.14461292818748886 0.5773716487624961
1403636647.7635558 -8.005098870721016 7.550776543402939 0.37365329658302887 -0.22217056752596195 -0.7736545394101654 -0.14612164254085752 0.5751063885546733
1403636647.8135555 -8.015039614273704 7.577094191854807 0.37890436463562516 -0.22231205504011886 -0.774148337253203 -0.14868461858027227 0.5737286695900593
1403636647.8635557 -8.02711477874018 7.60769591936426 0.38303227719183397 -0.22452830311023425 -0.774707176550505 -0.1508553083578102 0.5715404689467349
1403636647.9135556 -8.033687271213836 7.633622817158545 0.3848327758041649 -0.22753584233626775 -0.7737628896212606 -0.15437948274685553 0.570688537123443
1403636647.9635556 -8.041802655405704 7.65676199833097 0.3880286668898382 -0.23222099390493695 -0.7721599751772076 -0.15812365089750777 0.5699467464166987
1403636648.0135555 -8.03637363614579 7.6868428121547625 0.3942269643020463 -0.23835593799146057 -0.7704488925821666 -0.16330915958327238 0.5682649638499012
1403636648.0635557 -8.032726529083812 7.724249564759138 0.38975951724007213 -0.24621411500208196 -0.7683963838051637 -0.16862423733077705 0.566137327433462
1403636648.1135554 -8.03561890039359 7.753649979823723 0.3827465099168609 -0.25548466977909184 -0.7655033013859378 -0.17503608328973277 0.5639988019683095
1403636648.1635556 -8.033873418769756 7.783823514706644 0.3752531015656503 -0.2655940540234427 -0.7620724215183868 -0.18215305496314413 0.5617167323447722
1403636648.2135556 -8.034449023231536 7.812988912085793 0.3658086743598701 -0.2754528011063231 -0.7583353438757723 -0.18950665674654182 0.5595895707036033
1403636648.2635558 -8.0309731539748 7.84002440644317 0.35755677385369605 -0.2863247966361665 -0.754183343299499 -0.19701117659019535 0.5571464725001811
1403636648.3135555 -8.02492933867682 7.862878717470327 0.34753577349149944 -0.2972558865319291 -0.749803288898822 -0.20454170801006055 0.554613969859175
1403636648.3635557 -8.022412390501623 7.890981832107438 0.33496700490432924 -0.3075490597113641 -0.7451552034354927 -0.2126710658549926 0.5522031477742289
1403636648.4135556 -8.020125591836509 7.916240338186145 0.32116574815911225 -0.3206115708185488 -0.7397746217591016 -0.22188553069080189 0.5483689824639082
1403636648.4635556 -8.012363100747038 7.941454800750465 0.3068900349928095 -0.3318279746279352 -0.7351106453668232 -0.22964814721814183 0.5447607390423521
1403636648.5135555 -8.006417627008377 7.966977324383108 0.2938821437018959 -0.34257224522565427 -0.7302071106163319 -0.2370417632489005 0.5415284248146671
1403636648.5635557 -7.994834289452 7.976856158139717 0.28193328664699585 -0.3516553886908327 -0.7252577513795601 -0.24383681422468045 0.53933597107677
1403636648.6135554 -7.978669994819368 8.00000391653459 0.27302793182073676 -0.3594240544848273 -0.7213345402470351 -0.24975955978877978 0.5367597157000527
1403636648.6635556 -7.965055200913001 8.020526773041636 0.26349035213716976 -0.36598817239246384 -0.7190012471179582 -0.2547652848145237 0.5330895928125213
1403636648.7135556 -7.966011671624021 8.042591985352786 0.26601992587127743 -0.37081145264392 -0.7183668627647337 -0.2598102825848842 0.5281538924715247
1403636648.7635558 -7.9531011368915525 8.08456579300759 0.2752767800014511 -0.37627003446911617 -0.7185009072398665 -0.26194096204675554 0.5230336890278857
1403636648.8135555 -7.944112021113969 8.107529534887604 0.2697598292211471 -0.3813781262876863 -0.7208711868485739 -0.2619910589921924 0.5160001373730164
1403636648.8635557 -7.936519516689503 8.129691399749403 0.2684988347694802 -0.3856484350507729 -0.7232030867021839 -0.2613452500739914 0.5098541361910152
1403636648.9135556 -7.927773719198669 8.151879002154809 0.26822467727116467 -0.3883743856022149 -0.7260649051869426 -0.26132142742961056 0.5036925665821654
1403636648.9635556 -7.918079019194799 8.174095526797819 0.2706218218252825 -0.3903197941803212 -0.727976849520459 -0.26091698934657503 0.4996223468817403
1403636649.0135555 -7.913885787805775 8.203403293646742 0.27496236752768016 -0.3909455029671549 -0.7282696281864062 -0.2619604591609764 0.49815828830519576
1403636649.0635557 -7.905673571411702 8.227768524306015 0.28245976707155207 -0.38981665634784035 -0.726486412956487 -0.2640628666326968 0.5005309867422087
1403636649.1135554 -7.898701779228441 8.253624196988865 0.2920061115388492 -0.38732239074912056 -0.7231141667117248 -0.2672307784299601 0.50564313362777
1403636649.1635556 -7.893189416354934 8.271947750998162 0.3003597739370113 -0.38474469224351593 -0.719257715964361 -0.26994924466741055 0.5116319625665187
1403636649.2135556 -7.890312367551801 8.293431409571037 0.311887078599992 -0.38170056236796723 -0.7162474184076154 -0.27280311577080796 0.5165973057790211
1403636649.2635558 -7.886560955385895 8.319355616334352 0.32698177704456083 -0.37925939572223455 -0.7139718948513607 -0.27450107783700056 0.5206300052677412
1403636649.3135555 -7.880375960032663 8.344464215287967 0.3435805184267998 -0.3777765758126663 -0.7137774238569897 -0.2746609639919255 0.5218888797611637
1403636649.3635557 -7.876991585013193 8.369283476973475 0.3610853281754555 -0.37681291575787207 -0.7153480158771471 -0.27356337139007225 0.5210108679599467
1403636649.4135556 -7.921010776027092 8.400972390060785 0.3846416925618328 -0.37716682112564504 -0.7173014468042624 -0.2725116175041911 0.5186147334773061
1403636649.4635556 -7.914846098475052 8.422320943429659 0.40393556792160246 -0.37642159322728447 -0.7200619301471677 -0.27049091354903976 0.5163838364941086
1403636649.5135555 -7.899552110026189 8.463674414024952 0.42277005346822544 -0.3750976040877417 -0.720919324868577 -0.2684386301105135 0.5172212450229224
1403636649.5635557 -7.891680450559858 8.483978075977205 0.44861263359178133 -0.3735995271641485 -0.7199629517091488 -0.2674714611000965 0.5201305210867307
1403636649.6135554 -7.883917047856342 8.504003578799773 0.4773292490806122 -0.3733264197982883 -0.7181767056309158 -0.2666909546101984 0.5231878615744235
1403636649.6635556 -7.874349886014609 8.522524960458204 0.5066585015317386 -0.37484700846929125 -0.7149125897855546 -0.26693749172285586 0.5264352616613412
1403636649.7135556 -7.866164485266278 8.542102472834502 0.5288754004359454 -0.3775625063305663 -0.7121238179213201 -0.26809438608686276 0.5276851541508933
1403636649.7635558 -7.856223501853905 8.561562420820705 0.5495499470896537 -0.38012683785378926 -0.7095641028405024 -0.27127591957142405 0.5276663212335143
1403636649.8135555 -7.84442809364164 8.578935179661606 0.57134491605272 -0.3823197689695168 -0.7076432264274207 -0.2741796650468745 0.5271604780531912
1403636649.8635557 -7.833168240264439 8.596988766208396 0.5886844896478401 -0.3843073294099062 -0.7056193889778137 -0.27737489651739944 0.5267564154733805
1403636649.9135556 -7.822608125758885 8.615570757798993 0.6029141808004511 -0.3858995208458638 -0.7041395183516911 -0.2800066681447195 0.526179973298941
1403636649.9635556 -7.802819440924392 8.623538918257966 0.6304281066201831 -0.387344140555797 -0.7030108490514917 -0.2825668897869138 0.5252582371454463
1403636650.0135555 -7.790643797068469 8.639738995593332 0.6412113186483381 -0.38881686807813315 -0.702187945558585 -0.2846731215925875 0.5241323745513696
1403636650.0635557 -7.777451364717525 8.652629466506244 0.6494456319210401 -0.39050965285979666 -0.700577885129971 -0.28653103822493237 0.5240160322202753
1403636650.1135554 -7.764269968668068 8.66522325493308 0.6550140392598525 -0.39374132802931905 -0.6985705527736046 -0.28874205010884735 0.5230630725813369
1403636650.1635556 -7.775597154960662 8.702687162177723 0.5995073088887781 -0.39835645390822855 -0.6955561177274512 -0.29219993878795353 0.5216637024883883
1403636650.2135556 -7.763882248210774 8.715104881125551 0.5997130643680458 -0.404373659382168 -0.6925817629988766 -0.29704846562454046 0.5182418877602897
1403636650.2635558 -7.746278651882234 8.725649621690668 0.5976557428486035 -0.4120348633475822 -0.6884004558900502 -0.3024381023650285 0.5146486937264595
1403636650.3135555 -7.731407451957987 8.736517474589135 0.5938566059531021 -0.42131586464425874 -0.6834897541724816 -0.30749932322387313 0.5106651195814742
1403636650.3635557 -7.72002932364987 8.755188621093566 0.5800571132956609 -0.4315238435557032 -0.6785058146578379 -0.3131677029677528 0.5053147749040375
1403636650.4135556 -7.707521242262054 8.76768431918676 0.5729920330747015 -0.4414786467406897 -0.6735930853004694 -0.31939337097492826 0.4993564202898324
1403636650.4635556 -7.689241341093304 8.774324668796975 0.567593992196708 -0.45188218485907267 -0.6687144481963823 -0.32547451578323877 0.49263558271410435
1403636650.5135555 -7.679872509348061 8.786587953812795 0.5579764162806787 -0.4622447504342539 -0.664272213138387 -0.33053510055590324 0.48561174290651443
1403636650.5635557 -7.660179538485792 8.792490559503594 0.5492280298133837 -0.4715785980886033 -0.6601625454346728 -0.3343306064381901 0.4796061770126331
1403636650.6135554 -7.638940294285667 8.806870281917478 0.523594948752149 -0.4778695031425874 -0.6573072996041325 -0.3367843473563734 0.4755671931800189
1403636650.6635556 -7.627334385830971 8.81525075306829 0.5129885802468976 -0.4836926053457991 -0.6542221400098738 -0.3397873534101263 0.4717832230137442
1403636650.7135556 -7.607805377986912 8.819916848461139 0.5029359725598925 -0.4887623105928522 -0.6516362734017268 -0.343105946306094 0.467717735969512
1403636650.7635558 -7.5900579140320215 8.825112949744176 0.49839740105542113 -0.4929211040341724 -0.6486902454650059 -0.3455891276805168 0.46561561986825856
1403636650.8135555 -7.576199399587423 8.829302672156933 0.49284797175446515 -0.4957315257211043 -0.6459181496562365 -0.34836053894429053 0.46441892000362484
1403636650.8635557 -7.557279090516014 8.832915447993152 0.4899238410225982 -0.4970920040957734 -0.6430705411089856 -0.3516879944158684 0.4644086274021922
1403636650.9135556 -7.540269330901324 8.837962239862085 0.4893120135633891 -0.4970221294614948 -0.6398861999459772 -0.35550274474820553 0.4659747336720635
1403636650.9635556 -7.520403572980587 8.839746433001988 0.4902242505244817 -0.4968389765949931 -0.6371570953238295 -0.3580933302234352 0.4679220384466096
1403636651.0135555 -7.503870540023807 8.843085152538976 0.4925842517157661 -0.4959077203627681 -0.6354761686551611 -0.3608447889164534 0.46908060103547244
1403636651.0635557 -7.486977884657656 8.845569175865695 0.4963722749228959 -0.495335269971515 -0.6344781115640608 -0.36197764242965963 0.4701624002931489
1403636651.1135554 -7.469173709207443 8.847015266587368 0.5012353031350049 -0.4947002553726791 -0.6337960840202915 -0.36248122517632503 0.4713613715711333
1403636651.1635556 -7.450143330410387 8.846970899065749 0.5074895296706221 -0.4943929865270701 -0.6343048996588069 -0.3624643761594446 0.4710121496915128
1403636651.2135556 -7.436142270213572 8.847283521903249 0.5163055358562945 -0.4944657874575938 -0.6358477709633759 -0.36077971263182806 0.4701480576883667
1403636651.2635558 -7.416878263879139 8.844821825692156 0.5252621796559369 -0.4945613539644345 -0.6376885929529122 -0.3593434374028193 0.4686519172884355
1403636651.3135555 -7.404252409639406 8.843385715239213 0.536129922670466 -0.4944980082971057 -0.6400002928112437 -0.35736449628928374 0.4670781110088808
1403636651.3635557 -7.385446398883598 8.839882508682845 0.5458153154487364 -0.49481344512092346 -0.642104167637626 -0.354836440279323 0.46578213048575934
1403636651.4135556 -7.373050783656321 8.838156997310433 0.5556741329276502 -0.4941377382967203 -0.6437870984030512 -0.3535065201753604 0.4651872824081604
1403636651.4635556 -7.354319370475412 8.834073335152501 0.5624002325017695 -0.49333127050360537 -0.6451687596028399 -0.35201747957041374 0.4652582328693656
1403636651.5135555 -7.341881753834119 8.831073152435202 0.5674382181330463 -0.4918545614312027 -0.6459102120920939 -0.3516540197389627 0.4660670967960458
1403636651.5635557 -7.323388116775749 8.82650892026267 0.5709391454214011 -0.4900860594824473 -0.6452478118789071 -0.3515832809934399 0.4688924312593853
1403636651.6135554 -7.308967544880899 8.822846459047616 0.5727849531872264 -0.48751363461099306 -0.6443109912607539 -0.35282844520976525 0.47191725001299073
1403636651.6635556 -7.290409597368271 8.817314968773786 0.5737223782412512 -0.4858252739101718 -0.6431766915190028 -0.35308453389835515 0.47500406170743154
1403636651.7135556 -7.2764415993622595 8.813524646900966 0.5755052149359203 -0.48530394098020346 -0.6419217856626046 -0.35259598896445105 0.47759038362073125
1403636651.7635558 -7.256941989046079 8.806616460618011 0.5740673744055862 -0.48701915731260126 -0.639365381695346 -0.3516564688747295 0.47996039107268523
1403636651.8135555 -7.246064855591915 8.801630550936357 0.5727561107684102 -0.4905286596365318 -0.6355748988215159 -0.35053965242832696 0.4822324482432049
1403636651.8635557 -7.224345196128474 8.794210326541481 0.5672695074475393 -0.49480021348016373 -0.6307248268968645 -0.35123121948338254 0.4837308879285265
1403636651.9135556 -7.218647019088448 8.815911402080078 0.5752496840639124 -0.5003745243149025 -0.6260156662393273 -0.35283799547317407 0.4829441686054804
1403636651.9635556 -7.195271001756625 8.806641310503236 0.5695380595027715 -0.5067012074222412 -0.6201262535066121 -0.3561097547313624 0.4815424785975429
1403636652.0135555 -7.175503135329035 8.799632068509794 0.562205893192321 -0.5134753004036553 -0.6138313367625133 -0.3615776156870778 0.47834698046268653
1403636652.0635557 -7.153261893639483 8.799103766775842 0.5487393474774782 -0.5217696812313776 -0.6083069892464978 -0.36751341733202453 0.47186109678856236
1403636652.1135554 -7.127048009854466 8.787175282017786 0.5387590026221842 -0.5300633577399584 -0.6030276311615794 -0.37559900765697346 0.46294265118283495
1403636652.1635556 -7.089667937349751 8.76586554185997 0.5362659173539713 -0.5404032577039839 -0.595950434385859 -0.3848077266783921 0.45247144916208315
1403636652.2135556 -7.074501025898052 8.757076918000399 0.5238188514707037 -0.5520018683788822 -0.5887482350016038 -0.3926528530349249 0.4410138207497056
1403636652.2635558 -7.047634293001506 8.73414894206673 0.5111983809639534 -0.5644239183604566 -0.5803019218928904 -0.39957396090903474 0.43013482722689583
1403636652.3135555 -7.0257136471823705 8.72635981369058 0.5006517465812648 -0.5777034082355028 -0.5730108980703777 -0.40442016968912964 0.41756629312515015
1403636652.3635557 -6.997516776158487 8.707543939005966 0.48448936082111366 -0.5903150759954563 -0.5649545931282391 -0.4087804642542447 0.4065131619023777
1403636652.4135556 -6.970333344709909 8.690522143352101 0.4690063553524967 -0.6007043311066861 -0.5572594390287248 -0.41308876990877696 0.39745929650508055
1403636652.4635556 -6.941600931589752 8.67359189857133 0.4540311812372263 -0.6098111108359154 -0.5499685163484298 -0.4162886688373678 0.39034444318343536
1403636652.5135555 -6.91314453024608 8.656932513612285 0.44137519299124894 -0.6178651211944614 -0.5440407954916797 -0.418343941311334 0.38373252614318903
1403636652.5635557 -6.884872492172696 8.639902589466962 0.4343081372166085 -0.6252452756563395 -0.5391321152207231 -0.41952719340184236 0.3773616853940395
1403636652.6135554 -6.855886273470844 8.628633637414238 0.4231364118309179 -0.6313742756542393 -0.5361088849212907 -0.4195539213304447 0.37138698771871664
1403636652.6635556 -6.828147520592714 8.618363304016812 0.41562108725786423 -0.636311998542166 -0.5344656161647404 -0.41965792920125344 0.3651585520119101
1403636652.7135556 -6.801973850376252 8.609008655767957 0.4118583468284657 -0.6387598554388747 -0.5334890395216119 -0.42146897922175663 0.3601932694315463
1403636652.7635558 -6.746191221302574 8.58431259419086 0.4140520777471085 -0.6413019913249229 -0.5318146408831844 -0.421435402763067 0.3581859083812618
1403636652.8135555 -6.717483844463374 8.580667250755566 0.41606510136071356 -0.6421846219440717 -0.530818790827805 -0.4227519190782165 0.35652648928002817
1403636652.8635557 -6.694778019063599 8.56197836654551 0.4148713592819204 -0.6424659850746515 -0.5293147717224119 -0.4240130637411746 0.3567579743121817
1403636652.9135556 -6.666389579450845 8.559110680276895 0.42102256279203454 -0.6414081537241824 -0.5286289213935653 -0.4259848557551137 0.35732890516960225
1403636652.9635556 -6.637676684755576 8.554170502733168 0.42678683723398186 -0.6399256246506555 -0.5283084222582966 -0.42802693008273845 0.3580200455426548
1403636653.0135555 -6.610523069361094 8.553839525121168 0.4343671178604416 -0.6383895136283702 -0.5282042235390676 -0.4295046196960516 0.35914469059777854
1403636653.0635557 -6.581965767243841 8.551042941917993 0.43656776243537865 -0.6358827208309477 -0.528648341272461 -0.43186017023065887 0.3601123296790226
1403636653.1135554 -6.553416926245195 8.5497037656722 0.4345665710750814 -0.633488500577104 -0.5281489955075442 -0.43370688400656837 0.3628350822980843
1403636653.1635556 -6.525041931279413 8.550114824852036 0.43004130715373656 -0.6303670569919263 -0.528028335975638 -0.4362678081783135 0.36536810125327956
1403636653.2135556 -6.497583627701145 8.556359936932566 0.4269062656521629 -0.626628262157012 -0.5274481279449796 -0.4393190739184146 0.36896374440436036
1403636653.2635558 -6.470276490886639 8.56110574086422 0.42446278871886783 -0.622545352308338 -0.5268164997697524 -0.4425808713744032 0.3728589977231447
1403636653.3135555 -6.44491543044721 8.568885295328784 0.42451864619339374 -0.618661040338179 -0.5270949647619331 -0.4453720976566259 0.37559700467287493
1403636653.3635557 -6.418209095714766 8.575332754298302 0.4255250228842894 -0.6159682463470527 -0.5279009853588296 -0.44624306880099207 0.37785022521680023
1403636653.4135556 -6.396770472839259 8.5840497256535 0.43076360605931907 -0.6138623315024728 -0.5293348491624248 -0.44627370133434224 0.3792326975906583
1403636653.4635556 -6.371417508689144 8.584445420356356 0.43273363475295884 -0.6127174489683432 -0.5308566885163046 -0.44540272839010564 0.37998014886290943
1403636653.5135555 -6.350968569325475 8.584891829119425 0.4396306197685987 -0.6115343677596726 -0.5326384520001384 -0.444351368267355 0.38062298671862055
1403636653.5635557 -6.327520494925674 8.590909918146068 0.450583530855859 -0.610848396712695 -0.5340576368755475 -0.44289237913888346 0.38143546928561256
1403636653.6135554 -6.309467160198847 8.594075781509831 0.4647603670477349 -0.6094341445591789 -0.5341895797937272 -0.4429575183395419 0.3834320712090963
1403636653.6635556 -6.286418612514735 8.593044150346188 0.4735784314730278 -0.607259928280671 -0.5343759206122146 -0.443903519998411 0.3855222690162306
1403636653.7135556 -6.275282872553887 8.606836564262334 0.4936911890204313 -0.6053657051772081 -0.5345592339693941 -0.4449679606351008 0.38701718615792213
1403636653.7635558 -6.254344713073528 8.606206114154753 0.5010024158843932 -0.6037673614072043 -0.5340981945274166 -0.44601301141443483 0.3889427792760311
1403636653.8135555 -6.241003801746578 8.612474303141534 0.5107640458072114 -0.6022990460391724 -0.5346373731343647 -0.4467724367632716 0.3896063758935391
1403636653.8635557 -6.196789159505924 8.621516471381328 0.5197929190007917 -0.6016201841531768 -0.5340292819853109 -0.4482145972456033 0.3898327267145649
1403636653.9135556 -6.179861917132569 8.619014402216289 0.5208502845780423 -0.6013199602933867 -0.5343034926881075 -0.44816456125841414 0.38997770331918014
1403636653.9635556 -6.160565851301968 8.614415029333728 0.5205166363301542 -0.6025510401627885 -0.5342204219115984 -0.44625422858441066 0.39038179809241624
1403636654.0135555 -6.141644395082857 8.60903542545515 0.5185555873629818 -0.6043907142456701 -0.5340547814082356 -0.4436626373866044 0.3907183373937968
1403636654.0635557 -6.123074727443167 8.602872338846542 0.5151778207721308 -0.6057775342986772 -0.5335813214003383 -0.4416443801720233 0.39150324884239884
1403636654.1135554 -6.1070742010362045 8.590875550875438 0.510148186085351 -0.6068275362329587 -0.5321490490525551 -0.44161623988535503 0.3918581727250552
1403636654.1635556 -6.0879699313277005 8.584895802226347 0.5038572151818265 -0.6082517525025924 -0.5293746022732004 -0.4427714356545215 0.3921043124145028
1403636654.2135556 -6.068242626456496 8.58459499103326 0.5032398790347646 -0.6103512260528722 -0.5264146211659791 -0.44472691013162463 0.39061106344190033
1403636654.2635558 -6.048628019860221 8.575459590172962 0.5029207618516701 -0.6129763984686202 -0.5237564815389733 -0.4473575769465514 0.3870533313574047
1403636654.3135555 -6.032889758133244 8.565410870942127 0.5014877203995359 -0.6165427034148993 -0.5204596592116449 -0.45003996269733226 0.3827020642412711
1403636654.3635557 -6.016628376106362 8.555803031318003 0.5040509877862871 -0.6212716663248686 -0.5165451100286685 -0.4521864531020298 0.3777963440246579
1403636654.4135556 -5.984183436725877 8.558271823064596 0.5200729701946242 -0.6266722667667334 -0.5120038894884187 -0.4546480084724955 0.37206058055936136
1403636654.4635556 -5.967506029342929 8.55391434778206 0.5292757451790024 -0.6321492546793811 -0.506833415313982 -0.4572708673711641 0.36662046148993216
1403636654.5135555 -5.948479041332179 8.541716794811332 0.5384474369277684 -0.6375314193720986 -0.5009306656272793 -0.4611940981497856 0.3604471686383654
1403636654.5635557 -5.953876106960967 8.54146713547389 0.5609536439513878 -0.6434286941159127 -0.4942595818577725 -0.4650521392886652 0.35416590614160925
1403636654.6135554 -5.93503732007968 8.52747533141783 0.5722680996247975 -0.6497480167924634 -0.4883777259767041 -0.4662012270143306 0.34924365044251954
1403636654.6635556 -5.8961514589539465 8.512395362508785 0.5730722761642648 -0.6565266619055024 -0.4821607960117814 -0.4660037201189215 0.34544788584072916
1403636654.7135556 -5.869301202199034 8.495217613465817 0.5766512783321243 -0.6614195678294102 -0.47748627379891667 -0.4669052717588796 0.3413656116684121
1403636654.7635558 -5.852779912321107 8.481055937276754 0.5829778293903006 -0.6653531277310291 -0.4738483813009103 -0.4676298294704274 0.3377799128818989
1403636654.8135555 -5.837112257716477 8.466675718916383 0.5860495945552227 -0.6684390228996168 -0.4705911230429242 -0.46907095906166685 0.33422403106774534
1403636654.8635557 -5.8179277367235285 8.43710760602303 0.5892354400109687 -0.6705475770130358 -0.4681187875109443 -0.4705255123603061 0.3314158867032507
1403636654.9135556 -5.804515868433675 8.427270767002108 0.5909717684492968 -0.671919808411039 -0.4655549651675971 -0.47254264465121154 0.3293718179485139
1403636654.9635556 -5.788341063302336 8.415233523594695 0.5918424707362594 -0.6711053089233158 -0.4627055191715301 -0.47681553575263325 0.3288893609225986
1403636655.0135555 -5.749607945006077 8.394007271740177 0.5900945535829142 -0.6696142879993247 -0.4590634060659906 -0.4809724316288375 0.3309728305031881
1403636655.0635557 -5.7413162371992525 8.366839043585463 0.5840588599957776 -0.6678509577506158 -0.4561905022643565 -0.48480222732119205 0.332914590037431
1403636655.1135554 -5.727616036928203 8.354900899262224 0.581404508238452 -0.6670726911967938 -0.453818169236593 -0.4872858694878214 0.33408917271847083
1403636655.1635556 -5.7276404315728895 8.32989332544783 0.5771581895955604 -0.6655131745795679 -0.4521583461196088 -0.49021557664303606 0.33516224863779215
1403636655.2135556 -5.714935125438237 8.316795313691024 0.5740370852074692 -0.6648372656592495 -0.4504188116237911 -0.4914314945584469 0.3370599212042211
1403636655.2635558 -5.68085814523218 8.316473342266463 0.5695234839402512 -0.6659487725441675 -0.4476126652094401 -0.4919645548886194 0.3378254150064214
1403636655.3135555 -5.671684187297094 8.303650209366634 0.5659094208015536 -0.6668191282506936 -0.44475638382866783 -0.49366083006851563 0.3374062745396062
1403636655.3635557 -5.657815986255997 8.284667538457592 0.5606768627714556 -0.6686681714860315 -0.44067954241726626 -0.49499516002212096 0.3371412298890641
1403636655.4135556 -5.650360814525366 8.278011618537048 0.5508103892205521 -0.6708374925771546 -0.4368733396534622 -0.49594103645330556 0.336394458953247
1403636655.4635556 -5.638303307858756 8.258423319711433 0.5478326058574002 -0.672705986479843 -0.43314384454849786 -0.49804620799494964 0.33436961642137797
1403636655.5135555 -5.63045214024006 8.237694936406143 0.5465884970822681 -0.6758868771147125 -0.4291151021952941 -0.4994347712725664 0.33106202992183065
1403636655.5635557 -5.626740775082666 8.229347327766137 0.5211530228031241 -0.6810904027728827 -0.4257392183904383 -0.49827699580716805 0.32646901326826483
1403636655.6135554 -5.616367739252333 8.204893535442782 0.5211547944627175 -0.688209701966736 -0.42203053387128553 -0.4957436664365536 0.32014973338614106
1403636655.6635556 -5.612296873211573 8.180392134746299 0.5170502708410661 -0.6952377152638587 -0.4176747743901072 -0.49287425768768844 0.31506708527180827
1403636655.7135556 -5.602663226396098 8.15467467808957 0.5130972939072614 -0.7015071730415701 -0.41406626745944153 -0.48997131356202217 0.3104270030292751
1403636655.7635558 -5.590044481348978 8.12866768553046 0.5061888120653061 -0.7066324563837816 -0.4101549265252985 -0.4891188962300784 0.30529692625822463
1403636655.8135555 -5.58228041493994 8.102888087825182 0.49802254246405947 -0.7115197523011225 -0.4048680304450638 -0.48909633403201863 0.30100879728892327
1403636655.8635557 -5.569900987113327 8.074672663899902 0.4839619529295652 -0.7168131019042653 -0.39841431626846463 -0.4894424337360944 0.29646435466883064
1403636655.9135556 -5.55493982970513 8.050952058950081 0.4690980939876753 -0.72204981084697 -0.3908088911780298 -0.49069723217920874 0.29176824289788234
1403636655.9635556 -5.54098993974994 8.022779480466614 0.4535224475154658 -0.726470098508315 -0.38285702769456303 -0.4931375859311717 0.2871881154577609
1403636656.0135555 -5.524847137477511 8.00227889757792 0.4405453076112295 -0.7299870212574311 -0.3755624307935215 -0.4956053831383356 0.2836320037944729
1403636656.0635557 -5.5193741008769726 7.9757166527918 0.4286870785938583 -0.7326357973980646 -0.3695523143643054 -0.49856074654143573 0.27948713266791736
1403636656.1135554 -5.502470029072612 7.951064844437028 0.4186536026554817 -0.7350235375833297 -0.365830702462779 -0.5005345177444401 0.2745423334941592
1403636656.1635556 -5.503167626991706 7.914076651659669 0.3990184697103636 -0.7370799308301103 -0.36164335810653403 -0.5031615628917098 0.26973264306212796
1403636656.2135556 -5.488411618214379 7.8899925220226965 0.3956079371390879 -0.7389078529841876 -0.36019375646503443 -0.5044652998509743 0.26417873466305447
1403636656.2635558 -5.4727149863946964 7.860987013520905 0.3945808676763705 -0.7404351494354968 -0.35843538148829235 -0.5049867962588693 0.26128184472323945
1403636656.3135555 -5.456681113949834 7.844186650865356 0.394840861835372 -0.7418966642878443 -0.35770047311640313 -0.5048708659609995 0.2583507688292445
1403636656.3635557 -5.439946240757829 7.816912070659765 0.39859488853930924 -0.7430672836806943 -0.35646654385574306 -0.5045830957122699 0.2572518504430212
1403636656.4135556 -5.414828111644948 7.813542958116964 0.4404016439275218 -0.7434896926031795 -0.3581632881231622 -0.5039582366947054 0.2548886653054576
1403636656.4635556 -5.396299105959475 7.789164080575008 0.44818589923412555 -0.7437594078321439 -0.35769575758086763 -0.5039712954414456 0.254732451095064
1403636656.5135555 -5.37721501318178 7.769442520061357 0.45841877242088414 -0.7436768338603735 -0.35873491664474094 -0.503893066882478 0.2536647462834986
1403636656.5635557 -5.3565280487063935 7.7448684582128084 0.46778890596235106 -0.7424434237226936 -0.3596541394099914 -0.505189080856345 0.25339821459454825
1403636656.6135554 -5.336522641064314 7.722607106943067 0.47613019111282767 -0.7407321604699179 -0.3603743078397419 -0.5069358211159214 0.2538942653234245
1403636656.6635556 -5.295657514307919 7.702738659960956 0.4840827908817055 -0.7383752148038565 -0.3596945522633712 -0.5096288008210927 0.2563208079908201
1403636656.7135556 -5.273754929829811 7.6847678482057145 0.4919674269290015 -0.7338891024201867 -0.35842346445847656 -0.5149235856964451 0.2603710935722165
1403636656.7635558 -5.251586226160191 7.663555415437036 0.4973163667797754 -0.7294130493906095 -0.3574839689670847 -0.5200889794545033 0.26394936779656475
1403636656.8135555 -5.2306545702847975 7.644829511037414 0.5005160951971982 -0.7257006360688 -0.35790625998542885 -0.5242967936113827 0.2652820538246134
1403636656.8635557 -5.208720181570812 7.623234809674706 0.5017981494750757 -0.7229613679196695 -0.35901159574155145 -0.5271408630994964 0.26563140828889803
1403636656.9135556 -5.187428730857459 7.611864028132967 0.5034762960809185 -0.7205374415400653 -0.35958114761281423 -0.5293423757753136 0.267065240772541
1403636656.9635556 -5.167056822559329 7.589678846108755 0.5010980631691739 -0.7190959565074282 -0.3598615849775982 -0.5302394776690333 0.2687875393565493
1403636657.0135555 -5.147047682254781 7.569891384469484 0.49873522572012985 -0.71828770130062 -0.3594647028062257 -0.5304388898990101 0.2710765384156454
1403636657.0635557 -5.1280217636798975 7.5462056859375135 0.49277093594550386 -0.7176576020902626 -0.35896544157391524 -0.5303914856049012 0.2734890307042027
1403636657.1135554 -5.104537207933946 7.528530443846042 0.48788693282747414 -0.7177128773019367 -0.3583339961695955 -0.529504635202345 0.27588007221134175
1403636657.1635556 -5.074438891403542 7.517326342424228 0.4813224074114886 -0.717590851189076 -0.35775369624676684 -0.5285256793004105 0.2788122476354891
1403636657.2135556 -5.034089716282188 7.518002699590927 0.4702089016421164 -0.7171091702997104 -0.35810748164605355 -0.5272860009612399 0.28192719388431775
1403636657.2635558 -5.017176604178266 7.491264755018632 0.4655591365824175 -0.7189832881304823 -0.3584904232927341 -0.5243948741591021 0.28205968118845987
1403636657.3135555 -4.969791532653175 7.474845543602117 0.45849187649934137 -0.7216392338358752 -0.35787868445660065 -0.5215892747470483 0.2812548521701131
1403636657.3635557 -4.951202048384062 7.446900993480157 0.4562133064539321 -0.7240623283471704 -0.35804380203017794 -0.5183125609633688 0.28087447310826147
1403636657.4135556 -4.934169013557721 7.416546429597885 0.45430339984414386 -0.7273411504672134 -0.3580360767509491 -0.5139139812240371 0.2804949883407528
1403636657.4635556 -4.922904912851531 7.379498664293436 0.4472667635585552 -0.7306079730310377 -0.35870010052436674 -0.5094399968242276 0.2793154440109228
1403636657.5135555 -4.905621751774423 7.348264554607564 0.4396976522204942 -0.73342868865233 -0.3588679959138292 -0.5055232126730448 0.2788232444026848
1403636657.5635557 -4.886021420631241 7.318123386539779 0.4343894643886047 -0.7352475803064683 -0.35960869975654924 -0.5032019822176 0.27727304918647533
1403636657.6135554 -4.869456812893323 7.283108453840455 0.4267593155165957 -0.7360128720629596 -0.35990900818946325 -0.5022985198820503 0.27649006294261647
1403636657.6635556 -4.864797318229937 7.246679241669655 0.4241959659693444 -0.7363243045674125 -0.35940338053330595 -0.5024882513123163 0.2759733426576533
1403636657.7135556 -4.844102777740203 7.213452502238329 0.41589396009808904 -0.7362796316115191 -0.3586363637120855 -0.5029043615865757 0.27633216568936997
1403636657.7635558 -4.822392783550864 7.182623360337602 0.40665791678450797 -0.7368557728586577 -0.3567740862578228 -0.5034335885442207 0.27624344934360745
1403636657.8135555 -4.802434057407179 7.149145128602665 0.3960732500915916 -0.7382937808286429 -0.3546027089674439 -0.502838370733446 0.27628388462020687
1403636657.8635557 -4.81330625245556 7.099144667852322 0.39337211995544474 -0.7404160461668863 -0.35204245267907047 -0.500704992814897 0.27774934790298583
1403636657.9135556 -4.794993288364223 7.069242035646385 0.37911472089703746 -0.7434849917069263 -0.34956969072068 -0.4974592409248209 0.2785056589272486
1403636657.9635556 -4.7678582395923925 7.032663703177206 0.36909181091914295 -0.7456076929272862 -0.3480853835186306 -0.49526201158265887 0.2786059473726933
1403636658.0135555 -4.742411174559658 6.999158653200329 0.36174509738228233 -0.7464638077855061 -0.3477708360584063 -0.49503967480738503 0.27709736487415143
1403636658.0635557 -4.740267839744116 6.9533690637444945 0.35160161736395995 -0.7465737085554577 -0.34895335739539424 -0.4959824039678873 0.27360684752116166
1403636658.1135554 -4.711649238848265 6.917733326746967 0.3492545964704602 -0.7452161203105928 -0.3512599684125563 -0.49896526454646456 0.2688922337965799
1403636658.1635556 -4.6926965283573425 6.871291419012914 0.34253580193978644 -0.7448063364759715 -0.3526647070227821 -0.5011720751410338 0.2640410510973763
1403636658.2135556 -4.6623210532339225 6.835214259237502 0.3426059886505834 -0.7438256556841334 -0.3541622892192738 -0.5034747598173893 0.26039514793454716
1403636658.2635558 -4.633347622558873 6.800264956401691 0.3410455639768857 -0.7427310890670967 -0.3565028377539733 -0.5057786387982655 0.25582068826023896
1403636658.3135555 -4.601591851156157 6.7669515575226065 0.33981087324265796 -0.742500402577393 -0.3577299113453232 -0.5066891603046663 0.25295959663754386
1403636658.3635557 -4.569455803155904 6.732055148326683 0.3369525236360583 -0.7423697030386064 -0.3585602672438319 -0.5074357647335278 0.2506605342563988
1403636658.4135556 -4.539193022272633 6.699454486979271 0.3319536302927331 -0.7424681794692726 -0.3595254285732028 -0.5076858245588093 0.2484704655022023
1403636658.4635556 -4.509469178301331 6.667220904149437 0.32595191016424574 -0.7422490141032396 -0.3609112687517979 -0.5084395760147521 0.2455578438834231
1403636658.5135555 -4.476838282254156 6.6553185956876595 0.31628930990877 -0.7418571782330864 -0.36199639075565754 -0.509719852663755 0.24247105391027635
1403636658.5635557 -4.447112652376861 6.6253821821728325 0.3095566199863945 -0.7406718743082911 -0.36420230958608124 -0.5116523614297349 0.2386916700351807
1403636658.6135554 -4.414732859636602 6.597052739182287 0.30370316417650134 -0.7396511061772525 -0.36587381101799116 -0.5130883916112782 0.23620520302417086
1403636658.6635556 -4.385858779186432 6.567926524949882 0.2985495939391552 -0.7390607026248395 -0.3666791318382361 -0.5140666171710576 0.23467254892795075
1403636658.7135556 -4.354933674989609 6.539930245819191 0.29056732051982065 -0.7378994360170588 -0.36717080907956695 -0.5157637492459639 0.23383279121908726
1403636658.7635558 -4.327583815426794 6.513842718324852 0.28173332268358925 -0.7360697803359352 -0.3680098610716589 -0.5183865193901412 0.232476745384998
1403636658.8135555 -4.3120013812475015 6.4610420552116645 0.28684078792692413 -0.7327331299933354 -0.3688977666332743 -0.522870012723103 0.2315675879264938
1403636658.8635557 -4.2873992814074455 6.43660281479757 0.27770867568788865 -0.7304357524679066 -0.368789967032051 -0.5261226880368943 0.23163006900222302
1403636658.9135556 -4.264074993952593 6.413331522637027 0.26783033636073333 -0.7291649165610276 -0.36668418916330037 -0.52813221580245 0.23438769700177767
1403636658.9635556 -4.241442189695051 6.390938184996069 0.25605791083942575 -0.7285418434505297 -0.36369288197666866 -0.5290947250644079 0.23877403931379873
1403636659.0135555 -4.2115435460426305 6.370654570152461 0.24572435544787039 -0.7282635112122384 -0.3612235587376648 -0.5293965075247303 0.24267084017313892
1403636659.0635557 -4.190979926169066 6.3494230046323015 0.2332421748575849 -0.7267870450813279 -0.35868593277454497 -0.5314871567358459 0.2462648877864097
1403636659.1135554 -4.167352581713302 6.328233857251688 0.22096238333115095 -0.725889628719964 -0.3573681387189639 -0.5325635632246639 0.24849207526757372
1403636659.1635556 -4.148467607952625 6.307099794854175 0.20638645079895687 -0.725138044833778 -0.3559736754818528 -0.5336386660643345 0.2503743844319228
1403636659.2135556 -4.127781139579239 6.288023131100686 0.19285659461133545 -0.7244242290083974 -0.3554057432850613 -0.5343440862739296 0.2517393325042027
1403636659.2635558 -4.187436538211923 6.209056873880655 0.18450701333668415 -0.7236543748006745 -0.3562453656791254 -0.5344707171548595 0.2524968074411268
1403636659.3135555 -4.167297852442921 6.185453363262443 0.1744976605686705 -0.7248789279005565 -0.35717708651334495 -0.5325669158477313 0.25168938972474386
1403636659.3635557 -4.155460186789546 6.162449055320114 0.16310638563402674 -0.7267611348401024 -0.3580562782259064 -0.5299910817514274 0.2504464169695599
1403636659.4135556 -4.1383514062793 6.139107789670315 0.15292817609160855 -0.7290192735221263 -0.3598338223344445 -0.5267068180010736 0.2482548025892731
1403636659.4635556 -4.118571757315031 6.131952246770247 0.13767733661543766 -0.7314624539769696 -0.36226875366771677 -0.5229705487957521 0.24540952228937385
1403636659.5135555 -4.0984125790136465 6.10600196147728 0.1342342536642201 -0.7319301235569505 -0.36311559357266904 -0.5224634105118962 0.24383876765304036
1403636659.5635557 -4.087869462358377 6.085174292184106 0.12880165828002096 -0.7328717279728877 -0.3623364952600437 -0.5212746817389684 0.2447120771818164
1403636659.6135554 -4.05806850187151 6.0647162887217 0.12709069344371657 -0.7324819140245131 -0.36161182832124333 -0.522584046925025 0.24415782835005873
1403636659.6635556 -4.0407740767035865 6.047949887179764 0.12409523678613295 -0.7316925333302315 -0.3610717594620572 -0.5240236457902661 0.24423848967851108
1403636659.7135556 -4.022602519851632 6.033558942110687 0.11875158810275596 -0.7310892784185031 -0.3602253294895615 -0.5254957873356858 0.2441318423886923
1403636659.7635558 -4.012138021130428 6.015387994014776 0.109471425022588 -0.7303166011637365 -0.3592095154460821 -0.5271517650076363 0.2443710349590816
1403636659.8135555 -3.9996537572427555 5.995790565027176 0.09710443802236579 -0.7302114917735941 -0.3588451364100652 -0.5278267545120761 0.2437627177766786
1403636659.8635557 -3.9818542813572337 5.986141000639217 0.0927122433851529 -0.7306917782451428 -0.35813709711752384 -0.527544163647028 0.24397643385200615
1403636659.9135556 -3.9705597343216645 5.967423325825183 0.07809255636631232 -0.7318673970921993 -0.3581088065232438 -0.5263407435527937 0.24309178809716972
1403636659.9635556 -3.9629865865276233 5.950503725716693 0.06328183421719341 -0.7341279714824195 -0.35887717387855483 -0.5239284174338166 0.24033790579379294
1403636660.0135555 -3.945959137660931 5.94161354750819 0.04146899020156163 -0.7368498287620744 -0.35972697336468695 -0.5204146232921688 0.238364121358173
1403636660.0635557 -3.939177667438655 5.9262513495197675 0.02457863633914883 -0.739636631628305 -0.3601466297797313 -0.5171161407745518 0.23626881969965993
1403636660.1135554 -3.907887298786927 5.92084765936675 -0.0017791684028703992 -0.7417075496269903 -0.3616448356912512 -0.5140834233337868 0.2340964704936589
1403636660.1635556 -3.9052780965100142 5.9088417556981065 -0.02422480753681329 -0.7434793830972914 -0.3621126271733345 -0.5119709112160046 0.23237607066897123
1403636660.2135556 -3.896205210609963 5.899297896435943 -0.04586729628555914 -0.7439681610015162 -0.3623375281556899 -0.5112328706268329 0.23208585285771907
1403636660.2635558 -3.8894721909667327 5.887869388618484 -0.06527730837789478 -0.7459502833683069 -0.3629685262962481 -0.5087091542969667 0.2302759648672379
1403636660.3135555 -3.88120115306584 5.879942912245941 -0.08224290737981538 -0.747870191013496 -0.36412727859044924 -0.5059976332936481 0.2281839115296637
1403636660.3635557 -3.874335933705374 5.871331638766657 -0.09947428483183626 -0.7514509523459768 -0.3660407884010698 -0.5008501077749006 0.22468817722995174
1403636660.4135556 -3.867549656344646 5.865918543071459 -0.11366512531186453 -0.7548193183509043 -0.3673300927362051 -0.4959411953554026 0.2221682478756618
1403636660.4635556 -3.8499141356423126 5.863511561072205 -0.1287203487317054 -0.7565244770772321 -0.3682619122128546 -0.49291594296033586 0.2215575608546805
1403636660.5135555 -3.841735157479179 5.859699019124529 -0.14103442758789617 -0.7562061509590718 -0.36890275389890254 -0.49312497871217664 0.2211125749196249
1403636660.5635557 -3.83289200681332 5.859508086776087 -0.15190138190618355 -0.7538780409287767 -0.36830955911951374 -0.49665077876473085 0.2221575387398897
1403636660.6135554 -3.8235563255077802 5.8613524163450546 -0.1632250248329957 -0.7497708561971551 -0.367327483036364 -0.5024958243211348 0.22452645711224814
1403636660.6635556 -3.8053378234820907 5.856888519256057 -0.1611273388398572 -0.74469759799852 -0.36667643030935254 -0.50940083824813 0.22690233357752837
1403636660.7135556 -3.7954881774800637 5.860458924960497 -0.17570249211719846 -0.7396289855971401 -0.3661818918895224 -0.516408831983836 0.22843314988382454
1403636660.7635558 -3.6997312801910573 5.930866899044932 -0.21978865860244176 -0.7333173939568802 -0.36837990868303555 -0.5230430436552477 0.23014738122086617
1403636660.8135555 -3.693875570716105 5.937942822701603 -0.23654053528130278 -0.7290002544147314 -0.369601701504038 -0.5287117853530716 0.22894772184353443
1403636660.8635557 -3.6867308052094434 5.945621632544819 -0.25457824582840904 -0.7254306985509305 -0.37128368374608406 -0.5332417997483669 0.22705045867597293
1403636660.9135556 -3.680399544678915 5.952904762417541 -0.27500684158731353 -0.7232261295654259 -0.3718106045206761 -0.5361289448957854 0.22642127621916436
1403636660.9635556 -3.676450688503374 5.961972989316899 -0.29558113072125436 -0.7227763514326254 -0.3707587452280418 -0.5366178866814055 0.22841528482186207
1403636661.0135555 -3.6721510605115015 5.972805592890367 -0.31808953320319516 -0.723097183173099 -0.368964835277883 -0.5360261336340455 0.23167088310107242
1403636661.0635557 -3.671032652025211 5.983161428997548 -0.3404693206480223 -0.7234825443937859 -0.36671445081043286 -0.535606007923652 0.23498877377522773
1403636661.1135554 -3.670206788052581 5.992633729159355 -0.36526445949907754 -0.7239188951418125 -0.364719351438747 -0.5349618729623804 0.23819534508327295
1403636661.1635556 -3.6717895446444184 6.003509147499283 -0.3891272231050842 -0.7244814771226775 -0.3628801540174455 -0.5342864286085122 0.24079575438777895
1403636661.2135556 -3.673272955410116 6.016614380284073 -0.4129800023560418 -0.7241819402288435 -0.3613202960034251 -0.5345838717671165 0.2433685377957965
1403636661.2635558 -3.677521834328235 6.027159924045927 -0.434344366315671 -0.7251876032344469 -0.3603748114040926 -0.533274526192904 0.24464507993065565
1403636661.3135555 -3.683129377569122 6.0365320620924 -0.4542945408604639 -0.7249517913252416 -0.35959036227406 -0.5334941484319778 0.24601557918711695
1403636661.3635557 -3.6897330712892145 6.046129242084799 -0.4715823146995151 -0.7249322999370599 -0.3593476649158562 -0.533430334836155 0.24656539518771456
1403636661.4135556 -3.697004605599188 6.0553683459722185 -0.48739608291593073 -0.7247138506879698 -0.3594990693678974 -0.5335880376904311 0.24664561576947974
1403636661.4635556 -3.7147987003233545 6.075883118867209 -0.506689975199405 -0.7251369162204705 -0.35874849442562423 -0.5333102599903197 0.2470954007477113
1403636661.5135555 -3.7242483586369417 6.084789782956467 -0.5187981551295924 -0.7259346940408407 -0.359066702844826 -0.5319873959118578 0.24714233446922207
1403636661.5635557 -3.734644108551602 6.092931255460229 -0.5288774000203109 -0.7268945837330502 -0.35861303082061 -0.5303668682612991 0.24845913812116804
1403636661.6135554 -3.746119857672844 6.101014335379165 -0.5373513160401191 -0.7283129458336903 -0.35825001933611156 -0.528261187576667 0.24931364639108175
1403636661.6635556 -3.7597574828487246 6.107806682739178 -0.5436013296731259 -0.7282170806609521 -0.35755519389365104 -0.5281057176902164 0.2509153596259411
1403636661.7135556 -3.771830038784629 6.116590737880121 -0.5471996667099794 -0.7274765739409861 -0.35724918527175753 -0.5289152960462845 0.2517925010758296
1403636661.7635558 -3.7846280109258603 6.124143062452284 -0.5496485871813446 -0.7280040200636982 -0.3543042015459691 -0.5280524601969095 0.25620163703216065
1403636661.8135555 -3.7981720674813575 6.130594795309293 -0.550522348680862 -0.7285839249908486 -0.3519115361205468 -0.5266556989978124 0.26068661205234983
1403636661.8635557 -3.811524667941748 6.1365964967008795 -0.549130021332519 -0.7284772968216991 -0.3503888273556299 -0.5263375182554179 0.26366136341228424
1403636661.9135556 -3.82479982323822 6.14132624950889 -0.5463691471580081 -0.7283139506291227 -0.3495395042642434 -0.5263437977691657 0.2652227946984164
1403636661.9635556 -3.8380165091875886 6.1455411338033645 -0.5410578716584808 -0.7280444685637039 -0.3495473402581767 -0.526091396333626 0.2664502794443348
1403636662.0135555 -3.8525394175176877 6.146915548399139 -0.5352098145785664 -0.727644176971906 -0.3496070440849859 -0.5265924680308522 0.26647558810932803
1403636662.0635557 -3.8609780666354343 6.142091788914723 -0.5315907515188482 -0.7268304417886606 -0.3500871452125887 -0.5273872135279565 0.26649432761959096
1403636662.1135554 -3.8752570863965192 6.141786470222565 -0.5237527475689825 -0.7263909765066646 -0.3506781416008771 -0.527808927955 0.26608029957898627
1403636662.1635556 -3.8883368743102893 6.14168421330623 -0.5152447645280696 -0.7262282327330472 -0.35286103389474166 -0.5281893908288936 0.26286424662926566
1403636662.2135556 -3.90440975517069 6.13889357223369 -0.5097930772607584 -0.7257755174628366 -0.3557375336728817 -0.5289791436667581 0.25861510194393234
1403636662.2635558 -3.918417355898638 6.137083342771341 -0.5043371444088374 -0.7251357806798433 -0.35890469934350033 -0.5301282866703927 0.25363263993204804
1403636662.3135555 -3.9348570644229617 6.135459390178701 -0.4971097480060925 -0.7252632191008305 -0.3607342332997349 -0.5303751569247406 0.2501325026105364
1403636662.3635557 -3.9498941314331275 6.133038888391658 -0.4943656725622173 -0.7256400085011372 -0.36272907870011606 -0.5301807707754361 0.24654116051442407
1403636662.4135556 -3.9686088765022913 6.128506954243625 -0.49559268474456714 -0.7272459565467009 -0.3639200593986227 -0.5284295545946232 0.24379851288452395
1403636662.4635556 -3.9850099714895006 6.126411027225965 -0.4964766600589584 -0.72994314244837 -0.36535902779781537 -0.525009842031735 0.24095737251440677
1403636662.5135555 -4.008411392320906 6.118683698442825 -0.5025709378740064 -0.7327242317001859 -0.3661566412819762 -0.5215119789959675 0.2388928004109463
1403636662.5635557 -4.031374818310224 6.1129258776884585 -0.5132360479374234 -0.7353072693622076 -0.36564890090733676 -0.5181743295188604 0.23899678892409862
1403636662.6135554 -4.055179588336846 6.108501605741208 -0.5240393976228372 -0.738206468020414 -0.36282798716497877 -0.5144350368115693 0.24241215976785294
1403636662.6635556 -4.075040127300209 6.107218241705418 -0.5302424177010361 -0.7410884302627683 -0.35751897615212375 -0.5109786578008794 0.24873466082115553
1403636662.7135556 -4.0930090654422395 6.107301442430536 -0.536911400770727 -0.7425937849195776 -0.35267778146061035 -0.5089153607741366 0.25529984064031175
1403636662.7635558 -4.111422084576552 6.106533378997786 -0.5447200747668381 -0.743264891951279 -0.3487565780551056 -0.5080864488529337 0.2603349960108355
1403636662.8135555 -4.128577688005543 6.106906510486336 -0.5525115993900676 -0.7439919275936292 -0.3453298459119175 -0.5076228145410334 0.2637089064772123
1403636662.8635557 -4.141881953507416 6.107173068146333 -0.5645966334213376 -0.7454024824051495 -0.3447940062454886 -0.5056125746296121 0.2642880187557543
1403636662.9135556 -4.155748309071953 6.106597526275634 -0.5749954130153875 -0.74707303164298 -0.34618791258592174 -0.5036905609403001 0.2614032008044569
1403636662.9635556 -4.168467580710462 6.105911318046542 -0.5865125327991808 -0.7490586644021617 -0.3468260800932811 -0.5010109040392883 0.2600208866320432
1403636663.0135555 -4.179930250112867 6.105270119630045 -0.5975860903027473 -0.7518770710799572 -0.3458689663224783 -0.49706068138685966 0.2607416482621763
1403636663.0635557 -4.189871628229631 6.104661415305869 -0.6071058208310651 -0.7546467866649567 -0.3439877046271151 -0.49314851617640537 0.26265039012846286
1403636663.1135554 -4.197840376321019 6.103037640866408 -0.6156151302366596 -0.7566784257716197 -0.34230421124542443 -0.4900549859811971 0.2647861356838758
1403636663.1635556 -4.203874021936394 6.1024091083848155 -0.6217016760179358 -0.7584412431585567 -0.34208596867140717 -0.48763259518351393 0.2644967350060098
1403636663.2135556 -4.2088188296932945 6.100103696474679 -0.6278110348499615 -0.7578103591897791 -0.3444325116324916 -0.48917632345928524 0.26037709000994774
1403636663.2635558 -4.210314908131583 6.099203964424957 -0.6327748257150824 -0.755236766900231 -0.3507341768503967 -0.4932912487374554 0.2515287399686224
1403636663.3135555 -4.2112913359737245 6.096871585254207 -0.640696485138029 -0.753520223259065 -0.3562666218220745 -0.49600540362735934 0.24343378337354124
1403636663.3635557 -4.210742314258656 6.096918509965518 -0.6491820675805094 -0.7522912666853904 -0.36140238178955914 -0.4978813258053736 0.23571243904386546
1403636663.4135556 -4.2132032581406875 6.095874945691906 -0.6607534760787992 -0.7520225328361175 -0.3663687482458647 -0.4978767637085782 0.22881166616801152
1403636663.4635556 -4.211859284568393 6.098580092781449 -0.6727031040881304 -0.752499152126139 -0.3698171076214703 -0.4968357393842824 0.2239075278555975
1403636663.5135555 -4.209246091639394 6.101842504090163 -0.6859865100763137 -0.7532923021432062 -0.3725726902266825 -0.4956399581811899 0.21927455366090612
1403636663.5635557 -4.207092777826773 6.1082129363512125 -0.6999095447071348 -0.753709248288762 -0.3745679762708183 -0.49471867842675826 0.21650549510821912
1403636663.6135554 -4.202907462659681 6.112188465456769 -0.7159905522273153 -0.7542740041022399 -0.37517363582326807 -0.493752640577764 0.21569376356587033
1403636663.6635556 -4.190864087376225 6.123607499149143 -0.737671724439105 -0.7546412726386211 -0.3761301925135083 -0.4930120882930215 0.21443345985892118
1403636663.7135556 -4.183892904067268 6.125185352711781 -0.7668917906412964 -0.7531754359070569 -0.3786550409031965 -0.4946124706936063 0.21143705110311134
1403636663.7635558 -4.21460286499424 6.13682568480847 -0.781706231991401 -0.7505291041045188 -0.38141154879994976 -0.4977364555333121 0.20854187868921495
1403636663.8135555 -4.210737070177346 6.153833670071542 -0.7942520881264313 -0.7464142147020327 -0.3844816749947956 -0.502797103699099 0.20551091016231185
1403636663.8635557 -4.207036116835009 6.174383481728629 -0.8046128272357812 -0.741840529552257 -0.3874403806175655 -0.5082143967727661 0.20317654169080748
1403636663.9135556 -4.204776123883097 6.197388249588495 -0.8133631710182956 -0.7382594454071657 -0.38860392015245504 -0.5125647648045484 0.20306980669244404
1403636663.9635556 -4.203049914286862 6.223722653025471 -0.8197074144374821 -0.7328337051204539 -0.39043464364446984 -0.519043941881433 0.20275338733995857
1403636664.0135555 -4.202866113114191 6.25244241635486 -0.8233292029385024 -0.7276593504614592 -0.391199288341046 -0.5255136551149409 0.20324956279215337
1403636664.0635557 -4.2021920589445 6.2827215028198085 -0.8283247696952241 -0.724724998204542 -0.39131873592071564 -0.5283325535215996 0.20617477242423746
1403636664.1135554 -4.203538451439182 6.320332925876715 -0.8261907324933245 -0.723410062788224 -0.38959534465984 -0.5295629708253107 0.21084688379672484
1403636664.1635556 -4.211108104744243 6.354510631555126 -0.8262890030620534 -0.7224695994580606 -0.3867577562131316 -0.5305004811612368 0.21685330376913717
1403636664.2135556 -4.216967878972778 6.392580455046093 -0.8237273746938146 -0.721133028905896 -0.38393237856140516 -0.5314146033678315 0.22396786073140115
1403636664.2635558 -4.234190194391354 6.4285224912644905 -0.822352443514232 -0.7200943013105894 -0.3805499673831824 -0.5328106313273718 0.22969273103256993
1403636664.3135555 -4.241849187272331 6.4681576297191 -0.8243325569601037 -0.7192337152661051 -0.378477046107622 -0.5330341127211865 0.23522887380103202
1403636664.3635557 -4.2535700048547325 6.505815987203021 -0.831717229665925 -0.7184297244701694 -0.3777366323800825 -0.5329082129633675 0.23912884416577831
1403636664.4135556 -4.265181230281261 6.543806263032057 -0.8431609260145588 -0.7175088844299452 -0.3771544655172649 -0.5328762745814556 0.24285466001843792
1403636664.4635556 -4.27944855375825 6.581211584826484 -0.857704464505753 -0.717105937600346 -0.3773376314919904 -0.532032467694748 0.24559486850702014
1403636664.5135555 -4.292371610081125 6.6182448344894755 -0.872307000419346 -0.7159488045345216 -0.3772394816467949 -0.5321277065509664 0.24889312303327218
1403636664.5635557 -4.316815597709027 6.653392274188467 -0.8882131425758744 -0.715743997497906 -0.3761730655240645 -0.5315940499100148 0.2522144344009957
1403636664.6135554 -4.328322056475883 6.698198180067572 -0.905004486327123 -0.7165474786225423 -0.37380074423061854 -0.5291565788560274 0.2585073104298944
1403636664.6635556 -4.350585383202365 6.737798307408448 -0.9135147105066322 -0.7162962751911865 -0.37331099262201234 -0.5282741446977416 0.2616963449853082
1403636664.7135556 -4.369406110999663 6.77368716928851 -0.9247394338649899 -0.7171748168887564 -0.37295738190280725 -0.52543442585388 0.26548396831519966
1403636664.7635558 -4.373014068552837 6.833240462769945 -0.9382286638715197 -0.716439299796288 -0.377939747194419 -0.5234044282510405 0.26443162005559173
1403636664.8135555 -4.393823279143062 6.867487446861281 -0.945879860086741 -0.7157372130873582 -0.3814757625646417 -0.5229520955180937 0.2621404016379419
1403636664.8635557 -4.419841668357794 6.890762764857675 -0.9584459350943731 -0.7151271150598418 -0.3830999241887598 -0.5222559817997441 0.26282379433213365
1403636664.9135556 -4.434337784687813 6.935495081469335 -0.9585885925271987 -0.7149530208796242 -0.384002010797931 -0.5208282804480979 0.26480660098215625
1403636664.9635556 -4.457129554595893 6.968407808768135 -0.9619587030727892 -0.7160763077640174 -0.38597870577742693 -0.5180770550624242 0.26429401272688846
1403636665.0135555 -4.480100243699549 7.002140293644441 -0.96268584115383 -0.7182214555979247 -0.38700750244820925 -0.5139936233651271 0.2649409158804761
1403636665.0635557 -4.459136598191234 7.030902480384516 -0.9588599578478726 -0.7207224487620767 -0.38913891161270203 -0.5092252083568387 0.26423426441930614
1403636665.1135554 -4.487944489944873 7.065864246346185 -0.9553320256256829 -0.7225982484345255 -0.3906148846130352 -0.505535870738767 0.2640175499365483
1403636665.1635556 -4.511476631431241 7.097584102577164 -0.9505091578752758 -0.7240614202515532 -0.3917103050704582 -0.5029344035393873 0.26335353109725484
1403636665.2135556 -4.532791572511594 7.131479098956426 -0.946736110326318 -0.7256334647611266 -0.39004028193560186 -0.5001148150623671 0.2668516910973087
1403636665.2635558 -4.55602345805601 7.1633108623066 -0.9403640201829351 -0.7255182006769502 -0.38613418567449326 -0.5000020928772584 0.27298651662369383
1403636665.3135555 -4.577379823892498 7.19716892748893 -0.9331138416887697 -0.7242072744617912 -0.38346614997206097 -0.5014914880710374 0.27745958775022617
1403636665.3635557 -4.598861661598582 7.229521795177313 -0.9267712980116735 -0.7233322642115916 -0.3825208885151656 -0.5024281417325445 0.27934596434400605
1403636665.4135556 -4.6187329341088414 7.272324577719037 -0.9142322018277603 -0.7227086465251724 -0.38284496426108694 -0.5041156430266365 0.27746957316707954
1403636665.4635556 -4.638165515713975 7.304392231367674 -0.9083310937690334 -0.7218893691864916 -0.38555240344739017 -0.5056396016404985 0.27304519058996124
1403636665.5135555 -4.658171366574419 7.335396464422546 -0.9025939143968561 -0.7211254978282746 -0.3887770589687106 -0.5073532710145741 0.26725095545643046
1403636665.5635557 -4.678223713768848 7.3659135534604445 -0.8958874576950463 -0.7198190254243718 -0.391532794291749 -0.5096989466559556 0.2622396335587202
1403636665.6135554 -4.698205829601811 7.39842436612596 -0.8891095407659586 -0.7197423322330534 -0.3941321538070338 -0.5101155090662843 0.2577071747879738
1403636665.6635556 -4.719534316187353 7.429034588887159 -0.8817445202678275 -0.7195536689141989 -0.3947163185880102 -0.5111120807836966 0.25535462844719325
1403636665.7135556 -4.7408573246614 7.462057069807228 -0.8747698266644802 -0.7186561282789439 -0.3946191721551364 -0.5130931438269838 0.25405610406454554
1403636665.7635558 -4.763219525454659 7.493828490031956 -0.8668949752897167 -0.7170130820211812 -0.3936655453231438 -0.5161621931193603 0.2539611565380248
1403636665.8135555 -4.791524541940404 7.523869419023967 -0.8618457656958446 -0.7162880072935898 -0.3913194700374556 -0.5181265745687446 0.2556274940272318
1403636665.8635557 -4.815727644768055 7.556346557888973 -0.8542332408416623 -0.716835990507409 -0.3856210117730929 -0.5181005854517116 0.2627058837311257
1403636665.9135556 -4.840670477897316 7.589557393956019 -0.8457213851275062 -0.7186229618504989 -0.3800000176527477 -0.516235679155307 0.26959552824961114
1403636665.9635556 -4.860215786302735 7.62729288771799 -0.8353511534320378 -0.7207271237325585 -0.3751793529380528 -0.5137314764561332 0.2754502429539299
1403636666.0135555 -4.880354890698175 7.663692812697385 -0.8272575305600416 -0.7228725198369528 -0.37199636151278115 -0.5110935176291218 0.2790294667652813
1403636666.0635557 -4.903940583263224 7.694997037445503 -0.8231651261563236 -0.723865825984606 -0.37033654961530305 -0.509903662758511 0.28083333259446114
1403636666.1135554 -4.927802962324769 7.7247596133505265 -0.8194830933142412 -0.7231879347362442 -0.3707441532326325 -0.5112088275870209 0.27966679905353026
1403636666.1635556 -4.95021057033903 7.754121874177657 -0.8178988601167084 -0.7215869478139586 -0.3724344468151838 -0.5139607847708648 0.27649443265230544
1403636666.2135556 -4.976227241334062 7.7832339000245865 -0.8161015660382127 -0.720168403944675 -0.37325704786400393 -0.5158832163365346 0.27550163934521466
1403636666.2635558 -4.998666271602807 7.8115948206269294 -0.817297629465655 -0.7197302243518147 -0.3733254727596093 -0.5164281048030156 0.27553313432846227
1403636666.3135555 -5.047088401189418 7.853199045636198 -0.8042432412323898 -0.7204788874532986 -0.36937970248433294 -0.5180050282642027 0.27593404795284954
1403636666.3635557 -5.080272953676561 7.878075543778663 -0.8074317495499894 -0.7201085308459129 -0.36806692821074893 -0.517900648100396 0.2788357201967389
1403636666.4135556 -5.103726660346639 7.902197895571867 -0.8105052862865968 -0.7215744794024267 -0.3667628201837273 -0.5155382544983531 0.2811327312050079
1403636666.4635556 -5.136230288244636 7.917838590327018 -0.807200422820327 -0.7224115857231664 -0.36669053944961133 -0.5133705058480791 0.28303758198582185
1403636666.5135555 -5.159208859433716 7.939075409898116 -0.8073200181425495 -0.723221094339908 -0.3674245962724038 -0.5115152243477643 0.28337711625377143
1403636666.5635557 -5.189437157579526 7.9518425928730165 -0.8035930811011776 -0.7235987354352239 -0.3696636173909559 -0.5106635483902338 0.2810274370937353
1403636666.6135554 -5.212627553544428 7.969409108656777 -0.7986122231241759 -0.7243920449532576 -0.3730881447812493 -0.508791224745345 0.2778360866666807
1403636666.6635556 -5.235422895052689 7.986246428086012 -0.7920052129244779 -0.7244183565921886 -0.3771188797899461 -0.5081824873914984 0.2734043793483175
1403636666.7135556 -5.2596860787409785 8.003533138476723 -0.78434575553409 -0.7256076755044338 -0.3810493604308621 -0.5057918988195208 0.26920148820693224
1403636666.7635558 -5.262932395926668 8.025600002854349 -0.7674134666339788 -0.727187366080774 -0.3846379525002939 -0.5023889193990967 0.26619082210680417
1403636666.8135555 -5.2859158239218464 8.043418972368375 -0.7582396483975059 -0.729115435756108 -0.38617598056898744 -0.4989359916735946 0.2651823327192984
1403636666.8635557 -5.307532895680645 8.060762692711272 -0.7505600731333086 -0.7326598181781946 -0.3864312443727954 -0.49321761310247664 0.26573834936847823
1403636666.9135556 -5.3283183789190085 8.079367045699845 -0.7452404282755102 -0.7382234725418441 -0.38365739378891717 -0.4844799475888389 0.27039284229371363
1403636666.9635556 -5.348526473169192 8.09722106902311 -0.7405324880757846 -0.7429518170985019 -0.3805177516026105 -0.4770302339380595 0.2750836129149251
1403636667.0135555 -5.366850325209217 8.117232257128864 -0.7376730893707552 -0.7442869825442735 -0.3786458172486468 -0.4746808931537173 0.27810480465111365
1403636667.0635557 -5.382422599064787 8.136874785484245 -0.736059977647159 -0.7433894137993666 -0.3779992398133471 -0.47569447248876195 0.2796489281138124
1403636667.1135554 -5.39855583360258 8.15755279487887 -0.7347231596237921 -0.7379872197377144 -0.3789632563614238 -0.48373112605251306 0.2788654003631717
1403636667.1635556 -5.410774282618417 8.177349871749934 -0.7323652644693119 -0.7307588221398152 -0.38115419540837653 -0.49401585299121675 0.2768778795440035
1403636667.2135556 -5.422817413335077 8.198012345710527 -0.7322346633316906 -0.7248775984073086 -0.3827184767116273 -0.5023260112331469 0.27522284307335504
1403636667.2635558 -5.43398506554128 8.217686877908102 -0.7322060892609557 -0.7194238613383089 -0.38519005057584965 -0.5097871159589926 0.27235093000881205
1403636667.3135555 -5.4450817513753735 8.237911055433676 -0.7351212025018322 -0.7159612747268218 -0.38722027487472066 -0.5141871522023561 0.27031737703581227
1403636667.3635557 -5.460665552901738 8.25756029781192 -0.7414882252637456 -0.7141006285109812 -0.38795635324085165 -0.5164689896028074 0.26983317646082106
1403636667.4135556 -5.473369720001842 8.2765565669166 -0.745917070673136 -0.714047954517926 -0.3890164772384837 -0.5163550099732027 0.2686618744096379
1403636667.4635556 -5.47575851410005 8.309047467638758 -0.7729781166819204 -0.7157923459077962 -0.39057433611016534 -0.5136342590978203 0.2669697611958152
1403636667.5135555 -5.503404066056073 8.319500496254479 -0.7848480683849651 -0.7177653956157627 -0.3916073974241118 -0.5106261485134478 0.26592747055087046
1403636667.5635557 -5.513807193182361 8.337295962515046 -0.7912705835916185 -0.7218174922197442 -0.391458183928236 -0.5048853107012317 0.2661406041913331
1403636667.6135554 -5.53773548955759 8.359003357297748 -0.7995658048123024 -0.7258388985981481 -0.3908624940844846 -0.49906908792438714 0.26704765394626495
1403636667.6635556 -5.552831141585217 8.378468234556962 -0.8029601077681341 -0.7289412221097331 -0.3899369052911841 -0.49437000435442313 0.26868606848087734
1403636667.7135556 -5.56775163380706 8.398048806850815 -0.8041059440528349 -0.7307206960892605 -0.3883599307826565 -0.49171771855806756 0.27099356768264055
1403636667.7635558 -5.581784885282353 8.41771292046445 -0.8029651426686831 -0.7310717762352644 -0.3872811415160963 -0.4912128671966959 0.2725019165411611
1403636667.8135555 -5.593682934432358 8.439591844122738 -0.7995135585327976 -0.7309768590620259 -0.3863008028301041 -0.4915690968007107 0.27350382871025025
1403636667.8635557 -5.606510000514943 8.459492503424249 -0.7968365532240194 -0.7311767259691572 -0.38528558591440876 -0.4916703580201104 0.27421865679050983
1403636667.9135556 -5.6203244741717295 8.479884934139633 -0.7949137470826918 -0.731438784582485 -0.3842156353143708 -0.4916568668501078 0.27504395151976546
1403636667.9635556 -5.631981005478028 8.499322339778702 -0.7935567757278994 -0.7320275178038509 -0.384440838201763 -0.49111335202422096 0.2741325054862931
1403636668.0135555 -5.647596429397135 8.520806994080214 -0.7891432013768143 -0.7318746569642226 -0.38356881637548845 -0.49204745630394137 0.2740871218109842
1403636668.0635557 -5.657659632119684 8.540780527302807 -0.7908390623403647 -0.7310983584447164 -0.3842760794836257 -0.4940122785154694 0.27162281511701003
1403636668.1135554 -5.667241354280831 8.562758228381343 -0.7947163737408455 -0.7303792376435962 -0.38496342776911774 -0.49593589902547364 0.2690667436849185
1403636668.1635556 -5.676079241786794 8.583454233144145 -0.7997785701061793 -0.7298907810513404 -0.3858111110320692 -0.4976821116849144 0.2659356126006989
1403636668.2135556 -5.684927974460791 8.606648739447326 -0.8063879260231731 -0.7304839742167759 -0.38679000296135746 -0.49782522604947177 0.26259608018858543
1403636668.2635558 -5.692949460693341 8.628369778460671 -0.8140693211389375 -0.7307499207683864 -0.3875520155578265 -0.49852279415005635 0.2593896918670512
1403636668.3135555 -5.698138035804702 8.656533684157393 -0.827819562554046 -0.731455967932624 -0.3873950165279655 -0.4991528607190957 0.2564053232306004
1403636668.3635557 -5.71669668406013 8.685757959585215 -0.8294760010228766 -0.7316872830094574 -0.38631038551783836 -0.5003227261121621 0.2550983646733
1403636668.4135556 -5.725483557701936 8.709203900129316 -0.840612757287716 -0.731516012914355 -0.38523518746100865 -0.501746073736356 0.25441904543865806
1403636668.4635556 -5.743611215240015 8.755060351339768 -0.8530754393976214 -0.7307780667351691 -0.38417302788948493 -0.5039408724516246 0.25380720812011887
1403636668.5135555 -5.750705970704327 8.781047766231525 -0.8649728363084429 -0.7307535040486294 -0.38324516818284166 -0.5050072562478939 0.25316028227612913
1403636668.5635557 -5.75302955327465 8.79239718425379 -0.8900924639442966 -0.7306418481975738 -0.381708021663534 -0.5060986485649888 0.2536249865073168
1403636668.6135554 -5.7577546232470915 8.819771673172381 -0.9013583877689485 -0.730831872823427 -0.3812036292709595 -0.5065753191864282 0.2528833974131548
1403636668.6635556 -5.763074951250039 8.842977647503819 -0.918047367509233 -0.730996691313635 -0.3805924722078622 -0.5074222070565352 0.2516265311391085
1403636668.7135556 -5.772114697219035 8.867411145611312 -0.9340626374297823 -0.7296898925193153 -0.3817106545606417 -0.5099190451510824 0.24866082188846164
1403636668.7635558 -5.781271761220219 8.893459995356448 -0.9451078402907619 -0.7272500741979285 -0.3833899667305144 -0.5138863608209021 0.2450311636337958
1403636668.8135555 -5.792325133074031 8.920447659462798 -0.9559718495740092 -0.7245623936833486 -0.38431060251012106 -0.5182955532981451 0.24224866953098753
1403636668.8635557 -5.801398779920883 8.947979894399703 -0.9646013517887009 -0.7213435039072239 -0.3866689252740167 -0.5226318603140374 0.23876061271276386
1403636668.9135556 -5.81389144678928 8.976691747827028 -0.9718362225868373 -0.7179793443087833 -0.38764181362637995 -0.5274847350046299 0.23664179641702374
1403636668.9635556 -5.827926028874996 9.005866844835499 -0.9774822771696309 -0.7171766009065688 -0.38554520483470167 -0.5288090338697706 0.23952791870424656
1403636669.0135555 -5.844533758405919 9.034473926661871 -0.9810677359299317 -0.7177811634798148 -0.38205350063499505 -0.5282009807764302 0.24459977087668439
1403636669.0635557 -5.852266107065935 9.079768473111706 -0.9821711349250483 -0.7188809410654393 -0.37681558747726734 -0.5288150653166641 0.24814276596580942
1403636669.1135554 -5.8717183615472175 9.110148554831278 -0.9830203269385465 -0.7196932423489244 -0.37318025223902074 -0.5283180063348959 0.25230580738150726
1403636669.1635556 -5.89025398448117 9.146134803036981 -0.9833212180031817 -0.7204822197455943 -0.3711827271014652 -0.5277521655761752 0.25417790199314705
1403636669.2135556 -5.911220439461992 9.174863059251718 -0.9839714545631394 -0.7205702513901193 -0.3697391054770128 -0.5279549454201569 0.25560728138892663
1403636669.2635558 -5.944236266612783 9.236514542568855 -0.9893755231516473 -0.7209454828061929 -0.36865005981570037 -0.5284713002355377 0.2550545609209652
1403636669.3135555 -5.974118871237403 9.276891613506033 -0.9969199875345678 -0.7211025877909912 -0.3686008017688196 -0.528878444229448 0.2538347849408313
1403636669.3635557 -6.000680858566259 9.30452558643892 -1.0066087059824766 -0.7217756496196357 -0.3690151352719327 -0.5277108266306761 0.25374992613429226
1403636669.4135556 -6.023734915234683 9.333623854533606 -1.0138793414379208 -0.7212129843504157 -0.3683314174056433 -0.5286420409977197 0.25440399101838407
1403636669.4635556 -6.049630544578749 9.361656445474893 -1.0219331940794616 -0.7200541449410021 -0.36708690596756177 -0.5302230465460783 0.2561889004852479
1403636669.5135555 -6.076338438186748 9.389663680132555 -1.030507180669911 -0.718409385811419 -0.36676159789051177 -0.5321476067417886 0.2572796325592934
1403636669.5635557 -6.098035170658584 9.417764489204353 -1.0421078521238405 -0.7163441397540078 -0.3658685599664516 -0.5348507264431817 0.2587005425030384
1403636669.6135554 -6.133005996491695 9.439240662845604 -1.0471282306187428 -0.7125057830634144 -0.3663144291440177 -0.5385357207616801 0.2610144163945371
1403636669.6635556 -6.159644883268655 9.465914611232677 -1.055982754186 -0.7095529363479637 -0.3652338656200678 -0.542010874063463 0.2633686889536528
1403636669.7135556 -6.197914719928823 9.472337695798227 -1.0586274863227971 -0.7057878875728796 -0.3637565567743148 -0.5466901857908395 0.26584669627265384
1403636669.7635558 -6.2276786573321425 9.495995773154725 -1.062698667980164 -0.7048283303668268 -0.36265293729139025 -0.5475201795256622 0.2681818875286417
1403636669.8135555 -6.259559448698036 9.516726592252311 -1.0658768971712176 -0.7072143427992743 -0.3581041021415237 -0.5433364548315738 0.2763961327867323
1403636669.8635557 -6.293362922674438 9.537369316372848 -1.067682101966607 -0.7113901250312589 -0.35129526912307635 -0.5365430927930849 0.28746692588154643
1403636669.9135556 -6.327430147887982 9.551353096830306 -1.0674296788574305 -0.7177725073558184 -0.34561340624053444 -0.526494305082872 0.29691370434228953
1403636669.9635556 -6.361057617933655 9.566545326879773 -1.0659638632165875 -0.7226796773521086 -0.34185122168695725 -0.518830806060463 0.3027976566224338
1403636670.0135555 -6.39341328215845 9.576613156131629 -1.0642094770792976 -0.7267015802738236 -0.34030784009176407 -0.5127320062276647 0.30528884190117384
1403636670.0635557 -6.4106905563128755 9.58938247634644 -1.053165029148385 -0.7296010189517692 -0.3393095379974493 -0.5075124386924063 0.30819233465643553
1403636670.1135554 -6.4392227355789515 9.596529420992011 -1.0473981112857103 -0.7315892662409906 -0.3391332772811376 -0.5030394185341168 0.31099374457114337
1403636670.1635556 -6.466853823459267 9.601377527444965 -1.0394951194439783 -0.7307859921499662 -0.337836107715863 -0.5017386913502594 0.3163493063101527
1403636670.2135556 -6.494250366125569 9.604045435069478 -1.033177526297452 -0.7292009147984013 -0.3344067531834458 -0.500259547771232 0.32585047820465607
1403636670.2635558 -6.517886114945339 9.603846447260498 -1.0255799873422549 -0.7270872442552055 -0.33160696200943907 -0.4995018592342426 0.33448296609809075
1403636670.3135555 -6.53807129077228 9.601430307457793 -1.0204207803148182 -0.7257133171940103 -0.3296348859331609 -0.4976955208186074 0.342023671374063
1403636670.3635557 -6.552338981338862 9.598440120383545 -1.0209253115378623 -0.7253610791366075 -0.32989532173999153 -0.49429429321425783 0.34740974837166116
1403636670.4135556 -6.5697440755747065 9.588236946262937 -1.0183369730754233 -0.7247302064691111 -0.332224142362579 -0.4904241140148537 0.351962264249215
1403636670.4635556 -6.58226549395929 9.574418035406929 -1.0160329253502458 -0.7244930430243582 -0.33506616173444737 -0.4847132908018367 0.35762204013442017
1403636670.5135555 -6.595383192818406 9.55307345377503 -1.0116974300040964 -0.7228916504950474 -0.3395513330784745 -0.480041858055473 0.3628944314312722
1403636670.5635557 -6.602375272217585 9.532332918632505 -1.006348902176521 -0.7204505479270054 -0.3458647486247835 -0.4750829671805853 0.36827266793136315
1403636670.6135554 -6.603145191364861 9.504760303685932 -0.9976194175956788 -0.7174123941115123 -0.3527333849150071 -0.4705947991714243 0.3734155204787244
1403636670.6635556 -6.602654785802924 9.47953152056742 -0.9960188264433225 -0.7134335606685571 -0.3611337865436748 -0.46673553146616925 0.37782652950183965
1403636670.7135556 -6.598050948984348 9.44606986704573 -0.9855939142125503 -0.7085798687800321 -0.3697275363931087 -0.4632536697203391 0.3828996681677776
1403636670.7635558 -6.589242154896684 9.411830920613047 -0.973719053593872 -0.7036249786873404 -0.37808803651636286 -0.45914841561309355 0.38877250217888
1403636670.8135555 -6.581838127311753 9.372096937326793 -0.9621558115025768 -0.6985133087307311 -0.385515417197129 -0.4539579219840841 0.3967105061594185
1403636670.8635557 -6.5664575372379215 9.331816795202144 -0.9516904404991311 -0.6934971570259426 -0.392479199826358 -0.44723006789388675 0.4062105824227461
1403636670.9135556 -6.548804440580953 9.285380539588584 -0.9411928427040701 -0.68767868410029 -0.39892046772812034 -0.4406324068039494 0.41689755328597256
1403636670.9635556 -6.5210850944004815 9.22197789419923 -0.9328201532867603 -0.680731989515301 -0.4050705017983095 -0.433397027160147 0.4297544227487983
1403636671.0135555 -6.499474969181565 9.163035112755308 -0.9236265759315611 -0.67197543855806 -0.41417123728730854 -0.42760848552565933 0.4405248906532469
1403636671.0635557 -6.461186576840008 9.095540565687555 -0.9094684417569763 -0.6625286747347277 -0.4252044377655203 -0.4232459740009818 0.44846380762633836
1403636671.1135554 -6.426615591809766 9.034751295730402 -0.8884614882131011 -0.6526099709975889 -0.4392840585090682 -0.4200471443172364 0.45242694243961934
1403636671.1635556 -6.383303669930489 8.971581343540585 -0.8688623282483494 -0.6433886796429193 -0.4538266918011132 -0.4161299142112015 0.45489365264287507
1403636671.2135556 -6.336318174960007 8.893860828206204 -0.84931087266399 -0.6353785343218423 -0.4678359513925952 -0.41193088300356306 0.45578129441160437
1403636671.2635558 -6.28360202960876 8.824136433543666 -0.8267561459095208 -0.6284059086749116 -0.4825047400193333 -0.4085670305840924 0.45317565173013397
1403636671.3135555 -6.233187777555756 8.745052336137721 -0.8055107009735201 -0.6220305366330817 -0.4991862736950792 -0.40695617881204277 0.44528389166584786
1403636671.3635557 -6.182254197078254 8.664533025378889 -0.7823566299473423 -0.6144786759384837 -0.5178892420177885 -0.4080287462798795 0.4332657752793289
1403636671.4135556 -6.124488031558571 8.587385775055028 -0.7593034708578293 -0.606362878438418 -0.536615952768438 -0.40899485305157873 0.42082132676899286
1403636671.4635556 -6.066251635164468 8.510229119196415 -0.7336846404307452 -0.599230033179191 -0.5535545259440227 -0.40689365897416485 0.4110210510783724
1403636671.5135555 -6.003044748887197 8.435079290397214 -0.70947898535676 -0.5942670540202749 -0.5673868468939279 -0.40247015193394614 0.4036540737811234
1403636671.5635557 -5.9413909053439244 8.36155576323512 -0.6916695477661797 -0.5912158558572801 -0.578634776998167 -0.3960131466578591 0.39852125954002304
1403636671.6135554 -5.874993575132857 8.293551896786301 -0.6772814709798853 -0.5896542713830417 -0.5881345466994014 -0.38962528041327044 0.3931891861194869
1403636671.6635556 -5.815004494120367 8.221273517214211 -0.6629464332403698 -0.5888824568123155 -0.5956921574338006 -0.38325973752042547 0.3892046752369891
1403636671.7135556 -5.751011344886134 8.151568994041387 -0.6511374517184408 -0.5882529141771301 -0.6017065557763653 -0.3777111351481911 0.38631855777702795
1403636671.7635558 -5.690997858769326 8.084016924188449 -0.6373116812140904 -0.5881341531709606 -0.6060255054947637 -0.3737320530049331 0.3836087292025704
1403636671.8135555 -5.630888529163046 8.020368971965954 -0.6264540678523574 -0.5877143205304429 -0.6106112372745595 -0.3711322734883987 0.3794820548231551
1403636671.8635557 -5.572314347220309 7.960626272440754 -0.6150513878560538 -0.5888977023299228 -0.613695064038828 -0.36761204531404074 0.3760840979155381
1403636671.9135556 -5.513203876109109 7.906778409318989 -0.604479430732292 -0.5910450695145145 -0.6169373267397873 -0.3640766940688106 0.37081291983111053
1403636671.9635556 -5.456955864870249 7.852852133891277 -0.5949134957156353 -0.5925115938535015 -0.6207057972536698 -0.361773994460527 0.3643815326507976
1403636672.0135555 -5.399834055029659 7.8025292771436146 -0.5796522204374254 -0.5938146286657763 -0.6244398689099806 -0.3602726054721955 0.35729915567278986
1403636672.0635557 -5.345300869930619 7.765909942406569 -0.5611192885015398 -0.5923078497413579 -0.627832295817301 -0.362985586063038 0.3510548159105913
1403636672.1135554 -5.284715291595908 7.693028479945019 -0.5468942900993429 -0.5883013353292262 -0.6309146841830261 -0.3688123521432306 0.34615841610259795
1403636672.1635556 -5.233753663552462 7.659742037832642 -0.5239424653430562 -0.5855013535129597 -0.632030322334903 -0.37433777450295863 0.34292428794692154
1403636672.2135556 -5.192270935205628 7.62935334537904 -0.5030900076733679 -0.5835983584812252 -0.6327979820619635 -0.37869401269539754 0.3399566363890911
1403636672.2635558 -5.147466936587197 7.60326391319543 -0.4806745195125637 -0.5827117780648959 -0.6324074101354537 -0.38188114490443215 0.3386364458777225
1403636672.3135555 -5.100852925591932 7.5895637362817165 -0.4561595475094253 -0.5798846909933245 -0.6328058717650938 -0.3867402747108501 0.33722756964366435
1403636672.3635557 -5.060510016164319 7.570885223773802 -0.4364231207360696 -0.5750619135159689 -0.6329538676707167 -0.39425126011252704 0.3365102389582193
1403636672.4135556 -5.023702011806227 7.555569726260152 -0.4193223467722159 -0.5692224605120377 -0.6329315391430563 -0.40254160083712215 0.3366655860080005
1403636672.4635556 -4.990870879469054 7.543744072260354 -0.40485946805931855 -0.5629757754162489 -0.6301670667299802 -0.41178422910864254 0.34114731856018893
1403636672.5135555 -4.96566907597442 7.510426450540872 -0.3687512062270372 -0.5596279523001336 -0.6224480703420189 -0.41764221706304483 0.35348257843707276
1403636672.5635557 -4.939183854416451 7.501575536391347 -0.36128059770619864 -0.556771650422033 -0.6140786505592388 -0.42231912304803815 0.36682325242765884
1403636672.6135554 -4.910254353373716 7.4860914116493635 -0.3629815299649983 -0.5561317952756581 -0.6058051907691395 -0.4234444974158301 0.380016124301187
1403636672.6635556 -4.888249929580678 7.478572913189025 -0.3656520191540718 -0.5561617610185652 -0.5988184282749572 -0.4239049739637606 0.3903910329244538
1403636672.7135556 -4.86718328967069 7.47568388171351 -0.37496081042846496 -0.559348801296647 -0.5946453663040647 -0.42073675623628387 0.3956088835869068
1403636672.7635558 -4.8471103752916385 7.468928937397267 -0.38858264099173145 -0.563869112992712 -0.5941393995694563 -0.4143496469962902 0.396691778747818
1403636672.8135555 -4.8285970818542925 7.460151027779554 -0.4018037618240274 -0.5672041448274545 -0.595817236621528 -0.4074089291909063 0.39660968602741087
1403636672.8635557 -4.812428271993172 7.45300622223682 -0.41538691429223235 -0.5663457306324147 -0.5989561197397639 -0.4038158951242921 0.3967830677658624
1403636672.9135556 -4.794684218283323 7.457363996434554 -0.41985409025870285 -0.5636923953338501 -0.6027710620265272 -0.4001010708934453 0.39854367802803914
1403636672.9635556 -4.781122855878534 7.4521229434264695 -0.42976783971276794 -0.5591437811438864 -0.6079330220727537 -0.3971955970316205 0.4000141627246476
1403636673.0135555 -4.766692745807412 7.4458834069642705 -0.4372307133137686 -0.5538036454054902 -0.6135148664426581 -0.393864577750455 0.4022085595594571
1403636673.0635557 -4.751076868939449 7.442806501476478 -0.44458523678717793 -0.5481836772052406 -0.6198384387953983 -0.39097903708763204 0.40302649837876914
1403636673.1135554 -4.740463239169302 7.446581675476711 -0.4560717085771292 -0.5434739166987688 -0.6257984442070337 -0.38666596051700436 0.40435361266299896
1403636673.1635556 -4.7321165745310285 7.4453909520291806 -0.45806711449790266 -0.5415037521515385 -0.6324892440880263 -0.3801817150790177 0.4027318041058329
1403636673.2135556 -4.724915511786727 7.4413734255257085 -0.4514625561161406 -0.5403439326343746 -0.6394834557127649 -0.37314992810155206 0.3998105495014924
1403636673.2635558 -4.719616239396707 7.442203072338287 -0.449026768034975 -0.5391768254597157 -0.6465535804579488 -0.3671254920058928 0.39557008431328733
1403636673.3135555 -4.718490922550871 7.447060608566279 -0.4490666127220312 -0.5391725563995087 -0.6514874820660198 -0.36134510608098735 0.3927934946612742
1403636673.3635557 -4.716492497466706 7.4517548533393425 -0.444104215435231 -0.5382024371259035 -0.6554219470938164 -0.357628990077191 0.3909753360454557
1403636673.4135556 -4.71085300478898 7.461969713349335 -0.44800768881086284 -0.5370845006647857 -0.6569760024260699 -0.3560628738455907 0.3913336188608605
1403636673.4635556 -4.711731852015777 7.471553506556788 -0.44406568136490193 -0.53535139076618 -0.6578699949855599 -0.355237340061688 0.3929534200491364
1403636673.5135555 -4.713551772062216 7.482577476148317 -0.4428117403481038 -0.5333864992987292 -0.6583911708829221 -0.3554381894164213 0.3945676139442238
1403636673.5635557 -4.71746831111728 7.496464461613787 -0.44121051622600627 -0.530959165656895 -0.6578874232753104 -0.35660933920430793 0.3976132315370973
1403636673.6135554 -4.721935184486351 7.511865757395757 -0.4407287680300031 -0.5270359635783182 -0.6559498882135254 -0.3605638491158307 0.4024382535973858
1403636673.6635556 -4.729040254824745 7.529254099043685 -0.44067883715488787 -0.5235283832860224 -0.6534435092021599 -0.36412596669086333 0.4078503310737098
1403636673.7135556 -4.736472607988536 7.548183207083424 -0.4414008286013232 -0.5199829686445926 -0.6507888738056056 -0.3677387113241997 0.4133519012221975
1403636673.7635558 -4.746517472599972 7.566954558893083 -0.44162822002355434 -0.5155969574033081 -0.6479157043077474 -0.37278975764201877 0.41879925289457226
1403636673.8135555 -4.757287159896357 7.584808348656007 -0.44293496810937283 -0.513055956660032 -0.6452818778512852 -0.37507029868349595 0.4239188064922948
1403636673.8635557 -4.769844579403111 7.60221237841596 -0.44216168099408804 -0.5110404709786516 -0.6443767993051968 -0.3771694958702301 0.4258630635827726
1403636673.9135556 -4.777306504111011 7.616342849627066 -0.4511201929860692 -0.5099432637274363 -0.645537165263204 -0.3780077734569587 0.4246760638993795
1403636673.9635556 -4.792691038230277 7.634278498288503 -0.44860262475158114 -0.5099098068371427 -0.6456312220692532 -0.3779691535972477 0.42460762229339544
1403636674.0135555 -4.809914718074113 7.651851612849416 -0.44793871988782286 -0.510841472658785 -0.6456921896262815 -0.3766438071865847 0.4245727600487541
1403636674.0635557 -4.828348940075481 7.670446738432508 -0.44723084118349615 -0.511238191681823 -0.6456053921527213 -0.37624789362535527 0.42457827491725714
1403636674.1135554 -4.839905450103515 7.687811682873404 -0.4505391062652114 -0.512134864387163 -0.6450650556396641 -0.37478607673461084 0.42561056302401323
1403636674.1635556 -4.860572943071143 7.7072105012876815 -0.45211008879136316 -0.5122669014981955 -0.6441390451401733 -0.3748323940496017 0.42681165462811343
1403636674.2135556 -4.882624520847171 7.725570036693113 -0.45669686137033993 -0.5125604233162389 -0.6423730238642799 -0.3746554620165703 0.42926914103216135
1403636674.2635558 -4.905419139401737 7.7431957063827275 -0.4627187819247614 -0.5136808608440242 -0.639572327014075 -0.3733996556408529 0.43318807565263845
1403636674.3135555 -4.927755806988444 7.761813653922677 -0.47194567168938695 -0.5167046126165251 -0.6361838270207828 -0.36946886321159944 0.43792606756749025
1403636674.3635557 -4.952035764160012 7.778185314892735 -0.4819415664912405 -0.5193592552169877 -0.6339297906825482 -0.3644232101712101 0.44226090534225015
1403636674.4135556 -4.9747951165084405 7.7972444094080595 -0.4942214005878241 -0.5208393530486859 -0.6324811710872884 -0.3582278619064652 0.44762343045220626
1403636674.4635556 -4.999530547937909 7.81363400630452 -0.507111412927787 -0.5200996708962246 -0.6321156936448974 -0.35304033940730634 0.4530878512304684
1403636674.5135555 -5.024206014593958 7.832199816229528 -0.5210213161968392 -0.5176969597563056 -0.6328565036234756 -0.34827521350812546 0.458461426225171
1403636674.5635557 -5.047790178582865 7.84831574459471 -0.536931197286026 -0.5144366359370856 -0.6350667526147693 -0.34470270835355704 0.4617631537734348
1403636674.6135554 -5.061537125885404 7.8703230215866276 -0.5615855082229159 -0.5107735049704559 -0.6373812885481188 -0.34252959492681406 0.4642510056297221
1403636674.6635556 -5.0831208257611165 7.886567695008374 -0.5793396677726159 -0.5063633611217264 -0.6399232295602489 -0.3417282974088405 0.46617183262477807
1403636674.7135556 -5.104113392253797 7.903897290003 -0.5989452628224753 -0.5043525443912136 -0.6424144235978835 -0.33852237254870726 0.46726311924172065
1403636674.7635558 -5.123848976040272 7.919641984318098 -0.6198766265209299 -0.5039751231742182 -0.6466443248519312 -0.3335728580272854 0.46539159935029994
1403636674.8135555 -5.144205724596481 7.938616596812002 -0.6380068432313617 -0.5050225033429177 -0.6516949281447529 -0.327428866928579 0.461558586584114
1403636674.8635557 -5.162083076252865 7.9550075845374 -0.6567481192198518 -0.5064271490453879 -0.6565274615648433 -0.32157375129976057 0.4572674899836893
1403636674.9135556 -5.176737352341294 7.979071754699456 -0.6727714877131609 -0.5076540977927172 -0.6606505300410825 -0.3165282892873587 0.4534733026667801
1403636674.9635556 -5.192909952902431 7.9983129515251346 -0.6876558016965226 -0.5087343764553192 -0.6645580360180742 -0.3126330094740438 0.44923551992648614
1403636675.0135555 -5.207803063278346 8.02337094566584 -0.699822388505342 -0.5100433544256674 -0.6673472831766708 -0.30896488804539696 0.4461435623182574
1403636675.0635557 -5.2229755959649005 8.046392987930727 -0.7088371694310223 -0.5101609807134591 -0.6706420206706205 -0.3074487923987136 0.44209760678031434
1403636675.1135554 -5.239427706743385 8.074082301886925 -0.7178852479605158 -0.5086975250797438 -0.6734903027129098 -0.3092692118336834 0.43816685719162873
1403636675.1635556 -5.254125796004273 8.101774141124906 -0.7219192382963292 -0.5056223551032402 -0.677679001043773 -0.3129479529990114 0.43262083199713747
1403636675.2135556 -5.269755214835427 8.13399919523903 -0.7245390901598121 -0.5008196135704683 -0.6807292030015959 -0.31938738256923505 0.42869472436631645
1403636675.2635558 -5.286388005172634 8.168069277644165 -0.7246976844562764 -0.4972875370450666 -0.6829171325947081 -0.3246913836549509 0.4253290501347246
1403636675.3135555 -5.308818807572122 8.212851794923102 -0.7412698289630846 -0.4939511714179911 -0.684514479133243 -0.3291229060533858 0.4232378537214195
1403636675.3635557 -5.3289507320920535 8.250694098510152 -0.7378268483633115 -0.4894645462952914 -0.6836285953051384 -0.3348250488077766 0.42540402947308575
1403636675.4135556 -5.349186432372814 8.296223767848906 -0.7326423790408504 -0.48353343780799984 -0.6817159695403194 -0.3400569899179749 0.43106843424589314
1403636675.4635556 -5.373413838792998 8.336558880605379 -0.729487755611957 -0.47805954839695014 -0.6806336797247645 -0.3423906383252594 0.43699601027704144
1403636675.5135555 -5.39835033575428 8.378738064950651 -0.7272764108383282 -0.47094267442690246 -0.680988052766282 -0.3452928379289612 0.44186097979815814
1403636675.5635557 -5.426571415822141 8.418644150774458 -0.7262206497490709 -0.4637503069747898 -0.6815881152889349 -0.3480606528574166 0.44634860345937527
1403636675.6135554 -5.455331360980077 8.458572279086601 -0.7267718083474384 -0.4569485129562683 -0.6824019871744044 -0.3501624738502907 0.45045735238146983
1403636675.6635556 -5.485677006916256 8.49829442403922 -0.7298794955855866 -0.45126687604024435 -0.6837215828963 -0.34998456512861537 0.45430585274943414
1403636675.7135556 -5.514185559707476 8.541099473779926 -0.7352751048443777 -0.44561925564705596 -0.6846295841621041 -0.3481578782670127 0.45988248856332903
1403636675.7635558 -5.5462469482492 8.57981909225338 -0.7416733757484877 -0.44030051226419303 -0.6847448824771568 -0.34445239072456724 0.46756010880459437
1403636675.8135555 -5.577540025765378 8.617289003939337 -0.750979960656158 -0.4380310241281455 -0.6838015671180518 -0.3351743529278102 0.4777053399822616
1403636675.8635557 -5.612738453625505 8.65272054912232 -0.7608251003691929 -0.43649175017802755 -0.6827881892072188 -0.3237628192773031 0.48831637035764225
1403636675.9135556 -5.6464531174924595 8.687028218044334 -0.7704992194327525 -0.43630860033622126 -0.6835522657694516 -0.3094527605774353 0.49661866074997735
1403636675.9635556 -5.680386323082686 8.71743788283951 -0.7811708489771757 -0.434692134355347 -0.6861407996049194 -0.29578367341731693 0.5027579636235241
1403636676.0135555 -5.72421377777139 8.76791984489056 -0.7906119879929141 -0.43040104620699393 -0.691549952088701 -0.28433138040644057 0.5056374880348655
1403636676.0635557 -5.742009776877714 8.787210182233263 -0.792348351707267 -0.4248494406835999 -0.6960614332642588 -0.2766499629903644 0.5083957433440687
1403636676.1135554 -5.771812541122789 8.819234995876402 -0.8076171899478652 -0.4162265363589074 -0.7035933552384742 -0.27255044391169786 0.5073737443132725
1403636676.1635556 -5.800920768856206 8.852129493197294 -0.8227927463401936 -0.4041625766398205 -0.712089339302117 -0.27224256184423296 0.5054358238358504
1403636676.2135556 -5.832602299129604 8.873701760486592 -0.8497472783378093 -0.3916264577841254 -0.7202420694055549 -0.27233196801696746 0.503701675814036
1403636676.2635558 -5.85891161865391 8.89918988701826 -0.8728733172658198 -0.37721963801499897 -0.7296003448638865 -0.2740366982163115 0.50029248395417
1403636676.3135555 -5.888195020128996 8.930486950015418 -0.8903411298344491 -0.36472814245369267 -0.7383121004717723 -0.271786164617266 0.4979968926829512
1403636676.3635557 -5.917204979773449 8.96137619339532 -0.9062343190962664 -0.3500885179792379 -0.7452870067572165 -0.2719955040862712 0.49799975190237283
1403636676.4135556 -5.950270675217952 8.98954279001159 -0.9211935210031288 -0.3370539163336853 -0.7520617705082363 -0.2702812762469489 0.4977406779985566
1403636676.4635556 -6.021500253437387 9.010877346920235 -0.937585311318358 -0.3276471758683006 -0.7577180588323849 -0.2651912806183425 0.4981809471957083
1403636676.5135555 -6.056799417844778 9.037907245012667 -0.9493938864724659 -0.32001222996382517 -0.7621456021199269 -0.2565318130588938 0.5009168421320558
1403636676.5635557 -6.09492281470604 9.06193173306801 -0.9601738253387704 -0.3144896672835463 -0.7641549836795214 -0.24605664526608362 0.5065762898222099
1403636676.6135554 -6.134677253312081 9.07726700748069 -0.9722910723636385 -0.3093413294322946 -0.7658911713338211 -0.23681367435172934 0.5115055612776866
1403636676.6635556 -6.175600333903209 9.103579136490074 -0.976399427042672 -0.30570796428033836 -0.7665505536242617 -0.22867420708171035 0.5163826065326564
1403636676.7135556 -6.21654577177129 9.129291245608501 -0.9788945408063159 -0.3033356707794215 -0.7666055445970511 -0.22124978195886116 0.5209145263946993
1403636676.7635558 -6.258110594832892 9.153447259182279 -0.9798940827634225 -0.3019093016397672 -0.7659286676430661 -0.21490843259084078 0.525374547601284
1403636676.8135555 -6.2954888137484994 9.17539587555998 -0.9800184114442126 -0.3005795885275444 -0.7660385968762033 -0.20822030347421588 0.5286597055551475
1403636676.8635557 -6.296600103333809 9.18391327075818 -0.9794647275436872 -0.29883496888620725 -0.7670407787723257 -0.19970501293749515 0.5314734357225754
1403636676.9135556 -6.336755111187341 9.207248232219271 -0.9772160805046245 -0.2973752287570513 -0.766792252630343 -0.19602448066386463 0.5340149975499169
1403636676.9635556 -6.375093340359475 9.22961417944472 -0.9770886594161233 -0.2962841827892819 -0.7667906278849939 -0.1930745992819327 0.5356958233258362
1403636677.0135555 -6.406262163859282 9.251595382891166 -0.9821955985723785 -0.29243798584741404 -0.7679833366609877 -0.19243585331152066 0.5363301794648803
1403636677.0635557 -6.445199536865666 9.274855595458046 -0.9923636829873865 -0.2885784545330986 -0.769143978134957 -0.1963467249719309 0.5353391262282424
1403636677.1135554 -6.483140711039549 9.298072185140972 -1.0033230035251106 -0.2851009942125679 -0.7700337225561973 -0.20061428199918105 0.5343401529767378
1403636677.1635556 -6.5212013489582095 9.320402221052616 -1.0185981243398137 -0.28228594859133704 -0.7709759841636723 -0.2045889384377502 0.532967204750593
1403636677.2135556 -6.558644401677294 9.343019352238414 -1.0349933398005178 -0.27983573774071335 -0.7705902309232713 -0.2080455104807642 0.5334788856717093
1403636677.2635558 -6.596590386756047 9.364346950646643 -1.0521018163763396 -0.27693632386799905 -0.769447503381708 -0.21085793759941376 0.535533138296275
1403636677.3135555 -6.632575020694832 9.373050322830466 -1.0636929695622204 -0.273325670547723 -0.7679622092068985 -0.21191469379497438 0.5390911663192784
1403636677.3635557 -6.6727095635521705 9.384986983104088 -1.0767057999619816 -0.2678732229966863 -0.7661223568014605 -0.21252110744161304 0.5441831031023784
1403636677.4135556 -6.710642947270739 9.404251307261942 -1.0854403927744765 -0.2622320637076204 -0.7641815356841712 -0.21197502647221633 0.5498431716727303
1403636677.4635556 -6.752894252094451 9.413426007116124 -1.0925244724561165 -0.25638913686605236 -0.7619525011366306 -0.20988317835715825 0.5564548930069815
1403636677.5135555 -6.789760879153928 9.427295787878018 -1.0995942104883407 -0.2519090313922391 -0.7604506290498437 -0.20526070861255816 0.5622496973592707
1403636677.5635557 -6.825665894148853 9.440430146237096 -1.103571393177744 -0.2462296870592668 -0.7603411903110234 -0.19975895047665584 0.5668761568734186
1403636677.6135554 -6.859967215080061 9.45298944204646 -1.1038034138660837 -0.24137467105008772 -0.7613141252622825 -0.19186550044139766 0.5703741759511556
1403636677.6635556 -6.894105302895387 9.463274845377583 -1.1045451477187316 -0.236448143071253 -0.7637916416308815 -0.18309712564468084 0.5720052852846863
1403636677.7135556 -6.926677979621618 9.470098705441266 -1.095005272471439 -0.23129282485584104 -0.7663148161106899 -0.17275024928960106 0.5739534677565992
1403636677.7635558 -6.957311464548053 9.477379618720304 -1.0931504324451413 -0.22556226875991253 -0.7703128424592625 -0.16266265669657176 0.5738298073214967
1403636677.8135555 -6.987419393939398 9.48343174848323 -1.0907474542616746 -0.22072519889587194 -0.7755132850955611 -0.14934209548753655 0.5723254928168587
1403636677.8635557 -7.016358445567363 9.490749889760714 -1.0884982485622927 -0.21642179455441068 -0.7805288404383124 -0.13492172718413276 0.5707297640911347
1403636677.9135556 -7.042432449629193 9.495899180503887 -1.085257266340918 -0.21024611338499763 -0.7858954799672562 -0.1215201133359657 0.5686806910985752
1403636677.9635556 -7.066214392194411 9.5015376951347 -1.080831414819812 -0.2023506268149678 -0.7904183350861441 -0.11006683043429955 0.5676075864762424
1403636678.0135555 -7.0935324332953815 9.509037824668743 -1.0766698288272154 -0.19281556479707454 -0.7950747254400267 -0.1014419469489143 0.5660281533083535
1403636678.0635557 -7.117890623582902 9.51678188324261 -1.0722527745332353 -0.1827239141971269 -0.7980148177271532 -0.09524925604471458 0.566314312984678
1403636678.1135554 -7.143547139118477 9.525808694895522 -1.0696537854174197 -0.17130975215267108 -0.8004249604866372 -0.09359163925505092 0.5667569642350309
1403636678.1635556 -7.156911360822089 9.548012044457284 -1.0628715643313507 -0.1607584169704404 -0.8020089143888715 -0.0926950098575013 0.5677552886248259
1403636678.2135556 -7.180115327841903 9.560031363545896 -1.0642517898550672 -0.15072603133327125 -0.804258756665832 -0.09358788293148693 0.5671779473615438
1403636678.2635558 -7.200791938917581 9.57268752493365 -1.065317981316888 -0.14144701481675387 -0.8057846191874265 -0.093262930485549 0.5674556504940721
1403636678.3135555 -7.226116999307241 9.583786123350881 -1.0669557848949758 -0.13327656880062166 -0.807085503192969 -0.0906451771068555 0.5680086254730223
1403636678.3635557 -7.251587880498256 9.585131156182486 -1.0534940328838749 -0.12702676011530836 -0.8077171030822198 -0.08495668826491537 0.5694204463506143
1403636678.4135556 -7.270421861719605 9.590325091503118 -1.0338353867891557 -0.11979909051098944 -0.8092291469573153 -0.07975806057470007 0.5695919744877365
1403636678.4635556 -7.290518368569058 9.603448784290713 -1.0329963193179708 -0.1121701187245222 -0.8106965939892238 -0.07469801944251159 0.5697447699197989
1403636678.5135555 -7.313440228751083 9.614159917556467 -1.0285821895119642 -0.10425323604706996 -0.8125460783309824 -0.06959412935241815 0.5692598620334426
1403636678.5635557 -7.389092153536818 9.63390696578881 -1.0348404347690234 -0.0968744578338966 -0.8138748909482754 -0.06581571112364812 0.5691144818686396
1403636678.6135554 -7.41185936659479 9.643616853724005 -1.0260603568230293 -0.08705776706355843 -0.8147127062564428 -0.05941921014711296 0.5702047955986547
1403636678.6635556 -7.4305208830091045 9.65243137430164 -1.0177342856805132 -0.07490228139567917 -0.8156023393613507 -0.055656833908839 0.5710383429413989
1403636678.7135556 -7.449535618084431 9.661251609471364 -1.0109108794425254 -0.060644684849965186 -0.8165914409213743 -0.053721177863331235 0.5715021223603449
1403636678.7635558 -7.455134519534083 9.667559822920207 -1.0043568409820811 -0.045150625463591616 -0.8172738382942525 -0.05229148738458291 0.5720930821178793
1403636678.8135555 -7.467653297389306 9.676500785256925 -0.9975853681524293 -0.029331350105767505 -0.8182650345200155 -0.05197996834339457 0.5717342810029417
1403636678.8635557 -7.489028762843443 9.684914440812506 -0.9960104777730927 -0.014809155385488567 -0.8192428186203138 -0.05155506861839502 0.5709325423861954
1403636678.9135556 -7.506959959146381 9.689810852960068 -0.9961186202169288 -0.000862892608795503 -0.8195597124794659 -0.05161794011465386 0.5706634046048871
1403636678.9635556 -7.526759851233616 9.693304938240681 -0.9977965740539783 0.010124617364284749 -0.8202120047905193 -0.04822787641497034 0.5699331813969482
1403636679.0135555 -7.545919760202664 9.694415233560402 -1.0002346105813904 0.0193963956750197 -0.8196269158152565 -0.042318059127176386 0.5710032229135817
1403636679.0635557 -7.5638851031143615 9.691678486906277 -1.0030309032320863 0.02716718062903673 -0.8188259766741983 -0.034016052983921054 0.5723887423417845
1403636679.1135554 -7.581551602151613 9.689443445452477 -1.007884416187828 0.03446062336736615 -0.8174747203882473 -0.024673548035801084 0.5744029622056405
1403636679.1635556 -7.588542746488249 9.69231360605324 -1.0109909846613496 0.03917282760480564 -0.8155347332864784 -0.011661284101573481 0.5772630274267524
1403636679.2135556 -7.585713142059267 9.699952400071973 -1.0107656969177277 0.043436945057937604 -0.8124154210329446 0.0035689656622685793 0.5814479150844026
1403636679.2635558 -7.600835188649236 9.692208591085667 -1.0170348603812671 0.04909917379811128 -0.8102655489287971 0.01826684686523181 0.58371682660093
1403636679.3135555 -7.615517402560344 9.684142543702793 -1.0201596048197907 0.055424260222150315 -0.8083519513525514 0.03175133045415342 0.5852239974041913
1403636679.3635557 -7.623480101032728 9.677889422554726 -1.02193290211556 0.06406585905821488 -0.8066101372813604 0.043144894841075476 0.5860155033676416
1403636679.4135556 -7.647128971074004 9.668745256788938 -1.0185011506825685 0.07226697588124853 -0.8053002097649977 0.05179412174376838 0.5861624564079667
1403636679.4635556 -7.6571783216788765 9.662112129246083 -1.0156345993439384 0.08209537499336537 -0.8041979466544815 0.0611944417000214 0.5854752362879553
1403636679.5135555 -7.670021242346988 9.653174230889757 -1.0136308672395287 0.09178747109144868 -0.8037063817066156 0.06863049898502906 0.5838843779069297
1403636679.5635557 -7.680218178762296 9.646644108988896 -1.0092112972794356 0.1002807713663491 -0.8034598771656037 0.07494690288734346 0.5820472097921252
1403636679.6135554 -7.685500822490226 9.62913239139048 -1.0052413262270548 0.10775334784709194 -0.8031642830884075 0.08078537053516921 0.5803361735290363
1403636679.6635556 -7.693875160856611 9.623202230663335 -0.9978211820525433 0.11369532497264719 -0.8038795680734706 0.08529520931694522 0.5775601616982886
1403636679.7135556 -7.702000984788393 9.618635471201886 -0.9889073106789741 0.11911967528952014 -0.8041462268526135 0.088309540863006 0.5756394477363321
1403636679.7635558 -7.708056849583603 9.61421032778316 -0.977128614778719 0.12416192039176152 -0.8034726099865872 0.08877357094371592 0.5754431645504816
1403636679.8135555 -7.711679369757847 9.609939827921048 -0.9614618194284137 0.12783682878497168 -0.8008059267373089 0.08998147826424348 0.578161695789321
1403636679.8635557 -7.718408920948039 9.601445526667346 -0.9470262419361755 0.1309021991062538 -0.7980342465100351 0.08973382723018536 0.5813379360724109
1403636679.9135556 -7.721058504542516 9.597315733877169 -0.9277872489163598 0.13503941513701162 -0.7943803781922377 0.08728151227611079 0.5857526002651686
1403636679.9635556 -7.725839219547556 9.592921833049418 -0.9089310691857518 0.13794534569023406 -0.7933234612086589 0.0844774366680059 0.5869178223502148
1403636680.0135555 -7.725872213828972 9.58831250425283 -0.8898437572627874 0.1424977210721866 -0.7919683821763732 0.07809362048428763 0.5885421544476042
1403636680.0635557 -7.724877031228383 9.583787549683862 -0.8673388572684382 0.14694150414349483 -0.7908767796013444 0.07138794446753755 0.5897676451214952
1403636680.1135554 -7.726700266307722 9.569675212687919 -0.8452441652638926 0.15126626095722284 -0.7893181067543209 0.06342070252329823 0.5916698903419433
1403636680.1635556 -7.724053120941837 9.562491510694525 -0.8252731583712937 0.15299098568538902 -0.7889554410190798 0.05935444581979261 0.5921318435507653
1403636680.2135556 -7.717078343958747 9.55352771777411 -0.8084968367065286 0.1518114223543684 -0.7888091761894875 0.060017974387595534 0.5925632610552359
1403636680.2635558 -7.710723115968629 9.543207829487192 -0.7912734420750754 0.15090365022703878 -0.7872109241279106 0.05989444722778763 0.5949283187688366
1403636680.3135555 -7.7022886987607775 9.532171380576957 -0.7765639991785775 0.1519805008375221 -0.7867194045223875 0.05605221385938759 0.5956783152294346
1403636680.3635557 -7.692337784090506 9.51931599434151 -0.7635324530661101 0.15457714759156777 -0.7877225095938436 0.049730386915768955 0.5942440928935178
1403636680.4135556 -7.680730137000882 9.505542750778487 -0.7518230333010556 0.1561864600188783 -0.7895887711145507 0.04452580604394337 0.5917540154766356
1403636680.4635556 -7.6673377744604565 9.488977998307591 -0.7416679737457301 0.1567353809175805 -0.7912329127609116 0.04080885652731806 0.5896771450221193
1403636680.5135555 -7.651905672537316 9.470202093545467 -0.7338407995820537 0.15698277059561072 -0.792707766783956 0.03761537825377727 0.5878400203587234
1403636680.5635557 -7.63549880950782 9.448838203217626 -0.7267466407366128 0.15480032310067382 -0.7943196763206073 0.03822592368817273 0.5862012372351656
1403636680.6135554 -7.617585253948389 9.426744134714594 -0.720602458127896 0.15142427224868502 -0.7950955987505139 0.040833057765997154 0.5858552210358774
1403636680.6635556 -7.59860574927594 9.400659843157056 -0.7158224709873358 0.1492941804644958 -0.7956455223549787 0.04156002196813132 0.5856041453148332
1403636680.7135556 -7.581339414201132 9.368511984313889 -0.7196529302861326 0.1459020058187687 -0.7974172694093459 0.0447561521981824 0.5838109197216304
1403636680.7635558 -7.560100340284537 9.33798472324952 -0.7176661448082624 0.1396219489562985 -0.7998375723928481 0.05201640030346321 0.5814291558374334
1403636680.8135555 -7.539453934596781 9.307793406057645 -0.7152654478390138 0.1332349621187267 -0.8016851188119598 0.05995756799296032 0.5796158255129384
1403636680.8635557 -7.517019572447249 9.275042917090623 -0.714831592579312 0.12565196274754675 -0.8041737899388963 0.0694200133289096 0.5767988918006126
1403636680.9135556 -7.493679813165867 9.241870074468833 -0.7156817181071023 0.11853067338731005 -0.8077354227782735 0.07852078749166921 0.5721437338529917
1403636680.9635556 -7.472122797894769 9.209472934906685 -0.717610694640399 0.11442369051206266 -0.8126213134584548 0.08372941857103264 0.5652815267001147
1403636681.0135555 -7.450738808919745 9.177909362987796 -0.720160748559752 0.11318998466900554 -0.8172836549168263 0.0843898803161955 0.5586714623789572
1403636681.0635557 -7.429090348831173 9.146068733992173 -0.7259738730071715 0.11310499261987549 -0.8218459833590346 0.08400142582069979 0.5520146743893399
1403636681.1135554 -7.408825639319378 9.114987959688913 -0.7324906831227757 0.11433357799052865 -0.8250134825513316 0.08188994782721437 0.547334105457776
1403636681.1635556 -7.3902899651549046 9.083576578180683 -0.7383611156307287 0.115724583732252 -0.8247912005542567 0.07986287779061627 0.5476761971815702
1403636681.2135556 -7.377528704880769 9.05452934217559 -0.745457147556891 0.11877652938220035 -0.821281804521615 0.0760616626224561 0.5528136730479328
1403636681.2635558 -7.359508353463948 9.033614495832134 -0.7619647129776397 0.12154743042956359 -0.8162226831126076 0.07305850810625678 0.5600617895569329
1403636681.3135555 -7.347223666984695 9.005605528041336 -0.76721755309617 0.1225527527792654 -0.8121639755648468 0.07219735257852385 0.5658250982959131
1403636681.3635557 -7.330355416263513 8.975240259387364 -0.766348363195886 0.12280125624063307 -0.8082225446101566 0.0722259654213531 0.5713839162669521
1403636681.4135556 -7.315512225682209 8.948830003851747 -0.7603645924654583 0.12244531377296332 -0.8054091953032684 0.07436955693247574 0.5751454965985995
1403636681.4635556 -7.307789774234981 8.91523584933953 -0.7562994521926572 0.12130440127495572 -0.8037729969441788 0.07664192518052053 0.5773735592485348
1403636681.5135555 -7.292059275714242 8.883141970589026 -0.7537954582885317 0.12102313297505778 -0.8025989075616103 0.07828156991148436 0.5788440123884883
1403636681.5635557 -7.275877460855221 8.85054241783671 -0.7512025690463837 0.12188375914777659 -0.8023262438071239 0.07884827549105626 0.5789645042715873
1403636681.6135554 -7.271052807595644 8.813382818699498 -0.74076225494766 0.12382317095068515 -0.8024625848293173 0.07683283350533741 0.5786348917757288
1403636681.6635556 -7.255260403655301 8.781503708489693 -0.7396692942545341 0.12516111313117148 -0.8021265403753469 0.07627080133067131 0.5788872721433944
1403636681.7135556 -7.221118489708081 8.7639904000061 -0.7393406580368483 0.12720320919649747 -0.8018989838873044 0.07596269543641532 0.57879791992772
1403636681.7635558 -7.205121557300242 8.730558132382944 -0.738837971068187 0.1281740983769758 -0.8015046681953905 0.07572059515220098 0.579161513600518
1403636681.8135555 -7.189758680985329 8.69506403349314 -0.7405327806284062 0.12922477658861134 -0.8011728668430815 0.07563643631098985 0.5793980704595375
1403636681.8635557 -7.169721039762198 8.662085951139147 -0.7393657603901737 0.12952497498773563 -0.8007047529795168 0.07655816185466549 0.5798569024025432
1403636681.9135556 -7.151428519701071 8.628532555782845 -0.7385353908069608 0.12996290988442216 -0.8000254466446155 0.07747268182263986 0.5805746380498077
1403636681.9635556 -7.1298725651950825 8.595537410293069 -0.735742263577673 0.13024790852917803 -0.7996611159103212 0.07918892302104281 0.5807811089348571
1403636682.0135555 -7.111433056537728 8.560896688798458 -0.7315813900161822 0.12991895134836698 -0.7997548965683422 0.08103348303988787 0.580471141506557
1403636682.0635557 -7.091161378725865 8.526185865351446 -0.7248588033056222 0.1294449609961918 -0.800044300925006 0.08290035849483082 0.5799143464267301
1403636682.1135554 -7.069622664099771 8.491739505835499 -0.7163080109804952 0.12938582688393485 -0.7997661979098708 0.08410721599138304 0.5801373222785523
1403636682.1635556 -7.048037458361874 8.457263864596289 -0.7056713696201061 0.12901425400145686 -0.8001335238789266 0.0854439402702533 0.579517902485016
1403636682.2135556 -7.008049452225694 8.425864054320135 -0.6863278709257561 0.1287615651607948 -0.8017202180224735 0.0863470264473914 0.5772428798824925
1403636682.2635558 -6.981250688125788 8.393962636609954 -0.6783174649832134 0.12784760634543343 -0.8041252536762976 0.08766353833275833 0.5738925596300706
1403636682.3135555 -6.958648655883379 8.359975411870925 -0.6716720456127935 0.12800015021196395 -0.8076484000699387 0.08727645702407065 0.5689488935392251
1403636682.3635557 -6.92557820644473 8.284544677186513 -0.6980470728612886 0.1259684303912572 -0.8107941862125143 0.08546313895732213 0.5651909359042404
1403636682.4135556 -6.9053043391525195 8.251674523462594 -0.6962322706523993 0.12540119532326938 -0.812808196106943 0.08531440599061178 0.5624400667478641
1403636682.4635556 -6.882386629717919 8.21772173447796 -0.6937456978861707 0.1248797355247009 -0.8116973751939883 0.08506668485974934 0.5641950743186638
1403636682.5135555 -6.861671607556463 8.185481537729238 -0.6918238565317508 0.12500937728959136 -0.8093245228683824 0.08322491100042925 0.5678380812014148
1403636682.5635557 -6.839575925756623 8.15195264486276 -0.6910650631793092 0.12517653833089035 -0.8068082449278637 0.08134037015620452 0.5716424007635956
1403636682.6135554 -6.8206832251724405 8.118931544575288 -0.6939940944527276 0.12559838457750633 -0.8044372674060802 0.07969196295831021 0.575112962503551
1403636682.6635556 -6.797554024446714 8.084314678178206 -0.6954808661990274 0.1251354922051081 -0.8026398193311687 0.07847986701302866 0.5778852303773054
1403636682.7135556 -6.80271074034071 8.032415257451168 -0.6866607284630939 0.12588359483617378 -0.8016767825666856 0.07939685310901301 0.5789333265247693
1403636682.7635558 -6.783000786690792 7.998954132029402 -0.686520621261632 0.12408537762695492 -0.800541800725197 0.0801976484684355 0.5807787715911872
1403636682.8135555 -6.765423248749282 7.970545000096529 -0.6815429329053827 0.12283905050858888 -0.799280071325461 0.08043034844750409 0.5827459946672542
1403636682.8635557 -6.744512981460527 7.935564738760686 -0.6783449439611591 0.12346633788077856 -0.7983225650723826 0.07839923615041453 0.584200911739782
1403636682.9135556 -6.723616590185384 7.904068377941338 -0.6742304103856698 0.12400181216390059 -0.7982917945827865 0.07528708958261986 0.5845388057469251
1403636682.9635556 -6.7010899347428445 7.869113723792094 -0.6680710776061313 0.12517207415226067 -0.7980738260747985 0.07278071593098256 0.5849043403628726
1403636683.0135555 -6.67864666524586 7.839325811086333 -0.6623707753999629 0.1268261574218875 -0.7981712718145139 0.06997087042275085 0.5847579190877905
1403636683.0635557 -6.654850809619622 7.8039264729286115 -0.6558912038383756 0.12659123973810787 -0.7974695983303941 0.06977056667573402 0.585789182032304
1403636683.1135554 -6.616756302719778 7.783779769292847 -0.6614169495435971 0.1267481655286053 -0.7976217463541793 0.07098918116451489 0.5854015616955889
1403636683.1635556 -6.590830206440698 7.748323375175864 -0.6591623638141757 0.12585196292892736 -0.7981904033853989 0.07290281335878579 0.5845840770793918
1403636683.2135556 -6.566906868568741 7.715523141508957 -0.6567774644722292 0.12503223673275463 -0.7993183899730734 0.07496804612198121 0.582955266970898
1403636683.2635558 -6.543308417645661 7.6918729526332585 -0.6532012414268514 0.12462924094982145 -0.7996551980908 0.07674574667035867 0.5823480117890364
1403636683.3135555 -6.5169366294660485 7.658310810037997 -0.6548591471732527 0.12438045840092868 -0.7999716651492055 0.0788087700786395 0.5816906517085132
1403636683.3635557 -6.489483888690207 7.623116050224404 -0.6573142355838462 0.12409139542378084 -0.8003714665900673 0.08041398077976251 0.5809822998555084
1403636683.4135556 -6.462529254288831 7.590773486814402 -0.6615814770211553 0.12437522861281664 -0.8003321797413048 0.08177028861205332 0.5807863845497268
1403636683.4635556 -6.434206772448104 7.5556800208793184 -0.666181539876351 0.12451068737717247 -0.8007827202763379 0.08339783365408095 0.5799042377647354
1403636683.5135555 -6.406752316917675 7.521734812792915 -0.6709903693178519 0.12516310386881652 -0.8006707692602191 0.08353722935048868 0.5798983083219132
1403636683.5635557 -6.3810731349593475 7.4867800467001935 -0.6753643360728995 0.12525801736655764 -0.8006212612591077 0.08439136733791912 0.5798224919957063
1403636683.6135554 -6.373700576766773 7.477136748233286 -0.6750997169531164 0.12571221699861315 -0.8017198143959069 0.08562242357796242 0.5780229911369636
1403636683.6635556 -6.358133951498108 7.449594652942869 -0.6859772861244947 0.12570034287516627 -0.8031615023540587 0.08686220137865697 0.5758350309846484
1403636683.7135556 -6.33152948862128 7.416421714626323 -0.6942487987613125 0.1262608040038878 -0.8046895229392582 0.08717711786298792 0.5735269227901891
1403636683.7635558 -6.306031635874281 7.383488271963289 -0.7004207715641363 0.12567413253339219 -0.8062334197621137 0.08874711066582175 0.5712421864841
1403636683.8135555 -6.2788504269364935 7.351037960887999 -0.7092045778864418 0.12714999505182675 -0.8080644949287499 0.08833001387280488 0.5683858367720779
1403636683.8635557 -6.249803852878291 7.3200499874585585 -0.7128131216549475 0.1264415496575289 -0.8092732370593774 0.09093895195701876 0.5664092772162181
1403636683.9135556 -6.222314585481174 7.286707224182316 -0.7171866025658595 0.1283069478303909 -0.8093702250041271 0.08956552355322613 0.5660699453299517
1403636683.9635556 -6.19694588700817 7.254567037935879 -0.7164097621052133 0.1283373122824821 -0.8092399507720891 0.09071285458683145 0.5660666165419084
1403636684.0135555 -6.1720594658373535 7.222742521464955 -0.713148667928405 0.12856820934769617 -0.8080421816629939 0.09183632014598575 0.5675421909430878
1403636684.0635557 -6.14599909610392 7.192631855862287 -0.7093120813894103 0.12906851975569694 -0.8065509154073993 0.09243933603323326 0.5694487748843564
1403636684.1135554 -6.1172318092712015 7.160125700133742 -0.7002593760558938 0.13004556171659304 -0.805410415169 0.09267203502485599 0.5708012867359945
1403636684.1635556 -6.082870601678072 7.131024887523404 -0.6907969235519571 0.1309910134025609 -0.8043138406893134 0.09385083184851481 0.5719376027546343
1403636684.2135556 -6.058795361797961 7.101495124762663 -0.6829143021545819 0.1312109179845495 -0.8032032657384585 0.09513544504094665 0.573234206939527
1403636684.2635558 -6.033254664703059 7.071424762386818 -0.6703353463515512 0.1315484615002304 -0.8021381692043963 0.09660056357916771 0.574402028981905
1403636684.3135555 -6.00567030832 7.04197851931857 -0.6598683277050728 0.1325080293830184 -0.8007016977074967 0.09665907500217555 0.5761730960892616
1403636684.3635557 -5.979345290261398 7.012829506533427 -0.6488098248673465 0.13296823564068994 -0.7995227637236246 0.09741653169568466 0.5775749457436001
1403636684.4135556 -5.957206091776454 6.970189976465967 -0.6449399585918671 0.1333346521564863 -0.7987472472187966 0.097304411997871 0.5785815041983731
1403636684.4635556 -5.930575452124694 6.941750025038146 -0.6383065654395872 0.132959029346534 -0.7984113197880265 0.09887888034042648 0.5788646024522427
1403636684.5135555 -5.903845034453827 6.913898369724248 -0.6338276934667075 0.13172517857599902 -0.7981366307538906 0.10194652945619678 0.5789933515246836
1403636684.5635557 -5.878568301511449 6.884360907752963 -0.6318587935638524 0.13100132840105866 -0.7974088862268696 0.10329983146084759 0.5799197056004753
1403636684.6135554 -5.850965393958347 6.856860175458365 -0.6295437498531431 0.1300365264921287 -0.7971644121194871 0.10535479242209371 0.5801032404165246
1403636684.6635556 -5.823436505803069 6.829889755857012 -0.6297100818850317 0.13005008548949926 -0.7968050691188188 0.10611554137211693 0.5804551222704741
1403636684.7135556 -5.793057725372099 6.804972786125234 -0.6339271332238434 0.12986209729078504 -0.7961434436199892 0.10673003598803123 0.5812917961627684
1403636684.7635558 -5.768225081191418 6.780248910878778 -0.6362857697394529 0.13019153428957447 -0.7960204623065281 0.1064233103427171 0.5814427461103334
1403636684.8135555 -5.728441021600815 6.755078451914018 -0.6468904117108176 0.13033091831565194 -0.7956233968627204 0.10637739500016143 0.5819631534114549
1403636684.8635557 -5.69765681370554 6.732093609511899 -0.65222780527345 0.13112716442781805 -0.7958205603190859 0.10540174923755266 0.5816921641041766
1403636684.9135556 -5.667569633432115 6.710361481134893 -0.6585385436454833 0.1331099447902375 -0.7952569142364981 0.10222243044823486 0.5825794003140164
1403636684.9635556 -5.635897121937935 6.689866230392521 -0.6653388756125813 0.13645790290850793 -0.7955771829408792 0.09719647549708856 0.5822276460875172
1403636685.0135555 -5.6048447525472715 6.668234836178841 -0.6716000303418749 0.13823049643464833 -0.7960551489315568 0.0935130535759258 0.5817592616588874
1403636685.0635557 -5.576747001348061 6.642363528267829 -0.6800609334159027 0.13926838068520267 -0.7967462197712802 0.0906404767216967 0.5810198648937572
1403636685.1135554 -5.548647673072584 6.625537523247237 -0.6821326935736064 0.13934697427607612 -0.7978220531619891 0.08936704581161482 0.5797205562781051
1403636685.1635556 -5.515489385842279 6.601541801899527 -0.6819187980437846 0.13828411341012675 -0.7994846524238063 0.08930656320982541 0.577690342904233
1403636685.2135556 -5.484646772348702 6.582563331286109 -0.6799979481579329 0.13877923054924032 -0.8010861208670949 0.08623816213360191 0.575816230679624
1403636685.2635558 -5.454441993286948 6.5618850661762345 -0.6779355412619344 0.13939254198054185 -0.80245464146329 0.08288222930231635 0.5742532574571116
1403636685.3135555 -5.427291078913562 6.542963439078675 -0.6753045454032559 0.1395113760229076 -0.8033997002035477 0.0801816791799099 0.5732856146781767
1403636685.3635557 -5.394770883078922 6.5164806570616225 -0.6706712778842666 0.13941216561279635 -0.8038496830651017 0.07816233413465182 0.5729577511805811
1403636685.4135556 -5.363798421923253 6.495953551420127 -0.6655836898608317 0.13797367597171534 -0.804001706454477 0.0779858148388088 0.5731166839667715
1403636685.4635556 -5.329986484310552 6.473109006313638 -0.6616546659748843 0.13606621606968783 -0.8044522988601278 0.0790302790852829 0.5727972579288723
1403636685.5135555 -5.298651550624776 6.451789719368912 -0.6591333686312463 0.1341292958341588 -0.8047263796789259 0.0800585469918699 0.5727263001656486
1403636685.5635557 -5.264045438592576 6.4264352721262386 -0.6573048697919601 0.1327982260359462 -0.8053855604220089 0.08062824460404644 0.5720295590242715
1403636685.6135554 -5.23211173617558 6.403489368674395 -0.6575078542228346 0.13088695184224147 -0.8053094141460115 0.08216920472422502 0.5723579082359594
1403636685.6635556 -5.1993116400466155 6.378133086659243 -0.6592363267628636 0.13090967935220926 -0.8048897889652026 0.08100616763456889 0.5731082657549215
1403636685.7135556 -5.173478626740326 6.352240748366913 -0.6660135322148144 0.131181294334599 -0.8045091018746542 0.0800249239313625 0.5737182100712129
1403636685.7635558 -5.139935461847638 6.327160982090522 -0.6708599954540401 0.13168070855387204 -0.8041268820238494 0.07924705574788247 0.5742473794077293
1403636685.8135555 -5.110330434369825 6.313141830706347 -0.681426406686917 0.13361502208159365 -0.8031815387055995 0.07715786911560749 0.5754069038429935
1403636685.8635557 -5.077252934572064 6.287754197454321 -0.6882768910505945 0.13469720529162368 -0.8023446255836869 0.07544225362121991 0.5765485504726824
1403636685.9135556 -5.045571998140454 6.263072936363903 -0.6957026562699811 0.13393654569755362 -0.8026961271129784 0.07662377657891968 0.576080485789283
1403636685.9635556 -5.012102704743315 6.237076230463606 -0.7041254517851131 0.13232033117615075 -0.8034411199674211 0.07946513185611685 0.575029555346523
1403636686.0135555 -4.980330488136137 6.213247039991168 -0.7115423836127686 0.1306903692644476 -0.8047750825130712 0.08196408072313693 0.5731832023173856
1403636686.0635557 -4.948217026934818 6.1865820162045315 -0.7097845751046895 0.12962106734386475 -0.8063986678997682 0.08492308216102686 0.5707080141599451
1403636686.1135554 -4.922684463882264 6.162651421270574 -0.7131197295194449 0.12800478764872278 -0.8077103763364719 0.08708966914860941 0.5688884880404823
1403636686.1635556 -4.890799112613701 6.1362845472457135 -0.7150082081497176 0.12755136511996065 -0.8075498347531506 0.08746635934937895 0.5691603900732718
1403636686.2135556 -4.860041233685852 6.110189701065863 -0.7159624390942101 0.12674101413161615 -0.8082150288798241 0.08813691128625963 0.5682931174126542
1403636686.2635558 -4.82830262801026 6.083891779586727 -0.7153894856922911 0.1257777382783926 -0.808941016771739 0.08914973679679437 0.567315358832228
1403636686.3135555 -4.810976800384625 6.0602019401392155 -0.7104040989047723 0.12529206496638712 -0.8098950695826181 0.08990416782172934 0.5659409115186028
1403636686.3635557 -4.782586690301036 6.036863243984477 -0.707796187619575 0.12488187750499731 -0.8103221620142129 0.09061172321598071 0.5653070192694136
1403636686.4135556 -4.753045923726504 6.012097407982817 -0.7045002860169982 0.12485410245430414 -0.8110210118969199 0.09006834307782224 0.5643970809077968
1403636686.4635556 -4.725528420278245 5.987766389001076 -0.7011125281611906 0.12462790044838375 -0.8118709812331665 0.09057759170408954 0.5631421633499045
1403636686.5135555 -4.698503037290167 5.965117043587213 -0.7022144427632162 0.12421302397105476 -0.8126403228559942 0.09147320792090799 0.5619781869228823
1403636686.5635557 -4.671803773544474 5.941217050667541 -0.7014476963843549 0.1246674659442336 -0.8126734158616477 0.09081502478771011 0.5619364495738043
1403636686.6135554 -4.644278612818126 5.916616027211393 -0.7034592621365326 0.12599197282493682 -0.8128909379651662 0.08996019481887324 0.5614637202045589
1403636686.6635556 -4.618662118018193 5.892932615914958 -0.7060841720774899 0.12630397738461005 -0.8126652218259642 0.08946237196259922 0.5617998100161744
1403636686.7135556 -4.577308594043278 5.850649132828875 -0.7187557036486794 0.1225040288419474 -0.8127009752998794 0.08856009878887273 0.5627317269948634
1403636686.7635558 -4.55278679729489 5.82799441141253 -0.7225575511131761 0.12254894544558137 -0.8116656403253779 0.08923277430049972 0.5641082841760139
1403636686.8135555 -4.521192098966959 5.802755832475431 -0.7247232231626645 0.12262840004863287 -0.8104706847654607 0.0891185809187251 0.5658245515814514
1403636686.8635557 -4.496610602301378 5.779138069879616 -0.725763030595968 0.12234123391878259 -0.8096230738872707 0.09043767420508608 0.5668898727239106
1403636686.9135556 -4.480587924063756 5.76499093931995 -0.7249087586240698 0.12184836031091575 -0.8089200173734802 0.09165779447769236 0.5678029863372637
1403636686.9635556 -4.457415112171625 5.743221089621047 -0.7222074312260688 0.1217536906683496 -0.8082761902596175 0.09242225769413533 0.5686156569694094
1403636687.0135555 -4.432586603028709 5.7226667326817084 -0.7251307768153393 0.12138377899649458 -0.807558548951368 0.09350187695500659 0.5695371517451536
1403636687.0635557 -4.409790761781551 5.703353624984899 -0.71706197446706 0.12071207542110546 -0.8074554678331949 0.09438287473467472 0.5696807309981835
1403636687.1135554 -4.4018268825705045 5.670206585139276 -0.7160738026146745 0.12053339870579982 -0.8077998218592779 0.09374743847674492 0.5693351959782537
1403636687.1635556 -4.385145590542132 5.642552740180118 -0.7067794108560067 0.1206455494332888 -0.8076100695101684 0.09352754479940559 0.5696167355261923
1403636687.2135556 -4.364304941486017 5.623445183298692 -0.7025674508428007 0.12062491022801237 -0.8067501297049235 0.09346344166504582 0.5708488804628574
1403636687.2635558 -4.343321389439962 5.603242947784679 -0.6975820755084143 0.1211955355443877 -0.8064429669790999 0.09334301982982694 0.5711816382054872
1403636687.3135555 -4.323681628363351 5.584274439602067 -0.6968609508393282 0.1216146132551919 -0.8058034775400009 0.09340569121873117 0.5719842814931041
1403636687.3635557 -4.302703234560299 5.565338368220279 -0.6946402877845074 0.12219752374962137 -0.8048005489283426 0.0926275344948377 0.5733968795585715
1403636687.4135556 -4.283016461031585 5.547588685225848 -0.6938894405741218 0.12296727662536759 -0.8040253771173508 0.09226135474433707 0.5743779977082878
1403636687.4635556 -4.262391130638154 5.52924838959615 -0.6945742113259981 0.12326162366093216 -0.8034186278004272 0.09215584025176013 0.575180303681586
1403636687.5135555 -4.240757667348321 5.512300600846848 -0.6973247266040595 0.12329583318225366 -0.8029434869078783 0.0923675066969547 0.5758021692028434
1403636687.5635557 -4.21987330259511 5.494543444553381 -0.7018058789502687 0.12270618103410998 -0.8031008750147985 0.09383803639529985 0.5754707643416508
1403636687.6135554 -4.203853387641051 5.472731473077482 -0.7083655914612954 0.1224921647892738 -0.8024163232229243 0.09494832642948071 0.5762885814406543
1403636687.6635556 -4.18522735117989 5.461596033839399 -0.7176133214587939 0.12231826071972353 -0.8023489468323932 0.09615994503055306 0.5762184269729425
1403636687.7135556 -4.163151440054642 5.445269159097836 -0.7280825588245124 0.12171858629979768 -0.8015123306719748 0.09760726772136076 0.577265442251594
1403636687.7635558 -4.137275893902982 5.437003844842986 -0.7402346061639505 0.12287583042984797 -0.8016165493377025 0.09899943210538989 0.5766381452582723
1403636687.8135555 -4.115254824833741 5.421274626642113 -0.7515276836846497 0.12338300505982447 -0.8016401785219535 0.09852134322608634 0.5765788785332202
1403636687.8635557 -4.098722586468337 5.3936917330846565 -0.7568276051892749 0.1230706120399912 -0.8020268106395249 0.09783659623155613 0.5762244527137991
1403636687.9135556 -4.077338134080267 5.3796140195291695 -0.7716791216760754 0.12390976912836178 -0.802175852777407 0.09680682701748404 0.5760110316462724
1403636687.9635556 -4.055726277510791 5.365603649774056 -0.7873599997487755 0.12571887940126023 -0.8021840532800714 0.09453385876756555 0.5759851192277115
1403636688.0135555 -4.0347998854531575 5.351453683443347 -0.8036388737596482 0.12675821461611364 -0.8019605530779639 0.09289571789410539 0.5763349823940593
1403636688.0635557 -4.02569973120228 5.3494126438679475 -0.8231115191801985 0.12969838304059392 -0.8016783039865872 0.0903579753817474 0.5764769402489194
1403636688.1135554 -4.024173931363742 5.339393390908742 -0.8470600705473306 0.13119274104290807 -0.8019855474833287 0.08807069087044762 0.5760652738493409
1403636688.1635556 -4.021380812571068 5.3398489177129855 -0.8637802175343999 0.13203527161825973 -0.8021424190462434 0.08827088210012803 0.5756235557971883
1403636688.2135556 -3.9985521107920876 5.32650981644277 -0.8775396210844906 0.13199987058926935 -0.8022688446931934 0.08830797966318402 0.575449768204725
1403636688.2635558 -3.9791605771309353 5.30946803215712 -0.8887419851350967 0.13124549669611058 -0.8019690268327762 0.08951348715526743 0.5758538314669663
1403636688.3135555 -3.976606173040977 5.280782352737597 -0.9050457871252219 0.12890668954271692 -0.802641860849755 0.09084295142743576 0.5752361834748688
1403636688.3635557 -3.9544661011956657 5.266135901353541 -0.9139531966630241 0.12758282578371422 -0.8029288756181457 0.09296100273730386 0.5747922191833305
1403636688.4135556 -3.9318337054748196 5.253433193240089 -0.9252614153800401 0.12770397404697237 -0.8037085690933347 0.0931752976208928 0.5736397779894741
1403636688.4635556 -3.9099791445259324 5.238916302277225 -0.9360372820602707 0.128482967351338 -0.8035611267914019 0.09161263006682181 0.5739240094494803
1403636688.5135555 -3.8898659456730584 5.224873715656549 -0.9500471727837344 0.1302642688181549 -0.8037585219048669 0.08907182107572964 0.5736459443113221
1403636688.5635557 -3.8679478358762305 5.208534530943797 -0.9620575874173258 0.13279109997927357 -0.8037079960959295 0.0849058866847956 0.5737690922174432
1403636688.6135554 -3.8438387615236334 5.19367398337333 -0.9761268925537904 0.13584975616941372 -0.8037763325606937 0.08090277577696797 0.5735356936020408
1403636688.6635556 -3.821512644310136 5.178286203684512 -0.9905469644613837 0.13784883088055497 -0.803587873779479 0.07862322525354783 0.5736397975996526
1403636688.7135556 -3.800921397516535 5.163213565218659 -1.0060222783275985 0.13902883944680502 -0.8033660298500765 0.07778191811112864 0.5737804258598876
1403636688.7635558 -3.77067941188904 5.144805558323148 -1.0223280561635943 0.14045016578338515 -0.8032874414134958 0.0765999661785197 0.5737033053593372
1403636688.8135555 -3.7482526867103023 5.128090684886466 -1.0361544456369005 0.14022799875389727 -0.8033688148569263 0.07875540827510752 0.573351760569614
1403636688.8635557 -3.7255378560954857 5.109389206272171 -1.049420584517195 0.14228968239267087 -0.8038756672254459 0.07986698662745859 0.5719779911626729
1403636688.9135556 -3.703703862123154 5.0918408449594965 -1.0635405502986368 0.14387823195358707 -0.8043480729851143 0.08385893378018332 0.57034280137501
1403636688.9635556 -3.681380870913536 5.070658228373142 -1.0726051158143737 0.1453298869950797 -0.8051272609148193 0.08755990791466634 0.5683155639288555
1403636689.0135555 -3.6561821903326353 5.051514465239854 -1.0804918316675736 0.14650768665033775 -0.8056020031400503 0.09147481574576062 0.5667215086560455
1403636689.0635557 -3.633720506119922 5.030181639196976 -1.085424867327449 0.14766718826996783 -0.8060766398537119 0.09577761966511779 0.5650322997509746
1403636689.1135554 -3.6126290144938515 5.007418232776132 -1.0892688368146315 0.148599735509049 -0.8067941446860334 0.10003183095527335 0.5630230541485031
1403636689.1635556 -3.5911985721293562 4.985423655874501 -1.0908216147291567 0.14985993183606755 -0.8075782533851331 0.10376818027246673 0.5608845961982265
1403636689.2135556 -3.5694126915494353 4.963165924132853 -1.09089871095625 0.15188440310933451 -0.8080648197680044 0.10595198333981898 0.5592285332239249
1403636689.2635558 -3.55095697351023 4.941654262198154 -1.0848698078813694 0.153100378842764 -0.8083120426176347 0.10889368488546855 0.5579731903501939
1403636689.3135555 -3.5291529428318382 4.918244690264842 -1.085557822850155 0.15468890011537145 -0.8088806940716671 0.110678804405561 0.556357411377426
1403636689.3635557 -3.510806448105269 4.896974571169053 -1.0787626514086996 0.1561328101351896 -0.8084953248672525 0.11195487110391264 0.556258898448547
1403636689.4135556 -3.492706818376949 4.871195877350073 -1.0722677784153942 0.157957342652597 -0.8080663516756502 0.1125591613339063 0.5562451657241996
1403636689.4635556 -3.4751452958232156 4.849769523043033 -1.062185300763774 0.15843943745401817 -0.8077004820342387 0.1140130348652142 0.5563433327197661
1403636689.5135555 -3.4581382693863882 4.826962672579436 -1.0501993975654225 0.1593266153148299 -0.8080191298901876 0.11473514221322495 0.5554781386563611
1403636689.5635557 -3.4414703293831668 4.806165242224984 -1.0364091214749542 0.15950292998462798 -0.8089207984652224 0.11604301566831979 0.5538411104742118
1403636689.6135554 -3.4267369600895 4.78294456674073 -1.022689677057191 0.1594352565712446 -0.8105099470714144 0.11681704169551606 0.5513690265419909
1403636689.6635556 -3.411629557178306 4.762392545361544 -1.0078264326985247 0.158281823447953 -0.8123605244288363 0.11905866745612666 0.5484909082375647
1403636689.7135556 -3.3940949462007817 4.7438376501742825 -0.9951831944468617 0.156056840633165 -0.8147643485330301 0.12192214952065407 0.5449222956600377
1403636689.7635558 -3.382188065892689 4.722358132496989 -0.9837515910534164 0.15280970704086438 -0.8177967317387331 0.12530114103853776 0.540515793521311
1403636689.8135555 -3.375059471883022 4.701085630998383 -0.9729420717157536 0.15036637799977556 -0.8194951190399901 0.12817729167497682 0.537948216964913
1403636689.8635557 -3.377288276356078 4.669888246278099 -0.9699818071240096 0.1475554214689771 -0.8196568485650353 0.13070163154369469 0.5378727839437164
1403636689.9135556 -3.3737229758722718 4.651731862241073 -0.9607792317988868 0.14285294110226557 -0.8192967649544474 0.13627168874739864 0.5383083456528812
1403636689.9635556 -3.3696582049814383 4.633778725977364 -0.9525225342578405 0.13985198762088089 -0.8181789274203328 0.13878525444265982 0.5401511986778229
1403636690.0135555 -3.36902622238389 4.616624769330063 -0.9460976264221372 0.13887631485951316 -0.8175759542090361 0.1386163988663974 0.5413579428026687
1403636690.0635557 -3.3687774426662833 4.601465012225789 -0.940138488616065 0.1392026139818822 -0.8173061476864185 0.13670315955666587 0.542167445889019
1403636690.1135554 -3.372239275609274 4.58612659369221 -0.9353359911829271 0.14202547121501322 -0.8180194288149771 0.1317478675645624 0.5415860771840085
1403636690.1635556 -3.375643537295254 4.573121550166228 -0.9309757861584307 0.14510454219442517 -0.8182189775603229 0.12587985658650064 0.5418640404201485
1403636690.2135556 -3.3818637605480615 4.558169223097894 -0.9255081238207562 0.14769567150516422 -0.8183960359193587 0.12111491902230048 0.5419825582067564
1403636690.2635558 -3.3888907025817816 4.545674717750192 -0.9181863562023426 0.1486186279646188 -0.818091952365961 0.11897852948177262 0.5426621144121998
1403636690.3135555 -3.398706621013934 4.534114992034691 -0.9104455301244531 0.15000201180414113 -0.8176170842647558 0.11658806971694445 0.5435153373850519
1403636690.3635557 -3.409187152455101 4.5219886142001045 -0.9005393185742492 0.15059908346846954 -0.8173749408182178 0.11460406801075015 0.5441360397697064
1403636690.4135556 -3.4285687502880764 4.507771592722664 -0.8880682205565702 0.15083924830950396 -0.8171801374670281 0.11389306403087834 0.5445112616507131
1403636690.4635556 -3.4399758802443015 4.496971816722619 -0.882527582007331 0.1498689815618183 -0.816555191901272 0.11503461715404918 0.545475887460593
1403636690.5135555 -3.4613361558490614 4.48289183114244 -0.8741122327859022 0.14732426726882106 -0.8159164953517039 0.11869433368270134 0.5463400845977874
1403636690.5635557 -3.4773188114224247 4.471657960588436 -0.8663684209442082 0.14510959405834253 -0.8152734829807214 0.12181318692307735 0.5472055383056261
1403636690.6135554 -3.494831323422508 4.4614245691593934 -0.8604638304127051 0.1409603941159347 -0.8157947688746287 0.1273278142210197 0.5462569817340271
1403636690.6635556 -3.514768963839059 4.4503366071852986 -0.8551154262479275 0.13747323433246575 -0.8151258498555748 0.13200195814016868 0.5470342235971706
1403636690.7135556 -3.5273931851576377 4.451656823149014 -0.85222777540355 0.13315572633726022 -0.812995487373321 0.13999214472486257 0.5492814301153336
1403636690.7635558 -3.5459752144946357 4.443757623557646 -0.854388509188314 0.12665083578888497 -0.8115547383940652 0.14874131007269434 0.5506491578691246
1403636690.8135555 -3.5653786681447395 4.443941391334325 -0.856217240719857 0.12250513086424067 -0.8096615069031077 0.15564165506323666 0.5524639466612287
1403636690.8635557 -3.5873529749430535 4.439815861803971 -0.8643996153692934 0.11897313615055784 -0.8067120752611127 0.16070279142671656 0.5560895911002751
1403636690.9135556 -3.6075890463071554 4.4384044893995185 -0.8761039054537397 0.11618343665847987 -0.8025210814279757 0.16488626053302904 0.5614925146405172
1403636690.9635556 -3.6295242115261526 4.440785849930238 -0.8855264439104926 0.11312864709495586 -0.7973762837270386 0.1693787578396798 0.5680702489558921
1403636691.0135555 -3.65240191542315 4.446303880291555 -0.894656125758999 0.11118203728175942 -0.7912724862811306 0.17266246914144937 0.5759462464417436
1403636691.0635557 -3.6741309378532776 4.457074222407304 -0.900562827927948 0.11038348479200288 -0.7856833304784943 0.17471991403832673 0.5830867363710435
1403636691.1135554 -3.694269595362296 4.469330301854432 -0.9041071001132163 0.11107521170683231 -0.7820779279434094 0.17446173742797202 0.5878601144333905
1403636691.1635556 -3.7169908308124024 4.487661014304781 -0.9037858585033248 0.11383601180610978 -0.7775526733114181 0.1713565467903839 0.5942138811189296
1403636691.2135556 -3.7376733207284967 4.509064477419241 -0.90212006304895 0.11974198516042514 -0.7740706963838078 0.16420719621901447 0.5995935379068205
1403636691.2635558 -3.7532645451784346 4.531336419904987 -0.8962596519191862 0.12722197078882844 -0.7712020541344082 0.15446669835509325 0.6043194527290616
1403636691.3135555 -3.7683988774839094 4.560639001049119 -0.8917574114952979 0.1344671401763252 -0.7701405951728885 0.1452847140204877 0.6063781029617865
1403636691.3635557 -3.7810395645644856 4.591806348699989 -0.8852825515731431 0.14060400625167985 -0.7707759884848684 0.13812316823359605 0.6058521926990653
1403636691.4135556 -3.7926284258026213 4.623185517854098 -0.8778083655048241 0.14498689548660018 -0.7751955964546949 0.1344870850319163 0.599969842020435
1403636691.4635556 -3.8020443196698124 4.656681245069617 -0.8683870466787568 0.1482756614781816 -0.7806197025470507 0.13201407151169792 0.5926377419060197
1403636691.5135555 -3.8102061006122523 4.692019756115595 -0.8574997138343382 0.14989789135972678 -0.7855175679610679 0.13217335338806963 0.5856816347168392
1403636691.5635557 -3.817593483654985 4.7270093005040374 -0.8427816262112029 0.15148163233790593 -0.7883777572189864 0.13225302269452938 0.5813974242931979
1403636691.6135554 -3.8243584046707104 4.764385289243266 -0.8269893752157622 0.1540580269153126 -0.7909364964491655 0.1308738971438098 0.5775444623352142
1403636691.6635556 -3.831419271230862 4.800848705263243 -0.8084045461540509 0.1583460681983488 -0.792427555175479 0.1258862631765187 0.5754456892081036
1403636691.7135556 -3.8378482085330514 4.837636808496107 -0.7900619422836899 0.16314204260469192 -0.7937706743434005 0.12016050580758199 0.5734755821578267
1403636691.7635558 -3.8423259060203105 4.873245388731729 -0.7744174646619593 0.16672782840441275 -0.7937834966992321 0.11599888337638165 0.5732833947175878
1403636691.8135555 -3.8477032815021377 4.910416254575488 -0.7607000362316662 0.1677676443186573 -0.794298690570372 0.11515623170180785 0.5724357168959681
1403636691.8635557 -3.8508237701058934 4.946830964736208 -0.7479495384256245 0.16721079599778516 -0.7949723783674872 0.11641510248620879 0.571407902682185
1403636691.9135556 -3.8540825158657936 4.9840870330303275 -0.7384945744388048 0.16554632593039115 -0.7947767725433196 0.11881664039606295 0.5716702736381927
1403636691.9635556 -3.85733992097657 5.0199299958646 -0.7281539741869403 0.16343045142163873 -0.7923257337836332 0.12211750022263215 0.5749762910518329
1403636692.0135555 -3.862671604108164 5.056395816221657 -0.720829124296478 0.16157295383983533 -0.7900115294064124 0.12445805620405011 0.5781748491921119
1403636692.0635557 -3.8646083374887774 5.093112753728404 -0.7133437325241758 0.16024760937934354 -0.789854528435528 0.12618134806145406 0.5783846427763184
1403636692.1135554 -3.877039719519066 5.129289874242711 -0.717366293271268 0.16146503332508372 -0.7904558719457162 0.12411823760129649 0.5776705121560345
1403636692.1635556 -3.880141281704891 5.164860319549399 -0.7078935637222529 0.16443514699217235 -0.7904355442363529 0.11900082126200735 0.5779373126736249
1403636692.2135556 -3.8794609672271556 5.201579820483012 -0.6967591507230769 0.16596102018723413 -0.7910571588676014 0.1163174762525323 0.5771964621348373
1403636692.2635558 -3.8772927039009497 5.239939921512283 -0.6799664037396721 0.16641399965052525 -0.7918399289638608 0.11507898151988012 0.5762401718304359
1403636692.3135555 -3.8764255925823106 5.274781252776287 -0.6643476229583927 0.16552446009121013 -0.7926230418435961 0.11561934850357025 0.5753108141706778
1403636692.3635557 -3.8743236432418393 5.30964654689264 -0.6473571650188756 0.1636746110554918 -0.7933918352729028 0.1176106444295423 0.5743759689741524
1403636692.4135556 -3.873167772868056 5.345315407809672 -0.6307849706823204 0.16343586014916991 -0.7944876002423314 0.11693595145885312 0.5730655773425022
1403636692.4635556 -3.870795442870449 5.379622925034133 -0.6107610981871319 0.16477165435781027 -0.794999564517441 0.11404204257028021 0.5725560294535968
1403636692.5135555 -3.8698277402090606 5.414219238968831 -0.59100747032983 0.1667041891829911 -0.7949566106480006 0.10982571316965657 0.5728804528194874
1403636692.5635557 -3.8691486821371246 5.444669942706456 -0.5659138237728686 0.1663505186843888 -0.7950532825290118 0.10924029523016768 0.5729610290162014
1403636692.6135554 -3.86733560552627 5.478123019973152 -0.5413448783323377 0.16498271817305646 -0.7956240268198913 0.1101969678985847 0.5723807639299989
1403636692.6635556 -3.8646502097649047 5.509466783643267 -0.5154141381700722 0.16383527751963914 -0.7959695005260523 0.11022891529824255 0.5722238568117749
1403636692.7135556 -3.859298805473159 5.537786739591116 -0.48608960290887443 0.16539926618323797 -0.7973119401611247 0.1069690250102769 0.5705211481714768
1403636692.7635558 -3.857190082304878 5.56648094454891 -0.4600607127460213 0.1696922788866698 -0.7989675137418141 0.09931918918882911 0.5683230957213921
1403636692.8135555 -3.849133785480512 5.595202680025162 -0.4320169196611927 0.17454161093173187 -0.8005195319394537 0.09060571660026182 0.5661221680486881
1403636692.8635557 -3.8444117899634827 5.623403151896124 -0.4105622697066197 0.17824437397528714 -0.8014288507989612 0.08448357293551043 0.5646266608629678
1403636692.9135556 -3.842518515437699 5.649800661689626 -0.39004189807574097 0.18103574671306422 -0.8022779457708784 0.08001323169824344 0.5631820654947263
1403636692.9635556 -3.837742990641134 5.673414499959619 -0.37096901102823665 0.18089630679461177 -0.8031913414836084 0.08005987621228972 0.5619169078918202
1403636693.0135555 -3.833343252621462 5.696291229573974 -0.3524808954318754 0.1787725541115127 -0.8042816379715729 0.08339433539573105 0.5605504487038739
1403636693.0635557 -3.8286213597302226 5.715613013751614 -0.33518517666223424 0.17654280331997932 -0.8039233948606268 0.08684840666890983 0.5612460851095175
1403636693.1135554 -3.8245308554059294 5.7333764190469045 -0.31923374685753336 0.17447414838842115 -0.8029294354718078 0.09056409549576543 0.5627266101794843
1403636693.1635556 -3.8204983147428644 5.74986779576996 -0.3052074202298383 0.17245878388249228 -0.8024920985162861 0.09436787910720151 0.5633463438006037
1403636693.2135556 -3.8166791343813795 5.766626124106848 -0.2923538574829453 0.1716016483737621 -0.8036751251824418 0.09629195806386588 0.5615932925619939
1403636693.2635558 -3.812602304042735 5.780296548024582 -0.28233932042716553 0.170290778995223 -0.8059206302759842 0.09887512059011705 0.5583159489151734
1403636693.3135555 -3.8095793402150115 5.794894767035925 -0.2725736466934368 0.16863688184677128 -0.8086875134521325 0.10200324250429159 0.5542395205921499
1403636693.3635557 -3.805951907655164 5.80640204454751 -0.26468841373379154 0.16742436215471646 -0.8111998967956933 0.10452716896026544 0.5504524333172625
1403636693.4135556 -3.8044353469808603 5.818110309765135 -0.25665964964091087 0.16624773598642048 -0.8133627483349247 0.10714245640616528 0.5471043994848702
1403636693.4635556 -3.8030018813050055 5.828210711024843 -0.25106555513097206 0.1658371948181606 -0.816057110927203 0.10878075998220481 0.5428771157248059
1403636693.5135555 -3.807122557080559 5.8385102645622755 -0.24339432675367967 0.1646566114120066 -0.8197253216682434 0.11029420566660045 0.5373767631100028
1403636693.5635557 -3.808773792486981 5.84750870436625 -0.23959731001907453 0.16478213053704996 -0.8233517814309095 0.11049303377710172 0.5317235963890928
1403636693.6135554 -3.8181248835253703 5.856892114910168 -0.240144036260173 0.1654129366754953 -0.8257982568217422 0.11036875981709716 0.5277447643198333
1403636693.6635556 -3.8241909267724927 5.864553798817721 -0.2373773876594841 0.16554037818699366 -0.8272258742301394 0.11038416295653462 0.525460819435925
1403636693.7135556 -3.831367586578495 5.872327713539686 -0.23355403123995186 0.1654892541233682 -0.8263543013371347 0.11112942152755155 0.5266897826066679
1403636693.7635558 -3.8418424705840706 5.878081680922156 -0.2308341589476747 0.16578248739375429 -0.8230430262974043 0.11173579495032464 0.5316309395281364
1403636693.8135555 -3.852253776589002 5.884062522687245 -0.2284654478289165 0.1658954656453422 -0.8198509552396555 0.1118608941310968 0.536479492651053
1403636693.8635557 -3.8660051473007346 5.8886224970059615 -0.22704888252095823 0.1656779624588052 -0.8157611084763868 0.11294221750732011 0.5425206744055058
1403636693.9135556 -3.8830743871854336 5.89020134115854 -0.22232848328750254 0.16446633522985846 -0.8109671968406067 0.11518861801690464 0.5495585614872214
1403636693.9635556 -3.892020724365618 5.895975844039338 -0.21914748423402697 0.1645634047355949 -0.8062308196437776 0.11559432206939148 0.556371012889483
1403636694.0135555 -3.90876002994655 5.899879780787823 -0.21685177086190083 0.16345691866847836 -0.8015726985327684 0.11774650647809264 0.5629376563337248
1403636694.0635557 -3.9249088690396463 5.901091892455576 -0.21186638823123283 0.16308751373285588 -0.7981326941752366 0.11824264206891125 0.5678074875779443
1403636694.1135554 -3.9596284812482776 5.947082534879282 -0.19120949826323072 0.16485353398176691 -0.7960703096141896 0.11995808153112164 0.569829301773666
1403636694.1635556 -3.968646150292917 5.952054820508398 -0.18900212351588858 0.16517738329810394 -0.794041894881017 0.12027927026492141 0.5724917452375129
1403636694.2135556 -3.987509197409882 5.9501035217324905 -0.19186632915932694 0.1650881989481149 -0.7931770960609641 0.12047697922977792 0.5736734945315425
1403636694.2635558 -3.984896250501126 5.96111823505925 -0.18266152732719856 0.1664456600796816 -0.7931012800098654 0.12009184031996988 0.5734667834983254
1403636694.3135555 -3.998158180909262 5.965102171739316 -0.17827464967691897 0.1668071193220835 -0.7941434169659851 0.120162040032648 0.5719027035853653
1403636694.3635557 -4.0079843696176045 5.973379744783642 -0.17311208006401563 0.16551342581919945 -0.7959664804153168 0.12072674188405284 0.5696206823166683
1403636694.4135556 -4.0208228752909125 5.977637502498948 -0.16885155032997085 0.16674364082417817 -0.7977516297762118 0.12066013548265761 0.5667715828615636
1403636694.4635556 -4.032919294084065 5.981644632749689 -0.16459883149969376 0.16664116268660298 -0.7990353443916173 0.12008732102853559 0.5651126229696309
1403636694.5135555 -4.044608515913409 5.9843042049364366 -0.16130148472494374 0.16735721647363747 -0.7999137310521603 0.11878253807128257 0.5639328804190731
1403636694.5635557 -4.056831739837877 5.987842201236139 -0.1594082285889394 0.16745766763877182 -0.8005466155934688 0.11861835842260214 0.5630388360104059
1403636694.6135554 -4.069030664517561 5.991354022738462 -0.1581771192088137 0.1673418477758943 -0.8010661980498479 0.11809243125804726 0.5624445128227983
1403636694.6635556 -4.0824183674998835 5.992065038074508 -0.16171535634872464 0.16743068762780647 -0.8012148007448952 0.11708092888720449 0.5624178731145619
1403636694.7135556 -4.095448173743876 5.993644541980877 -0.16306393481836282 0.16748590614326314 -0.8004310614603889 0.11663242335701518 0.5636093194000924
1403636694.7635558 -4.107693743893081 5.996342535179475 -0.16664566080901688 0.16548277060249125 -0.7994037442036445 0.11832690203481576 0.5653033262256297
1403636694.8135555 -4.119082192607695 5.996884298851354 -0.17013762742258057 0.16455461467278953 -0.7984114673316074 0.11835324525789886 0.5669686207897252
1403636694.8635557 -4.1305888592354965 5.999288739708307 -0.17710565117841365 0.16063692117298706 -0.7991377950411398 0.12357279663067613 0.5659543515388163
1403636694.9135556 -4.143507943817375 6.004322405581663 -0.18341940537004792 0.15719841160218007 -0.7996507782526637 0.12725438075853102 0.5653791779040185
1403636694.9635556 -4.15508012723751 6.007883483234087 -0.19184510520441256 0.1540508297802013 -0.8004007624404329 0.13079467877749992 0.5643755073816509
1403636695.0135555 -4.166795408982278 6.014792927213616 -0.19817939197741116 0.1524994876620253 -0.8010415579819029 0.1321621421857581 0.5635685378209265
1403636695.0635557 -4.178678261142804 6.020275572650887 -0.20631203140730753 0.15333972894180894 -0.8017239602629871 0.129794891146993 0.5629199812588155
1403636695.1135554 -4.19012900833279 6.025060660729686 -0.212228365577117 0.15465424090718363 -0.8014834888194574 0.12658677711863017 0.5636329220139044
1403636695.1635556 -4.20177942776414 6.031816100038622 -0.21707875532968227 0.15510446379342124 -0.8017182107616575 0.12427671962314098 0.5636894648689057
1403636695.2135556 -4.214826378606482 6.036785642937983 -0.2179612016798534 0.15620629764844843 -0.8014044669190876 0.12094712298186157 0.5645549277258218
1403636695.2635558 -4.232229959601073 6.038465889250838 -0.21651186651789464 0.15727387947023672 -0.800820545727444 0.1178182727954372 0.5657475010750648
1403636695.3135555 -4.244203450373419 6.045804646607983 -0.22826323182579536 0.15766988215609493 -0.800428952565467 0.11572503002633586 0.5666228177378992
1403636695.3635557 -4.255687175025091 6.053104050214338 -0.22613638230811176 0.15790362116007028 -0.8000892664570719 0.11359622712486292 0.5674676284227307
1403636695.4135556 -4.27457799152394 6.044022318537627 -0.21870461599040014 0.15810440332664927 -0.8001274291785198 0.11236489703361795 0.5676030519998301
1403636695.4635556 -4.288426686912718 6.038805801636251 -0.21115761656367496 0.15794274907783515 -0.7999227966931131 0.1105545746729344 0.5682915566531773
1403636695.5135555 -4.299394127950167 6.045145821871559 -0.20642610642085527 0.15902635596612097 -0.799439273947741 0.10800752154457949 0.5691588887717056
1403636695.5635557 -4.309965389502313 6.050286817947739 -0.2032310504884824 0.15926832793268264 -0.7987881056850892 0.10672942573095939 0.5702455537895005
1403636695.6135554 -4.321789385942588 6.060296783700237 -0.20060692227089422 0.1599451516868801 -0.7984423091227115 0.10459443334848471 0.5709355760216408
1403636695.6635556 -4.3252025492360024 6.081717514223064 -0.1921169614837949 0.16117807357341896 -0.797699161883776 0.10201165720524612 0.5720937838530694
1403636695.7135556 -4.3067223850574 6.080010753816578 -0.18456166035327637 0.16076177115726098 -0.7972323453918426 0.10140839109200714 0.5729682178022902
1403636695.7635558 -4.312791636960431 6.08428429455871 -0.18623479708414073 0.15845694612098768 -0.7980508175342509 0.10352412959454424 0.572091813829403
1403636695.8135555 -4.306402674439172 6.0525936260591555 -0.2100978376781571 0.15668381713658783 -0.7988076953030637 0.10301840055420122 0.5716149547723279
1403636695.8635557 -4.2868181648165 6.056476731847829 -0.21361523733822257 0.15608054705830954 -0.7983548717387793 0.10360702331316049 0.5723058153829319
1403636695.9135556 -4.292276392469878 6.062928383510759 -0.21759276725355536 0.15570732141771462 -0.799215469197719 0.10340089242968963 0.5712426098399298
1403636695.9635556 -4.294236629091913 6.0660063264982655 -0.22442380554439836 0.15473329888316809 -0.8006351392098133 0.10425243730533794 0.5693614049047508
1403636696.0135555 -4.30080803195167 6.072718667589481 -0.23010020727947103 0.15345223037574587 -0.8023450907476698 0.10529501997995228 0.5671046879662027
1403636696.0635557 -4.302651968310743 6.075608329610359 -0.23870404927868472 0.15341596847776803 -0.8045778312873829 0.1043188584721835 0.5641237716884308
1403636696.1135554 -4.3468319322431705 6.088936215622149 -0.21337553343768634 0.15392359172509504 -0.8078064190821769 0.10197630959155986 0.5597831271860231
1403636696.1635556 -4.351889855077021 6.091337304450781 -0.2213100674236505 0.15565768530506405 -0.8085650160005431 0.09863138722513913 0.5588068980958949
1403636696.2135556 -4.357161377802418 6.098376980631273 -0.22848777953800625 0.15665142563943268 -0.8093200970485118 0.09663249289081961 0.5577844320848572
1403636696.2635558 -4.362085342288909 6.099952109440309 -0.23710943746614146 0.15733175394641719 -0.8074972243912804 0.09511529381657176 0.5604891013059127
1403636696.3135555 -4.368165113168811 6.105869240964714 -0.2461910043613508 0.15641762482589808 -0.8054687263442056 0.09669782979355852 0.5633854694953393
1403636696.3635557 -4.373406597282426 6.106277003709709 -0.2545133272368487 0.1548738428942282 -0.8008277007594634 0.09797006220874954 0.5701674783730646
1403636696.4135556 -4.3928488449312395 6.119366168470463 -0.23673932176848725 0.15399279935279306 -0.7958211957420853 0.10199412102247486 0.5766732536124599
1403636696.4635556 -4.397280802582786 6.119173227948967 -0.24294208665526942 0.15096344159552408 -0.7933523594908268 0.10569779308912146 0.5801982846648739
1403636696.5135555 -4.40440021080824 6.121181848247583 -0.24510218797422179 0.15018713198668865 -0.7926032036594245 0.10608463182939736 0.5813519053241774
1403636696.5635557 -4.406459203803847 6.121364772328852 -0.24821472822972526 0.14908218853990615 -0.7934921532726257 0.10674532288854559 0.5803017661495992
1403636696.6135554 -4.408990139536234 6.1244376138646475 -0.24933604728389253 0.14889673805212533 -0.7939761124461241 0.10705121646629152 0.579630685277672
1403636696.6635556 -4.408079594727225 6.125507213334063 -0.2499127716897238 0.1475945313158441 -0.7952466347075489 0.10812264637095581 0.5780208799461451
1403636696.7135556 -4.409442452963129 6.125632066031885 -0.24897662771705237 0.14753192063441106 -0.7956155892760283 0.10823805407236795 0.5775073074390551
1403636696.7635558 -4.408293241530625 6.128312679073273 -0.2491852215960716 0.14734357123630704 -0.7968058329320994 0.10823497750814841 0.5759127766116372
1403636696.8135555 -4.407764002557527 6.127679761286389 -0.25056928478125523 0.1478896443742462 -0.797162169715805 0.10685121947362018 0.5755379615263007
1403636696.8635557 -4.404201364808612 6.129913497154719 -0.2535195526616071 0.1484536859344329 -0.7977433259544667 0.10609716615282125 0.5747264395883721
1403636696.9135556 -4.403179095597095 6.129402194580896 -0.2569851155563144 0.1496815502566215 -0.7977846825977956 0.10411347012837584 0.5747133364234179
1403636696.9635556 -4.399029829024286 6.131303148095954 -0.2619783554715777 0.1536041781616233 -0.7970847920165512 0.09840016762000306 0.5756552768798169
1403636697.0135555 -4.395776753235355 6.129952457236755 -0.2670009924873 0.15774097582115648 -0.7967134681799949 0.09211453656514582 0.5760905712828341
1403636697.0635557 -4.390665576175784 6.130402247417229 -0.27204613442945447 0.16140243355357994 -0.7958881464042755 0.08662403616088346 0.5770680975546534
1403636697.1135554 -4.386476344046457 6.128039885797332 -0.27548282479378955 0.16568690722790197 -0.7954661188605816 0.07970727632446374 0.5774324658512642
1403636697.1635556 -4.379391729769495 6.125800577745977 -0.2772538150757873 0.16861723128991535 -0.795043752641982 0.07507220217484176 0.5777870067401119
1403636697.2135556 -4.372449519061673 6.119488487568201 -0.27172936897054834 0.17034875768061344 -0.7941330373810263 0.07215284441271638 0.5789023982847296
1403636697.2635558 -4.362934366868464 6.113023088873881 -0.2690483251420855 0.17053644025601242 -0.7938662834733935 0.07093344342330217 0.5793635241478898
1403636697.3135555 -4.353750506743931 6.104320562179628 -0.2647935859424431 0.16878503944075093 -0.7958207770419662 0.07359744460224274 0.5768572764881493
1403636697.3635557 -4.342123818801034 6.093628286831084 -0.2588902323885446 0.1646552477032325 -0.7979088943186895 0.0786198673971762 0.5744988792168043
1403636697.4135556 -4.331369202568583 6.081300533724012 -0.2497294670705842 0.16105799616826905 -0.8001991679984987 0.08416686762844972 0.5715396327450858
1403636697.4635556 -4.3188219075021195 6.067720542136345 -0.24015774155203046 0.15800292237098718 -0.8024762486169102 0.08882401008044401 0.5684868003403314
1403636697.5135555 -4.307092731442128 6.053961084743344 -0.22800540491527316 0.15519929577118205 -0.8044208691922374 0.0918171264754932 0.5660299100629911
1403636697.5635557 -4.2944403076452575 6.039077665812294 -0.21400450476552643 0.15250350903326754 -0.8055865384157237 0.09193971895272025 0.56508415031286
1403636697.6135554 -4.28308400397065 6.02090325288088 -0.2005883923573368 0.14957068182522526 -0.806210860445137 0.08914607094096132 0.5654251830918376
1403636697.6635556 -4.271024514119964 6.005467890743992 -0.18773911053139364 0.14473822258872895 -0.8068299213913784 0.08473958943420092 0.5664764133235919
1403636697.7135556 -4.257337845138281 5.9897637548429055 -0.1746199304507936 0.13733456433320984 -0.8081746733446608 0.07993359745897559 0.5671009917121683
1403636697.7635558 -4.249328332821304 5.976205473544938 -0.16652919056102058 0.1289461056769447 -0.8103622658951081 0.07304643036022743 0.5668775166257036
1403636697.8135555 -4.238136238339961 5.959882925275558 -0.15758590153741328 0.11984287909368745 -0.8115148926513341 0.06648633761431037 0.5680324200662015
1403636697.8635557 -4.226035206365169 5.942165342316605 -0.1504828959876706 0.11100733684363151 -0.8124931364244816 0.06089836190602282 0.5690550623157277
1403636697.9135556 -4.214793970213415 5.925645055374659 -0.14392200452081727 0.10254138831742717 -0.8135724812079443 0.05604702534362466 0.5695996949202264
1403636697.9635556 -4.203752176746818 5.907520786115161 -0.1395337063037464 0.09434182777714815 -0.8143287426228636 0.05223859974725295 0.5702976829396902
1403636698.0135555 -4.192337525383266 5.889110107149568 -0.1374913379634438 0.08780234225371832 -0.8153190163773476 0.04885804558430505 0.5702267457861979
1403636698.0635557 -4.180638283471732 5.86927070701346 -0.13601168478558914 0.08260413769277171 -0.8152793770600733 0.04562978198296699 0.5713265412815682
1403636698.1135554 -4.168985041684705 5.849943502112462 -0.13669087686754838 0.07757574127732084 -0.8160277731241619 0.043692709808321156 0.5711143711770014
1403636698.1635556 -4.157687693459323 5.828963121772299 -0.1379580962660909 0.07339090088215927 -0.8163056497587794 0.04227326965006266 0.5713771368480676
1403636698.2135556 -4.146683022078971 5.808642612958452 -0.14081011608982905 0.06944040744643366 -0.8162024980444029 0.04028447540917575 0.5721614047109063
1403636698.2635558 -4.135680093094732 5.787602664033013 -0.1445414500835128 0.06443594571181623 -0.8166766613819951 0.03764010222510883 0.5722503493740003
1403636698.3135555 -4.12495842927784 5.766609287365287 -0.14927919385174596 0.0593816975423956 -0.8172105473068451 0.032979568569944426 0.5723225344369822
1403636698.3635557 -4.113742617783721 5.745009246736531 -0.15445393872345395 0.052999855101613036 -0.8172388534196298 0.028042985815784204 0.5731712333736863
1403636698.4135556 -4.103851285860532 5.721917158231562 -0.16084253316735433 0.045914946638599026 -0.8180859998045618 0.022166918909753433 0.5728313384452649
1403636698.4635556 -4.100542774390339 5.70254368137087 -0.16163455967244494 0.0373456678835095 -0.8191438025517236 0.016645004664828447 0.5721290725449508
1403636698.5135555 -4.0889898274856336 5.729994087747132 -0.14090040772987694 0.030892293490789015 -0.819721394506209 0.010521035599362077 0.5718319765469506
1403636698.5635557 -4.08116440697388 5.708621815886392 -0.14924058813639765 0.021281811989559647 -0.8201481437416865 0.003908941205572334 0.5717419234008981
1403636698.6135554 -4.068487043226665 5.685916550391004 -0.1574953859112389 0.01119654391964758 -0.8203558965635988 -0.002987671929321945 0.5717358780014007
1403636698.6635556 -4.057969376965653 5.660740961082673 -0.1673643160139971 -0.00020641494038690849 -0.8207237550134449 -0.009440763995202111 0.571247185835248
1403636698.7135556 -4.042861847828086 5.638435164680859 -0.17633116508262367 -0.011592191773452708 -0.8206144077521285 -0.016407641541985995 0.5711290608772599
1403636698.7635558 -4.052117898987232 5.616512720067113 -0.20638936945557163 -0.02297711823826984 -0.8201551702286715 -0.023974956587962105 0.5711766366381322
1403636698.8135555 -4.045843826603389 5.594595829616055 -0.22280925028735962 -0.035416112705140876 -0.8199466326334265 -0.03130772739225608 0.5704849207468097
1403636698.8635557 -4.038814764474201 5.569656046251185 -0.23517392662967038 -0.0491146572284102 -0.8192759988330812 -0.037851083359263016 0.5700367388773493
1403636698.9135556 -4.019577691812857 5.545502617011539 -0.2509951626923248 -0.062004825783362125 -0.818023284052836 -0.04652950482462321 0.5699371136430437
1403636698.9635556 -4.011500367706368 5.515657566484868 -0.2605670231035562 -0.07550925894760013 -0.8171754640091979 -0.053531270363878 0.5689086182575949
1403636699.0135555 -4.004693201635713 5.491962914796389 -0.26859020930693367 -0.0877092911084646 -0.815847771398646 -0.060493571596685246 0.5683660985250528
1403636699.0635557 -4.000176269120628 5.467464070313808 -0.276937785760589 -0.10069294177428746 -0.8143118476154457 -0.0669853379998885 0.5676883923447791
1403636699.1135554 -3.9961931925572025 5.43295773203543 -0.28699796078436823 -0.113822519277551 -0.8120887696365544 -0.07379000404907615 0.5675484998111934
1403636699.1635556 -3.9890871607318648 5.409242252075985 -0.29127819594900956 -0.12878245478755407 -0.8095643429031946 -0.07796165592107976 0.5673998891827998
1403636699.2135556 -3.9820854175574776 5.387255923622318 -0.2936729393082375 -0.1427041754376237 -0.8076562952470617 -0.08406795408454304 0.5659146633163857
1403636699.2635558 -3.9743789725639243 5.364993694613922 -0.29476929930769824 -0.15745611694399844 -0.8051534759184609 -0.09021072614202397 0.5646215337217199
1403636699.3135555 -3.9746520819869455 5.354859297512564 -0.29090409746729357 -0.17297959277222583 -0.8032337206623764 -0.09484622243028358 0.5620479023765999
1403636699.3635557 -3.9685238084908567 5.33556496514064 -0.2888382182319242 -0.18664795750811275 -0.8008487121278665 -0.10140858313639363 0.5599287271675355
1403636699.4135556 -3.9602368668196384 5.317389834666149 -0.2843158437856266 -0.20032678748433522 -0.7981701942148914 -0.10666316130408314 0.558047031444293
1403636699.4635556 -3.9541721228792337 5.3002715132761695 -0.28095564755951397 -0.21294043757466527 -0.795766286219936 -0.11257104385268167 0.5556439038153472
1403636699.5135555 -3.945855291056257 5.2849776416969165 -0.27701029229758434 -0.2248795772318335 -0.7928648896570372 -0.11982101251167154 0.553567852619572
1403636699.5635557 -3.939594410235666 5.270489137772482 -0.2750018452821096 -0.2368758409063071 -0.7896197517863113 -0.12572608304954527 0.5518907823336724
1403636699.6135554 -3.9432673900126476 5.250836749926946 -0.2595261029593594 -0.24853700239489748 -0.786620195619101 -0.13185529206438748 0.5496109608071342
1403636699.6635556 -3.936834507416195 5.240482719622015 -0.25891382182015094 -0.2605194852333879 -0.7828239656063494 -0.1378376140520352 0.5480118874974539
1403636699.7135556 -3.929925768196022 5.232099992454013 -0.25991705677806115 -0.2710272108302794 -0.7787706865190758 -0.14562155954994258 0.5466761657530071
1403636699.7635558 -3.9223929578614376 5.22413032973493 -0.2622067107845269 -0.2778329339752849 -0.7759865868537357 -0.15516919665607268 0.5445880996045395
1403636699.8135555 -3.9155575464402363 5.216795464940566 -0.26554245860616404 -0.28300862186427506 -0.7730948897212028 -0.16466833992985103 0.5432446495476898
1403636699.8635557 -3.9087897997860606 5.210310228869548 -0.26916878468856575 -0.2868252287344906 -0.7701086007389871 -0.17260359326475855 0.543021206603702
1403636699.9135556 -3.894862429793161 5.193568433633044 -0.2717806708862949 -0.2899460771844976 -0.7672860630732071 -0.17856529930149403 0.5434315077581605
1403636699.9635556 -3.887067949963485 5.187052547287319 -0.27645710399920664 -0.29326631358003 -0.7647498713264532 -0.1815721201694729 0.5442279566528306
1403636700.0135555 -3.8791414413800926 5.18098165089742 -0.2823457199057998 -0.2962320398441411 -0.7632852036347102 -0.18357621301669497 0.5440055610897259
1403636700.0635557 -3.8705450111141713 5.175051952053686 -0.2891808126194435 -0.29806698263547743 -0.7623344853488601 -0.18476900162006119 0.5439325531265772
1403636700.1135554 -3.854202740750569 5.173285112925923 -0.297980463859371 -0.29977022809084136 -0.7611826714977198 -0.18479608001687117 0.5445999997910002
1403636700.1635556 -3.8439214014981955 5.168868138813636 -0.3065829660162282 -0.300496381856451 -0.7605471488086427 -0.18602974330939395 0.5446676909221506
1403636700.2135556 -3.8355176875892782 5.166000014687737 -0.31534855566979825 -0.30084116537499905 -0.7603473073892366 -0.1859528990927575 0.5447826031370212
1403636700.2635558 -3.8194187619976407 5.163034783602242 -0.3296230572733435 -0.3021642617928452 -0.760146398728709 -0.18594065123874512 0.5443347183598258
1403636700.3135555 -3.81537585542963 5.171076481836837 -0.3432504932007371 -0.30538102461141114 -0.7602672797474636 -0.18605590587915072 0.5423276620643331
1403636700.3635557 -3.8043534385453555 5.172505041934775 -0.3577270747812932 -0.30961944081266896 -0.7596585439377161 -0.18546489436163818 0.5409782541403172
1403636700.4135556 -3.794322003568029 5.173914869390802 -0.37246230374825295 -0.31445496324392597 -0.7584761842954638 -0.18646209182011106 0.5395033292408151
1403636700.4635556 -3.7785062436553174 5.185759662653646 -0.39473136764694455 -0.31755293762805614 -0.7560920552165975 -0.1903854739210396 0.539664995309122
1403636700.5135555 -3.7682606860569887 5.189364517797658 -0.4135554288934638 -0.3197791889858691 -0.7535778993134946 -0.19443745807875823 0.5404217749625488
1403636700.5635557 -3.7565589411967557 5.192575337499411 -0.43251270352151644 -0.3214803259951191 -0.7512174888891434 -0.19988998746725253 0.5407094203872386
1403636700.6135554 -3.7438472697025222 5.188313028381215 -0.4455549161082972 -0.3235748319407874 -0.7480894537168506 -0.20631024562368613 0.5413848722700051
1403636700.6635556 -3.7276791261632236 5.19333016040144 -0.4652709929479499 -0.32659614237169404 -0.7455418510082057 -0.21347040274616025 0.5403079634195471
1403636700.7135556 -3.7140258825326775 5.200538016771102 -0.48555004747814556 -0.3308283166310646 -0.742802340978076 -0.21856728888835086 0.5394679298906865
1403636700.7635558 -3.6981189233859735 5.204649954178614 -0.5035608314586795 -0.33364845224814516 -0.7406267661654654 -0.22364283625090092 0.538641425574895
1403636700.8135555 -3.6885862384154477 5.212990383827525 -0.5187292071212166 -0.33677570383515 -0.7396739112761379 -0.2270999027687923 0.5365540647932924
1403636700.8635557 -3.665548297859589 5.207020601557545 -0.5333685449693728 -0.33958760677283095 -0.7398556266201605 -0.229090217788621 0.5336774130487003
1403636700.9135556 -3.6495386191978376 5.21119256192177 -0.5464085812629733 -0.3422175567941253 -0.7404804571141242 -0.23010713388419152 0.5306849756583657
1403636700.9635556 -3.6328540226693553 5.2142430408446545 -0.5571279245871719 -0.3442245866297963 -0.7418720281263039 -0.2306813159873967 0.5271825663824946
1403636701.0135555 -3.617323246990974 5.217796750965529 -0.5652521624104064 -0.34597931328060244 -0.7431797657113041 -0.2302549468367325 0.5243708707359587
1403636701.0635557 -3.6042466376804154 5.219582683198084 -0.5762013220152526 -0.3470285909181993 -0.7456651339114465 -0.22946188276941212 0.5204823815558701
1403636701.1135554 -3.58523645702337 5.22403768095803 -0.586658901180963 -0.348381528060404 -0.7483293388365423 -0.22762571998748668 0.5165462642812741
1403636701.1635556 -3.5794958128856167 5.2283218837027245 -0.5987091356156327 -0.3474250536331146 -0.7499327724716313 -0.22776351162261269 0.514801371068858
1403636701.2135556 -3.5655124937862976 5.2355944336491955 -0.59826499520926 -0.34702448815085263 -0.7518356524691788 -0.22664001134165535 0.5127879303951464
1403636701.2635558 -3.5514965935772995 5.24126841823421 -0.5958335663577294 -0.34608324808676244 -0.7525631424445287 -0.22599371143621755 0.5126421211908129
1403636701.3135555 -3.5378544794358753 5.249629026007056 -0.5919114075115612 -0.3451401986991299 -0.753896891000781 -0.22520556022678107 0.5116641248164886
1403636701.3635557 -3.5239527018649537 5.258627529825011 -0.584173033255239 -0.34414615409102645 -0.7538640249391517 -0.22458846116949435 0.5126523964992423
1403636701.4135556 -3.5133476010107008 5.268432404532408 -0.5767171213960813 -0.3419112201226405 -0.7537279684484848 -0.22508656918583644 0.5141273222703856
1403636701.4635556 -3.502176666437658 5.276818087591303 -0.5703627201041817 -0.3395558473373804 -0.7528982029917989 -0.22539358934778503 0.5167628589127086
1403636701.5135555 -3.4923887614801346 5.288318453294736 -0.562760580686931 -0.33686957706473675 -0.7511470505678237 -0.2266054795327223 0.5205256507773941
1403636701.5635557 -3.4821088390821413 5.297495431465133 -0.5562865279306788 -0.33425129234793244 -0.7497295991754148 -0.22719273196175693 0.5239895649989246
1403636701.6135554 -3.4737934965661657 5.311033081834629 -0.5482471065883039 -0.33194597584501434 -0.74909097386881 -0.2272274159645314 0.5263480629988686
1403636701.6635556 -3.464307511017385 5.320620188451207 -0.5425150624282714 -0.3292389484184089 -0.74872126937217 -0.2281249206647152 0.5281829192673541
1403636701.7135556 -3.455934036498671 5.333093057254941 -0.5364237246844917 -0.32893470279010656 -0.7477840954912777 -0.22820859198674617 0.5296619170509648
1403636701.7635558 -3.4462768420154464 5.342841454439746 -0.5321696154477809 -0.3303377294857627 -0.7469746886495081 -0.2285924093438341 0.5297653342618244
1403636701.8135555 -3.447864585800453 5.3957359191223535 -0.5222271287210336 -0.33425621730702326 -0.7460341788223837 -0.22862703224649558 0.5286165579572509
1403636701.8635557 -3.437832406001381 5.407749428767307 -0.5210784722111709 -0.3383560487672758 -0.7444911640753603 -0.23197004421608228 0.5267238265568597
1403636701.9135556 -3.432730408861933 5.425915011869362 -0.5171209136986242 -0.3444921855903174 -0.742489226602509 -0.23382154706721422 0.5247498133144107
1403636701.9635556 -3.3992510231081354 5.514835037856228 -0.5319320844877439 -0.3495783322133481 -0.7401098098399642 -0.23578801378256606 0.5238668452785102
1403636702.0135555 -3.390680029916844 5.528082515972264 -0.5361874746072146 -0.3570252027474295 -0.7369304526259195 -0.23982110418369748 0.5214905086229533
1403636702.0635557 -3.379538657298364 5.541629585839193 -0.5409239259237086 -0.36543470994356303 -0.7327766485325022 -0.2444973901183083 0.5193427407399409
1403636702.1135554 -3.362589777935495 5.579508386328358 -0.5567472539885799 -0.37401150501666297 -0.7281002986791032 -0.2491780844718434 0.5175863516337292
1403636702.1635556 -3.3492041064696867 5.59840644631774 -0.5631804171391885 -0.3821886766062382 -0.7231470142961324 -0.25517144924453017 0.5156333413182356
1403636702.2135556 -3.3420493752920692 5.612071969501274 -0.5732836776700592 -0.39056083312403755 -0.7189627308124051 -0.26053799587261856 0.512518077767903
1403636702.2635558 -3.3294890811144993 5.623076492352741 -0.5827383162352378 -0.39772731254733423 -0.7158991750511337 -0.26531360995551806 0.5088320394662198
1403636702.3135555 -3.322295661832822 5.630717831980894 -0.5897704262689182 -0.403976632494028 -0.714088518526645 -0.2695831611790492 0.5041878492347046
1403636702.3635557 -3.3380097221576994 5.639630289474271 -0.6126683981584873 -0.40864654489946334 -0.7129357906114205 -0.27329954044847077 0.5000379195597615
1403636702.4135556 -3.32464505094324 5.653426597856021 -0.6275012069875494 -0.41164902829031064 -0.7122902035491159 -0.27771172605759137 0.49604832490969614
1403636702.4635556 -3.3142725958008703 5.668261038536614 -0.6416617576978264 -0.4150743613850852 -0.7118902429479906 -0.28045940260457497 0.4922073546859084
1403636702.5135555 -3.3060313884770385 5.681908000953313 -0.6583752064185039 -0.4169446130949877 -0.7115229996087952 -0.2836938284641139 0.4892954346099577
1403636702.5635557 -3.2972013994438636 5.696919924103815 -0.6752186814362297 -0.41861553548572955 -0.7112558166396669 -0.28570729245797205 0.4870806296523927
1403636702.6135554 -3.289490181073851 5.712233042050051 -0.6929801300184256 -0.42024117679355016 -0.7115726071380665 -0.28717304130833465 0.4843484514723141
1403636702.6635556 -3.282057128034074 5.728242714671584 -0.7116201442765017 -0.4214049972592513 -0.7124115394112618 -0.28797292766816396 0.4816214485764035
1403636702.7135556 -3.2807151797139804 5.7509226411252605 -0.7324873950696672 -0.42158818016386795 -0.7130364324517502 -0.2892154484983225 0.4797883665664613
1403636702.7635558 -3.286129649383589 5.763546690104106 -0.7620043934324154 -0.42288553757863584 -0.7128880450373015 -0.28879964762678045 0.4791171264736528
1403636702.8135555 -3.2829825896811045 5.782059656029125 -0.7852268403091665 -0.4227917009971748 -0.7143889357794891 -0.2891171977117901 0.4767671045605459
1403636702.8635557 -3.279983391078101 5.80022983770088 -0.8077830160933054 -0.4229341198832355 -0.7151508683622693 -0.28887622590379375 0.47564324007270986
1403636702.9135556 -3.281052002772006 5.821372440364394 -0.8307540574910137 -0.42378293637990405 -0.7153957833065583 -0.28798409748223086 0.47506005479072544
1403636702.9635556 -3.2804041187092543 5.841031415107713 -0.8505917678781967 -0.423354683643401 -0.7153672410253511 -0.28778536824851736 0.4756049874917612
1403636703.0135555 -3.294629091967453 5.829711915989765 -0.8809610488614237 -0.4236483148498247 -0.7134846486449979 -0.28754822721693873 0.4783072009673525
1403636703.0635557 -3.295999227939002 5.8488065846647865 -0.8976901911820928 -0.42335083454598205 -0.7121003941084286 -0.28737852266536973 0.4807293254114114
1403636703.1135554 -3.2998194485617383 5.869080037098068 -0.9127650571016995 -0.424229153132808 -0.7092816402009153 -0.28539076499632765 0.48528475327474585
1403636703.1635556 -3.3026800842241526 5.889106947135257 -0.9244990299131145 -0.4248362002501389 -0.7047742172052112 -0.28359845950806 0.49232044390260804
1403636703.2135556 -3.3057305021814374 5.9094781822790585 -0.9346163478859159 -0.42609358221638777 -0.7016341289862389 -0.2805977080667714 0.4974120369104502
1403636703.2635558 -3.3088297456123463 5.930690572121195 -0.9431292606028312 -0.4282009663825018 -0.6978813476480935 -0.27716874552088544 0.5027753409827803
1403636703.3135555 -3.3097919237274716 5.951919354306889 -0.9507239902117486 -0.42958434850272625 -0.6947518115316722 -0.2743669989061204 0.50744453667982
1403636703.3635557 -3.3061907712344496 5.968626646237954 -0.9608983864693771 -0.42900376203785573 -0.6935635074100241 -0.27475119731979375 0.5093497942650141
1403636703.4135556 -3.3056208520637846 5.988629477490057 -0.9671447015708733 -0.4266884786801446 -0.6940524891206324 -0.2780839932263124 0.508819592015074
1403636703.4635556 -3.3038192031374516 6.010101009091578 -0.9693556926214774 -0.4237304705370157 -0.6966439127548111 -0.2821149109371054 0.5055204488317911
1403636703.5135555 -3.305792548006536 6.028495535289146 -0.9710542841651983 -0.42034098575051565 -0.6999893281424447 -0.2864318730961484 0.5012835308082699
1403636703.5635557 -3.303027023675033 6.050041981789889 -0.9698614175196126 -0.41797173928421966 -0.7022841708048657 -0.2896528330141087 0.4981945452567174
1403636703.6135554 -3.3047742390686343 6.116551835214659 -1.0099578461918226 -0.41775964983264946 -0.7045067729035165 -0.2889502928043567 0.49563576363399353
1403636703.6635556 -3.3021723577917315 6.139228013973541 -1.0079615606741954 -0.4172872387744846 -0.7060427020723564 -0.28879120812582054 0.49393795290052483
1403636703.7135556 -3.2955551975121056 6.161385334208159 -1.007285538701271 -0.4171432986274271 -0.7068513578014806 -0.28831915794632723 0.49317815193452513
1403636703.7635558 -3.2936061911503556 6.184641177587222 -1.0073595805356366 -0.4167664704204205 -0.7063135047008406 -0.28768977937820256 0.4946327254153749
1403636703.8135555 -3.2907122673966462 6.207177521925955 -1.0089842139259402 -0.41678267176490036 -0.705264476015802 -0.28669968285714525 0.49668653619388564
1403636703.8635557 -3.2958879333839697 6.2260769315364985 -1.0072584253787629 -0.4170230328181178 -0.7037202669928052 -0.2853373902449567 0.4994518491816318
1403636703.9135556 -3.293661946218771 6.248144069925211 -1.0109556276162106 -0.4170065901710334 -0.7024861305290849 -0.28374153283002096 0.5021050514737643
1403636703.9635556 -3.2931018679708823 6.268552290723313 -1.0150968268536622 -0.41675697865956146 -0.7020989539550689 -0.28311001956532633 0.5032090981048262
1403636704.0135555 -3.2922270964227924 6.287263272408114 -1.0182291988028604 -0.4170399085583777 -0.7013664654306522 -0.2811419060078295 0.5050960547511915
1403636704.0635557 -3.289087576287214 6.308350674783561 -1.0249138124188264 -0.41702363906151313 -0.7011120218177078 -0.27965747260743645 0.5062854089754115
1403636704.1135554 -3.285414353311095 6.327650761961591 -1.0319953503732007 -0.41695608211500007 -0.7022875795894248 -0.2784871940413471 0.5053559774027747
1403636704.1635556 -3.284189559235939 6.342947488116239 -1.0380388998275012 -0.4168792912974173 -0.7041034770278198 -0.27819215344702 0.5030497747591257
1403636704.2135556 -3.277440898830284 6.340707978950837 -1.039265029708507 -0.41577660001227024 -0.707096889599744 -0.27772928096974303 0.5000102539874894
1403636704.2635558 -3.2733987157711315 6.360781856603908 -1.048093348946192 -0.41542930190804633 -0.7095761200078137 -0.27745043573021994 0.4969320685405212
1403636704.3135555 -3.2697468248302153 6.381093008581797 -1.0570043452819962 -0.41448309083075563 -0.7116033267956221 -0.2779663822527449 0.49452923376288643
1403636704.3635557 -3.267411646743181 6.38914475209233 -1.060842305225822 -0.41317128022894684 -0.7135068337876951 -0.2786533845372876 0.4924934340863299
1403636704.4135556 -3.2647708751557265 6.410126183691692 -1.0657203346317516 -0.4132634001047483 -0.7145832299370721 -0.27766074008746877 0.4914149804804932
1403636704.4635556 -3.261521351267563 6.432669979713231 -1.0690901204205865 -0.41263696588384524 -0.7163657622987112 -0.27825359815516154 0.4890048712498339
1403636704.5135555 -3.2593277106992864 6.451104351334384 -1.0702284155889152 -0.412199957679547 -0.7180370495737951 -0.2787240875250438 0.48664861384953195
1403636704.5635557 -3.25783411681503 6.472688928913167 -1.0691500587146192 -0.4126142618562645 -0.7193941515906692 -0.2779205030449458 0.4847491305378441
1403636704.6135554 -3.257776389044695 6.495705409956971 -1.0671400027529707 -0.4124007739949068 -0.7207434790117059 -0.2776170568391399 0.4830975148171209
1403636704.6635556 -3.258046723227192 6.518527524466621 -1.0665811753796435 -0.41259017737637577 -0.7218558496549587 -0.27734147117675395 0.4814303544823097
1403636704.7135556 -3.259669554817814 6.544075987012536 -1.0678236725441377 -0.4124275083994383 -0.7246985070058388 -0.2768091436157458 0.4775901195268354
1403636704.7635558 -3.2613187289567342 6.568062513009878 -1.070489561288934 -0.4121002563640443 -0.7265333299646176 -0.2762481618831487 0.4754047246414311
1403636704.8135555 -3.264316045925495 6.594609960481613 -1.0752710815697228 -0.4130189241806415 -0.728448793231071 -0.2742070423768266 0.4728511624388961
1403636704.8635557 -3.268287872157967 6.621173067837315 -1.0812266336883443 -0.41364180116636895 -0.7303773241840853 -0.27218743809540796 0.470492745096666
1403636704.9135556 -3.2737916307169037 6.649674128049708 -1.0884161300327062 -0.4140072525493602 -0.7320515371143675 -0.27018463981985213 0.46872038813181466
1403636704.9635556 -3.279583221158633 6.704993825787382 -1.0989678660322948 -0.4155326551614756 -0.7335021555118107 -0.26914414920777524 0.4656915581167483
1403636705.0135555 -3.287606250427032 6.736960470142159 -1.1085802616638947 -0.415130797906026 -0.7349167001013099 -0.26867897143032643 0.46408563310368617
1403636705.0635557 -3.312083297137674 6.768901301389542 -1.1182911894483352 -0.4138663317365259 -0.7356565131868671 -0.27016209926466983 0.46318095187690894
1403636705.1135554 -3.3284592971311513 6.800110296030589 -1.1310767821026575 -0.4120511177710959 -0.7334998576983298 -0.272292437252506 0.46695681140252226
1403636705.1635556 -3.3420581019344784 6.8281676568329415 -1.1422465101219428 -0.40882189221505644 -0.72958375948722 -0.2764650150843161 0.4734335156836956
1403636705.2135556 -3.357558886958185 6.872664724746857 -1.1521462753962401 -0.4048449199364239 -0.7257746035213548 -0.28037534226871325 0.4803555798913893
1403636705.2635558 -3.378909128641346 6.898684736458438 -1.1563351518216698 -0.4011636422840098 -0.7230604689650927 -0.28385744203655405 0.48546497600740635
1403636705.3135555 -3.39052434020872 6.932988598499232 -1.1631949200306397 -0.4000426504464325 -0.7208967731290677 -0.28548268523742915 0.48864440725901886
1403636705.3635557 -3.413231569591044 6.968031192907242 -1.1744241229578893 -0.39937814085451695 -0.7196200235441941 -0.2862557351275811 0.4906136732994828
1403636705.4135556 -3.432169066567363 7.004834715161627 -1.1782577448496963 -0.3999839599320252 -0.7205515347284678 -0.2853166678933934 0.4892981878361671
1403636705.4635556 -3.4520620409226486 7.04159698395796 -1.1816484473484656 -0.40134953187635763 -0.721488197474387 -0.2838295375584515 0.4876618990418919
1403636705.5135555 -3.472973083142372 7.077174563977916 -1.185575627045149 -0.4026317323998029 -0.723255563898174 -0.28230945184937994 0.4848612695932421
1403636705.5635557 -3.4943624130226514 7.113536913715632 -1.1912702225850371 -0.40332970231409226 -0.7251084056506834 -0.28131972248112697 0.48208107723607196
1403636705.6135554 -3.5281553769596097 7.154127853206615 -1.202091668775957 -0.4041059029164141 -0.7255776392519793 -0.2802690316561364 0.48133645045868495
1403636705.6635556 -3.5517497655562984 7.1913143303354135 -1.2107162849858129 -0.4046464985303793 -0.7262051545066772 -0.2800885129927534 0.4800392793142506
1403636705.7135556 -3.576394063462131 7.229146299364679 -1.219799611900359 -0.4044002983401715 -0.7249337803681435 -0.2806864563182016 0.48181586319159636
1403636705.7635558 -3.6020542250077523 7.267833567035777 -1.2298418603686063 -0.40442473461839584 -0.7231153973940883 -0.2810829495019686 0.48429033810277883
1403636705.8135555 -3.627715011657279 7.30466575323172 -1.2400849376705307 -0.4046932111092813 -0.7208279072828944 -0.2804551163487782 0.4878272857047003
1403636705.8635557 -3.653288184439678 7.3382239009217525 -1.2488571281833476 -0.4053342003955346 -0.7179160983210847 -0.28048034644400394 0.4915602069124341
1403636705.9135556 -3.689159922036313 7.361246691155416 -1.2444670706791412 -0.40629621391918114 -0.714506596096094 -0.27934869970623044 0.4963547266447158
1403636705.9635556 -3.716821501016163 7.400465287226263 -1.2489170643858094 -0.4077013315393243 -0.711397649168851 -0.27684668086343 0.5010478263728891
1403636706.0135555 -3.7430195920375664 7.441207481839643 -1.2523063563895194 -0.41005000684971343 -0.7080851402944843 -0.27213582769686634 0.5063758655983045
1403636706.0635557 -3.76869705291713 7.480407804458958 -1.252808960792673 -0.4127320205817244 -0.7053385780730737 -0.2671365609042188 0.5106738952566975
1403636706.1135554 -3.7924610961050345 7.520768413397248 -1.25202504850482 -0.4142689310643876 -0.7025384081593049 -0.2640029843650015 0.5149014100409248
1403636706.1635556 -3.8114345410615127 7.562605521550083 -1.2513795306690927 -0.411611276793456 -0.7026138364465846 -0.2663363048357995 0.5157275699210632
1403636706.2135556 -3.8319084568245563 7.60162303760147 -1.2543069491366425 -0.4076717095645874 -0.7043897053407173 -0.2710336535626739 0.5139841231664385
1403636706.2635558 -3.847583645406181 7.636828209141578 -1.2680911714041796 -0.40415292799165187 -0.7068081107982757 -0.27457746529431637 0.5115563711440761
1403636706.3135555 -3.8678987221113093 7.674786939893594 -1.2743786096742822 -0.39995768661791625 -0.710065976330842 -0.27940482223585944 0.5077136038003324
1403636706.3635557 -3.888162311504125 7.7126014681558575 -1.2823648364217866 -0.3973634815054509 -0.7130644086972495 -0.28205512876915584 0.5040697540520799
1403636706.4135556 -3.9208540907396623 7.750887756051585 -1.3031651708431007 -0.39496628858197547 -0.7161981428837815 -0.2841743987965006 0.5003066680369649
1403636706.4635556 -3.9421383722522734 7.787902507741094 -1.3131717208381926 -0.3935976289465558 -0.7186966968961832 -0.28532592716914046 0.4971368821996971
1403636706.5135555 -3.961744339698498 7.8247313323139025 -1.3218615757875072 -0.392644922745206 -0.7201786471428543 -0.2863560464998628 0.49514936683274463
1403636706.5635557 -3.983477339438195 7.860589097404914 -1.3290862993907844 -0.39254930015940837 -0.7214329627900776 -0.2868130935591649 0.49313058768171236
1403636706.6135554 -4.006148066435282 7.896092037963775 -1.3340682028922721 -0.3925814232267177 -0.7220078615822549 -0.28644126963102456 0.49247931225876984
1403636706.6635556 -4.028341056280582 7.9316524180465935 -1.3380069420099543 -0.3929151787088642 -0.7227553958678448 -0.28663525339464047 0.4910015596670614
1403636706.7135556 -4.047734985314602 7.968245115111941 -1.3408797219797624 -0.393638830822002 -0.7238864031547881 -0.28590263664514814 0.48917954633862537
1403636706.7635558 -4.064045082282876 8.00372753023587 -1.3356914954183996 -0.39603295634510294 -0.7241669121696088 -0.28361813186963225 0.48816076868391617
1403636706.8135555 -4.085254779475007 8.03737474907428 -1.338460534414521 -0.39705319690361407 -0.7254691877561871 -0.2833982070757584 0.4855189725141992
1403636706.8635557 -4.117675769068771 8.078732577331227 -1.342558761651445 -0.4003995766559378 -0.7251379896504514 -0.2836285676279439 0.48312515004372186
1403636706.9135556 -4.1351409906108385 8.098209235550152 -1.335589267965761 -0.4014463323021439 -0.724244987268976 -0.28347327144238504 0.48368682540944746
1403636706.9635556 -4.157990840700386 8.129727258394187 -1.3306510483005853 -0.40214758567909614 -0.7234254806871009 -0.28461698456341356 0.48365903829365237
1403636707.0135555 -4.186737973810722 8.166053037410526 -1.3260101883553677 -0.40237264135672246 -0.7215104388001023 -0.286046122459087 0.48548590094483607
1403636707.0635557 -4.21494479900158 8.202589449246425 -1.321183669760508 -0.4021632278841535 -0.7197732711231933 -0.28833329754862574 0.4868830309624194
1403636707.1135554 -4.240358158635074 8.262906258402312 -1.3299288643823177 -0.404176591015655 -0.7173003020574066 -0.28968219870442813 0.4880632988630527
1403636707.1635556 -4.269287550763128 8.299642436725723 -1.3258142771293142 -0.4053239666206417 -0.7165527793676537 -0.29051075392035947 0.48771723192852634
1403636707.2135556 -4.299585602842488 8.337152264474001 -1.3211721408744659 -0.40655002194652834 -0.7160059968070717 -0.29162867799112785 0.4868318050053182
1403636707.2635558 -4.3296669661693965 8.373912135310972 -1.3155345616563048 -0.407661491398059 -0.7156668886006208 -0.29262927329873284 0.4857994662414448
1403636707.3135555 -4.364084979094255 8.40498037956579 -1.3133617464865877 -0.4083592029630866 -0.7159831002721639 -0.2935742838598911 0.48417465994841696
1403636707.3635557 -4.395677172311716 8.440889586260075 -1.3043838312441407 -0.40938117519814904 -0.715807151307805 -0.29407090055580937 0.48326957381598407
1403636707.4135556 -4.430919720055418 8.475329832420492 -1.2911387787483848 -0.4106129451753682 -0.7156832383292767 -0.2941388703898185 0.48236587416061216
1403636707.4635556 -4.464830044061117 8.51170779800929 -1.27751096127643 -0.4108119612007195 -0.7160941803938252 -0.2946968932192856 0.481244634741433
1403636707.5135555 -4.502250375314831 8.54834199986972 -1.2667942937169114 -0.41210486192159207 -0.7157666493527607 -0.29367712206424396 0.48124986694125016
1403636707.5635557 -4.53791560405382 8.584303041182539 -1.2502581233247807 -0.41327761538042684 -0.7152645435775059 -0.29277406179645205 0.48154085399427676
1403636707.6135554 -4.573710870960734 8.618661241294408 -1.2333861392300605 -0.4151082611834909 -0.715220046216078 -0.29032126675958075 0.48151737149868457
1403636707.6635556 -4.610598979568527 8.653901381667302 -1.2197940313874631 -0.4191531508153181 -0.7139099335428575 -0.28462624291609806 0.483354057388464
1403636707.7135556 -4.644249373150784 8.691116381195258 -1.210859235887118 -0.4215302114935559 -0.7130555888080312 -0.28121337886233355 0.4845441606465398
1403636707.7635558 -4.680959298697509 8.728152031489818 -1.2029955752892072 -0.4234367948611335 -0.7125539983488858 -0.2779859741602608 0.48548107930682277
1403636707.8135555 -4.719925241921034 8.76798553723839 -1.1979817954025207 -0.4240167003691915 -0.7115930353148814 -0.2771145739893084 0.48688058369799625
1403636707.8635557 -4.756614400608993 8.805442552275176 -1.1947086142464798 -0.4236097322563696 -0.7108674350656106 -0.2765843307126127 0.48859327922637574
1403636707.9135556 -4.794208038915344 8.844639081698906 -1.1945333270134646 -0.4227398046386383 -0.710005617336202 -0.27651698814900527 0.490633708778889
1403636707.9635556 -4.830961017759328 8.884366223473355 -1.1973857560311603 -0.4210322157481222 -0.7099077250350087 -0.2772464580529446 0.49183055693494915
1403636708.0135555 -4.870410060858207 8.92409054288955 -1.2023434992187032 -0.4188506855187292 -0.7101679098158628 -0.27839270223807583 0.49266940888271243
1403636708.0635557 -4.907298081647642 8.964754930274934 -1.2093567066145317 -0.41630495506822823 -0.7105883299057345 -0.2799862080627638 0.4933174769679808
1403636708.1135554 -4.944184628634999 9.005161718743782 -1.2181145550980244 -0.4133569852700013 -0.7107854772884418 -0.28185112531553885 0.4944491391060383
1403636708.1635556 -4.98114838448727 9.046128921277614 -1.227406402528212 -0.41095354862876454 -0.7109908040603418 -0.28333858036979276 0.49530647712813625
1403636708.2135556 -5.018806442266452 9.086092318641924 -1.2372677450782088 -0.4101750759956541 -0.7103029077502073 -0.2825656228452549 0.4973759695236925
1403636708.2635558 -5.04820773008253 9.122794839107275 -1.247793518994754 -0.41084324581003695 -0.7086149914417843 -0.2800675820298173 0.5006343683490029
1403636708.3135555 -5.085021123218431 9.161420075766838 -1.2632799694053594 -0.4129417048500812 -0.7055665199474914 -0.2761100256239598 0.50538924412242
1403636708.3635557 -5.121175758616219 9.201119649281402 -1.2745771449190684 -0.4163117712151834 -0.7022451464646734 -0.2703794185268029 0.5103246353563524
1403636708.4135556 -5.157642774745183 9.241212269943496 -1.2891906237036512 -0.41864529431706937 -0.6996632171264214 -0.2661572230355078 0.5141671253323258
1403636708.4635556 -5.188288865329204 9.280703438629736 -1.2898190443042423 -0.4204540641933543 -0.6973484772498184 -0.263537529835638 0.5171764220735325
1403636708.5135555 -5.220736379130732 9.320747072107944 -1.2993673201046472 -0.4209667077946086 -0.6961459691612581 -0.2628898230679242 0.51870681649311
1403636708.5635557 -5.250927735303297 9.363808512567154 -1.3051119743969448 -0.4197913022308624 -0.6955998224300249 -0.2642595410455584 0.5196951458047548
1403636708.6135554 -5.277794481233634 9.403971784477688 -1.3110428942969894 -0.41733211939297993 -0.6962219897545363 -0.2688284059547925 0.518497956849401
1403636708.6635556 -5.304368678008075 9.447096985762865 -1.3157527794408872 -0.4138842576043314 -0.6984192412450494 -0.2746708830265086 0.515234209640081
1403636708.7135556 -5.337224206574667 9.480825982284633 -1.3346104347712924 -0.4097843883828747 -0.6994933948853206 -0.282396505379256 0.5128722641156043
1403636708.7635558 -5.361274113344664 9.522128299626267 -1.3427821680540248 -0.40586182837127394 -0.7012832494509096 -0.2891974232865826 0.5097478108585667
1403636708.8135555 -5.3816105323542685 9.56142752689045 -1.3532133623132405 -0.40216276521640276 -0.7018933980842608 -0.2961105347265318 0.5078674228804142
1403636708.8635557 -5.405972697621499 9.601144723938777 -1.3633034358790168 -0.4016339903780546 -0.7022728177814255 -0.2990314869632285 0.5060466351858278
1403636708.9135556 -5.428720095282273 9.637785127290917 -1.3724954470369097 -0.4008319338175981 -0.70119814048517 -0.30278321920998136 0.5059419440776037
1403636708.9635556 -5.454298423878082 9.67546381236493 -1.3808718617278306 -0.40084710658461215 -0.70029494511966 -0.30599772344598913 0.5052464549390417
1403636709.0135555 -5.479947164886525 9.706433794610769 -1.3871852147113837 -0.40092458816145715 -0.6982532504370125 -0.3077768025107941 0.5069273248681162
1403636709.0635557 -5.504535625407667 9.739884100072084 -1.3919780539807272 -0.40017758228034456 -0.6970401432460243 -0.31170839359425934 0.5067847853938656
1403636709.1135554 -5.527906620917698 9.770006015658481 -1.3961039347005957 -0.4013090179617047 -0.695707432037558 -0.3126895030974985 0.5071168659815587
1403636709.1635556 -5.552937557237656 9.800118334033943 -1.3978694796102635 -0.4023222417788915 -0.6958013674205583 -0.31411580103613995 0.5053004397436369
1403636709.2135556 -5.5758881026353855 9.825015946785753 -1.3986780763559505 -0.40485197325704675 -0.6965071324367774 -0.31294580081686907 0.5030284484655532
1403636709.2635558 -5.601010643755882 9.850647288391649 -1.3978025846961897 -0.40597153184283524 -0.6983593996019604 -0.3131194351365141 0.4994371668794402
1403636709.3135555 -5.623351223477769 9.87462908857105 -1.3989035811831458 -0.4079026877814398 -0.6997604039183025 -0.3115767582542431 0.49686084382304496
1403636709.3635557 -5.649379795846499 9.898269476441381 -1.397324598051345 -0.40935973043881246 -0.7011693607657105 -0.31019597992042114 0.49453472341148846
1403636709.4135556 -5.67494853799787 9.916739375479224 -1.3962823589317888 -0.4090129967925512 -0.702390184719546 -0.311444676993931 0.49229930940086114
1403636709.4635556 -5.701340102589477 9.938000750414272 -1.3970904002963964 -0.40980058191320723 -0.7024582165224352 -0.3105389712213282 0.4921193802894938
1403636709.5135555 -5.7260842994441115 9.960738397664928 -1.395748760417039 -0.40934921744394137 -0.7036508268806599 -0.3110154359762496 0.49048764570853365
1403636709.5635557 -5.754189606836683 9.980060499254828 -1.4009926934247907 -0.4097111127526375 -0.7042213409317906 -0.31026861807221634 0.489839250880106
1403636709.6135554 -5.778316126597882 9.996170994661497 -1.4074088105284066 -0.4099567263837934 -0.7050670524820078 -0.309784858480846 0.48872208406518663
1403636709.6635556 -5.802309296652071 10.005820413492135 -1.4182439935591236 -0.40987473093716215 -0.7056571975387869 -0.30933775086776183 0.4882220605308298
1403636709.7135556 -5.831184026402204 10.024201862348779 -1.4253290618958463 -0.40927817896891033 -0.7063950785964006 -0.3091431323949886 0.487778524381396
1403636709.7635558 -5.8615607958230935 10.039773062920583 -1.4339175438683422 -0.40931048455729796 -0.7066997370881428 -0.30753278375309023 0.48832775443148335
1403636709.8135555 -5.890036161523776 10.051449762844024 -1.4401496192514116 -0.4079605739222302 -0.7071233108862237 -0.30813035443150694 0.4884674789627901
1403636709.8635557 -5.921657136854763 10.065024767385536 -1.4470904183273903 -0.40801051637424796 -0.7069582751828911 -0.30685328116039345 0.48946754695235084
1403636709.9135556 -5.960680900205575 10.078389040244838 -1.4503797509941074 -0.4065820388733727 -0.7074666468491858 -0.30716899575531126 0.4897235927625036
1403636709.9635556 -5.993794146006254 10.090392425961182 -1.45367673779223 -0.4055114054313866 -0.7075453888195204 -0.3071813507398309 0.49048918498061533
1403636710.0135555 -6.02315604135573 10.098336470981382 -1.437965481652381 -0.4051008803949781 -0.7079689146376549 -0.305707127209044 0.4911379083145466
1403636710.0635557 -6.04340277012248 10.113197853504849 -1.4469052381460157 -0.40397842017791225 -0.7080834465181697 -0.305122495588199 0.49225961796956097
1403636710.1135554 -6.077507506390903 10.125180432102654 -1.4467266407393278 -0.402843528695159 -0.7081378914124886 -0.3048723459031086 0.4932653148538243
1403636710.1635556 -6.112718187156595 10.132604596321277 -1.4486404159674813 -0.4016806144723763 -0.7085148473775207 -0.30479474942117046 0.4937201188203585
1403636710.2135556 -6.148599417638657 10.13082167398594 -1.445189952560297 -0.4003716497445792 -0.7086113310243979 -0.3048995735661341 0.4945793906581881
1403636710.2635558 -6.184353562776789 10.137275238271453 -1.4513655432001706 -0.4001678774603888 -0.7084217673811402 -0.3028449433581644 0.4962753365137334
1403636710.3135555 -6.223799939942286 10.158323686137072 -1.455229791191657 -0.402365859718365 -0.7064647848550122 -0.29728152831503063 0.5006325155396343
1403636710.3635557 -6.264272702118527 10.158539099061999 -1.4421698133476135 -0.4047943049246873 -0.7051179312444373 -0.2903056596011674 0.5046512634895859
1403636710.4135556 -6.301214216586097 10.164845104403238 -1.4523903759909835 -0.40584634786423074 -0.7046509612795521 -0.2830130235459208 0.5085856793072976
1403636710.4635556 -6.337376097584294 10.16907215655432 -1.4635120356366869 -0.40563542397796903 -0.7051886133237165 -0.2755220955127633 0.5121098488967412
1403636710.5135555 -6.376230185618592 10.171553969243835 -1.4767488876848172 -0.40368821432755025 -0.7062464534513379 -0.26820723043570066 0.5160587700470287
1403636710.5635557 -6.411212267704736 10.17562119005709 -1.4895148711466646 -0.40095731171894367 -0.7078059652354812 -0.2622383743759378 0.5191098002935912
1403636710.6135554 -6.44486815234674 10.180081991792164 -1.502919418982839 -0.39724199254339726 -0.7094120308920518 -0.25760337614255746 0.5220860756481848
1403636710.6635556 -6.477821373256018 10.184470644156915 -1.5172238843206478 -0.392074123326378 -0.7119006724680651 -0.25309457214009484 0.524803250666944
1403636710.7135556 -6.506406509921634 10.183665224104601 -1.533832002253232 -0.38540112040823743 -0.7146004407386999 -0.250523545573448 0.5273045984982871
1403636710.7635558 -6.536606834673334 10.184931019547298 -1.548367147214559 -0.37800609655040457 -0.7178075258694626 -0.24718268500057478 0.5298721232635225
1403636710.8135555 -6.56708256121197 10.195683075486661 -1.5608261062771642 -0.3677537355028976 -0.7225152646246762 -0.24716875832523635 0.5306943445298432
1403636710.8635557 -6.595162883960917 10.200060853787376 -1.5710824259533391 -0.3572864635874698 -0.7279980944029149 -0.24593387889329782 0.5309253099027973
1403636710.9135556 -6.623168549259312 10.20716843098267 -1.5798030308295852 -0.3471843163561453 -0.7332988918897388 -0.24421864209579083 0.5311243173518657
1403636710.9635556 -6.6500105974394685 10.211403781113257 -1.5864597360480677 -0.33749092398342323 -0.7374887173493242 -0.24329658490191547 0.5319934584055793
1403636711.0135555 -6.676942219848051 10.216490476398786 -1.5922277198759276 -0.3277344144517216 -0.7428709511619238 -0.24396219766974703 0.530297416184459
1403636711.0635557 -6.7029450350707345 10.219359276718414 -1.5958078415378232 -0.3214830025710877 -0.7455424205111454 -0.2419839341929367 0.5312804851194605
1403636711.1135554 -6.7300896076925545 10.224354299715468 -1.5976101857813396 -0.3149301497511298 -0.7482290746001611 -0.242340185896655 0.531265928702653
1403636711.1635556 -6.758794709549879 10.225713868169423 -1.5942285353196874 -0.3102067411368901 -0.7494886466849092 -0.2422158629970986 0.5323251092670952
1403636711.2135556 -6.78503727113855 10.226794411407422 -1.5953524341143466 -0.30673202970295815 -0.7505838953526807 -0.24180380122922318 0.5329823634067061
1403636711.2635558 -6.81517770117032 10.225222899930404 -1.5986350721924867 -0.30438977428741115 -0.7512355519209726 -0.24119740600715942 0.5336813863857987
1403636711.3135555 -6.838203266068938 10.22774734679225 -1.5963431059921456 -0.30402998533999476 -0.750472665760051 -0.23849770409947665 0.5361673163299344
1403636711.3635557 -6.878926821397661 10.21644545282722 -1.5966961164128188 -0.3043089590712282 -0.7496545780266446 -0.23648250168789556 0.5380428398074948
1403636711.4135556 -6.910480864804886 10.223069027644778 -1.5937941140017147 -0.3046138714109657 -0.7465580447578705 -0.23522654810991492 0.5427061324654654
1403636711.4635556 -6.944030192750448 10.219523293414664 -1.59637290270277 -0.3042585924180799 -0.7423579635624881 -0.23546069238845505 0.5485340693294026
1403636711.5135555 -6.99917801892056 10.22476237909239 -1.6089796847800333 -0.3037176044046683 -0.7387427872586212 -0.2372203741860246 0.552938699241693
1403636711.5635557 -7.023508765129491 10.220140949562216 -1.6062776815965276 -0.30215436097686893 -0.7359451810218702 -0.24069992591282752 0.5560134695660764
1403636711.6135554 -7.050804471366795 10.217058459800805 -1.6053788165038358 -0.3012905415978461 -0.7345558788030292 -0.24355372813564513 0.5570756250015023
1403636711.6635556 -7.077082765853416 10.208071483780664 -1.6018434281516452 -0.3009304123043702 -0.7338283853780181 -0.24593669991895897 0.5571821312612104
1403636711.7135556 -7.101253327489259 10.197269281339736 -1.5977397206949733 -0.30093295235350365 -0.7345570659550589 -0.24823711119435357 0.5551969125176953
1403636711.7635558 -7.125869882996213 10.18452415527114 -1.5935598896377523 -0.30215539432437893 -0.7346572037129339 -0.24854415703059005 0.554262313998819
1403636711.8135555 -7.1478474820432885 10.169003982914449 -1.5894747810928016 -0.3048326617254141 -0.7352742897496819 -0.2466746161280628 0.5528113610776945
1403636711.8635557 -7.17095233011403 10.152722949271608 -1.5850971714110424 -0.3087145895318723 -0.7363477766056779 -0.24271555193125507 0.5509776900644422
1403636711.9135556 -7.1906731772530454 10.13495788117471 -1.5819179716394758 -0.3134971796301665 -0.7372726891265099 -0.23728640904883797 0.5494030035527687
1403636711.9635556 -7.212037077725367 10.116247324620511 -1.575856082481429 -0.31832389627461055 -0.73805446779668 -0.23179881803821614 0.5479186140130636
1403636712.0135555 -7.232291442049874 10.096616402517924 -1.5687237677358463 -0.32314958520035303 -0.7380292335587856 -0.22615877592779718 0.5474846153713472
1403636712.0635557 -7.251667187464111 10.0768841229796 -1.5602313779967605 -0.3272309348362003 -0.7376925116266079 -0.22116953840656048 0.5475524713278925
1403636712.1135554 -7.266411192171813 10.05906172625149 -1.5521032743994925 -0.3294522619144512 -0.7368605959303257 -0.21836915696245301 0.5484638370687395
1403636712.1635556 -7.282328035840951 10.039922073734548 -1.5417070798683208 -0.3297061597528483 -0.7363224024949355 -0.21738649543521035 0.5494235883246303
1403636712.2135556 -7.284796977946682 10.008538123072075 -1.5185922218416823 -0.3250046537258238 -0.7378162524246308 -0.22006811696282677 0.5491531449523589
1403636712.2635558 -7.299349505379471 9.98859176640782 -1.5050366954675618 -0.31800731812589794 -0.7406308691124667 -0.222352794134269 0.5485403324066243
1403636712.3135555 -7.310850798573911 9.972595458522283 -1.4910662618291795 -0.3095532262735358 -0.7432302635324306 -0.22395849263599463 0.549206854517833
1403636712.3635557 -7.317695703658101 9.948759540121593 -1.4801225957172128 -0.30080962839498043 -0.7462926500335528 -0.2246727850499009 0.5496207671010004
1403636712.4135556 -7.3261307350540035 9.926869758112053 -1.4612173915403301 -0.29343057616869256 -0.7483606116837671 -0.22437055221314037 0.5509199099226473
1403636712.4635556 -7.318248513191761 9.90573270809047 -1.4441658353467424 -0.28657355064260603 -0.7498461049469497 -0.22355902761989063 0.5528361241250673
1403636712.5135555 -7.32022321050902 9.882315215653845 -1.422863308650567 -0.28062482216260576 -0.751325408898539 -0.22210136431771255 0.5544644470999557
1403636712.5635557 -7.327238211571669 9.851276931645623 -1.4171576523350073 -0.27541979498986024 -0.7522959845204159 -0.2197666581296489 0.5566842050720745
1403636712.6135554 -7.332875649851195 9.823846558788269 -1.3988186179209812 -0.27121236465729504 -0.7520602214781716 -0.21667333679878617 0.560269525895958
1403636712.6635556 -7.340294810462317 9.795816469665727 -1.382332852406794 -0.2682466237033804 -0.7509080883216452 -0.21295918554428228 0.5646496055583368
1403636712.7135556 -7.331267129894936 9.761479769996942 -1.3663154464725293 -0.2649095956617421 -0.7501479752698302 -0.20909339037496805 0.5686658732739356
1403636712.7635558 -7.33470762330803 9.724705623817277 -1.3492168229725237 -0.26249376137381225 -0.7500059968610098 -0.20662352287561997 0.5708719205801064
1403636712.8135555 -7.338204176692398 9.693782221136578 -1.3377583667676824 -0.2612929788952685 -0.7509830294710754 -0.2038456914020853 0.5711369386787101
1403636712.8635557 -7.341823371494509 9.66048757671798 -1.3330772625597112 -0.2600244295047473 -0.7530433706889291 -0.2016072218904225 0.569796021400477
1403636712.9135556 -7.343234701744085 9.626638827464422 -1.323563133721013 -0.2595820658973018 -0.7548206683175315 -0.19991644620570095 0.5682396715133916
1403636712.9635556 -7.33698236767272 9.59058631579365 -1.3169457145305212 -0.2592151686386011 -0.7569410739770555 -0.19909747757869803 0.5658691556322217
1403636713.0135555 -7.329881289850083 9.553791414284271 -1.3097989714632403 -0.25803843840447244 -0.7583284314428318 -0.20025060885983004 0.5641399188344175
1403636713.0635557 -7.3266799580007085 9.51750269773631 -1.3015516892829073 -0.2584175752796914 -0.7580016406494735 -0.19891162342751867 0.5648787795843465
1403636713.1135554 -7.320850507090732 9.48019883183389 -1.2918227650047642 -0.25877739501272773 -0.7578009066023308 -0.19667586438341955 0.5657655434472368
1403636713.1635556 -7.315121185089229 9.441608748137442 -1.28104777862556 -0.25899218321235246 -0.7586998757873881 -0.19499659022736177 0.5650432526053236
1403636713.2135556 -7.308552954018992 9.402849721353377 -1.2672201807417998 -0.2598498590439744 -0.7594142524609581 -0.19343696285161346 0.5642252965941306
1403636713.2635558 -7.301096507513649 9.363261664992308 -1.2521814855128381 -0.2605111442539717 -0.7608579560934733 -0.19207762539872356 0.5624369299663177
1403636713.3135555 -7.291427319271814 9.322018390769932 -1.2345959668900892 -0.2603053624833194 -0.761730730418398 -0.1920327108866629 0.5613651668461457
1403636713.3635557 -7.28305595653476 9.282269953832252 -1.2156166318822563 -0.260987821642437 -0.7628813386340455 -0.1913688666316216 0.5597100829915348
1403636713.4135556 -7.273089944705891 9.24422380484549 -1.1937363371150984 -0.26264326249991327 -0.7627057000289379 -0.18946428968575993 0.5598230209098586
1403636713.4635556 -7.264739515773366 9.20471609401217 -1.1718169196089454 -0.263930309338001 -0.7628396229936661 -0.18829902189946263 0.5594282614914394
1403636713.5135555 -7.259470282713922 9.166019318931424 -1.1450585940673548 -0.2657214588980847 -0.7629563356824599 -0.1864709796475137 0.5590333709827737
1403636713.5635557 -7.249280287392223 9.126094310249933 -1.122891191119381 -0.2676595141859739 -0.7623940452421328 -0.18458958014965923 0.55950012613514
1403636713.6135554 -7.237077025434135 9.088160449279917 -1.1028466734492677 -0.27079113623154866 -0.7628299515975031 -0.1816342672961782 0.5583651300251105
1403636713.6635556 -7.225354267950333 9.048728325986755 -1.0837245247490512 -0.27335838614712005 -0.7630264996787327 -0.17931062060847058 0.5575961395562813
1403636713.7135556 -7.212451670171661 9.011307826323284 -1.066174565791451 -0.2760372340672765 -0.7629788736835541 -0.17690770537582529 0.5571089188836623
1403636713.7635558 -7.199506411453596 8.973071489245621 -1.0503462080372683 -0.2787159936086525 -0.7627479487631001 -0.17500883949126864 0.5566909983683445
1403636713.8135555 -7.1843255860012665 8.938404649587948 -1.0329173619874736 -0.28057473150913065 -0.7626983888492453 -0.1735172939173289 0.5562919524826438
1403636713.8635557 -7.169580722829202 8.902379183370636 -1.0194311579459585 -0.2815102182630937 -0.7624925857249908 -0.17409755804077687 0.5559200428228159
1403636713.9135556 -7.1535544041659 8.867499164745027 -1.0071657056924064 -0.2812460794150601 -0.7628694655284635 -0.17623504620980984 0.5548621719539011
1403636713.9635556 -7.136222556545253 8.83349448963722 -0.9959437930494217 -0.2808367562722595 -0.7633299191254015 -0.17851891920069202 0.5537049271786376
1403636714.0135555 -7.115075557801935 8.803949889786397 -0.982422701110784 -0.2810556436558943 -0.7638108873832216 -0.18016152026227608 0.552397031220129
1403636714.0635557 -7.096497258503018 8.771529165864303 -0.9737204539498421 -0.27904786182227687 -0.7639782517372391 -0.18528563023389247 0.5514877667852269
1403636714.1135554 -7.078145684783786 8.740715410463183 -0.9643726803302787 -0.27954458482535305 -0.763956883292954 -0.18660568206505054 0.5508203200547112
1403636714.1635556 -7.059159545901885 8.709000710473692 -0.9583925229568216 -0.2797135949715536 -0.7639552489097524 -0.18856763285282366 0.5500681142291476
1403636714.2135556 -7.041948027513064 8.67993024150907 -0.9506055717467508 -0.2804856221409643 -0.7627666890012921 -0.1894250779543276 0.5510289772454798
1403636714.2635558 -7.022704973794798 8.648676984074866 -0.9458148925043531 -0.2824458629628062 -0.7614309697683214 -0.18823043648039503 0.5522830031381281
1403636714.3135555 -7.002590595659007 8.620728868196483 -0.942027960671428 -0.2844974559317852 -0.7606016648653146 -0.18702053398366694 0.5527835243935167
1403636714.3635557 -6.982257395269578 8.590519365117174 -0.9392946473101466 -0.2859022827622315 -0.760732322526605 -0.18676810152318862 0.5519636712937241
1403636714.4135556 -6.960591770091823 8.56105038206869 -0.9408057303793288 -0.2869815706650439 -0.7627237665818586 -0.18661373688076474 0.5486978651290744
1403636714.4635556 -6.929997524139237 8.535834541294678 -0.9464405467170339 -0.2872098150606872 -0.7654938740477631 -0.184611845311271 0.5453880430472607
1403636714.5135555 -6.9194420588386 8.490533428284277 -0.9436388363454127 -0.2864586186800921 -0.768089696072848 -0.18280189716673445 0.5427367179055201
1403636714.5635557 -6.897609871061869 8.463992053944853 -0.9462844393523673 -0.2846329631419269 -0.7711998356634286 -0.17846010769589946 0.5407281014769948
1403636714.6135554 -6.8477913738058085 8.424256176233849 -0.9356805337405971 -0.28202058932427976 -0.7745750644309362 -0.17472326624787424 0.5384882886290766
1403636714.6635556 -6.8310294931726885 8.399084875483464 -0.9385933560306221 -0.2760992836546727 -0.778005583761003 -0.1711892866287091 0.5377459672983438
1403636714.7135556 -6.813592690779306 8.375154431041617 -0.9407977428965831 -0.2689892187671532 -0.7815983947597349 -0.16643832880299142 0.5376309442371316
1403636714.7635558 -6.789237789547356 8.3505588487204 -0.936624190682132 -0.25949670874749736 -0.7855470745781127 -0.16155814908369653 0.5380299399063547
1403636714.8135555 -6.772456959798713 8.330333943419587 -0.9330152379932777 -0.24820380684057095 -0.7891961432391271 -0.15765626862999813 0.5391742007255185
1403636714.8635557 -6.7520013943364265 8.310527429687083 -0.9302266293326132 -0.23570810720620078 -0.7924366645548915 -0.15330806798827118 0.5412785393455871
1403636714.9135556 -6.73491257155273 8.291681881779722 -0.9224947030326196 -0.22382059315890365 -0.7960641050577376 -0.14806018188243983 0.5424614873496171
1403636714.9635556 -6.73175521913521 8.27819490818834 -0.9209035124956315 -0.21274699840673494 -0.7995441214170774 -0.1414886778668541 0.5435520827039558
1403636715.0135555 -6.717340036721158 8.259153634324944 -0.9130645290234993 -0.20260213828157422 -0.8024425485039083 -0.13624762169582882 0.544495101444005
1403636715.0635557 -6.702483861262709 8.23984242317231 -0.9016927099455078 -0.19341330467821186 -0.8051394913526982 -0.13123832317664408 0.5450854938150109
1403636715.1135554 -6.689528968690496 8.221869155348141 -0.8872913132865028 -0.1849497275603422 -0.8078535007441829 -0.12810983214234642 0.544751494278982
1403636715.1635556 -6.675636968250687 8.203582755172402 -0.8725294220287594 -0.17900413446223762 -0.8094698962662735 -0.12366335769198775 0.5453653645478757
1403636715.2135556 -6.664527305644041 8.187442930035136 -0.8566671494554992 -0.1736952925006441 -0.8108054461448432 -0.12128735512801189 0.5456316077272552
1403636715.2635558 -6.652695151462129 8.170339321132335 -0.8429478849051205 -0.17005087310270875 -0.8109132831362009 -0.11819387436390338 0.5472956749811967
1403636715.3135555 -6.642443568771209 8.15436970474494 -0.8311666306856175 -0.16792475209289548 -0.810185285668598 -0.11500678098967777 0.5497040302262882
1403636715.3635557 -6.632664579651254 8.138310306903895 -0.8209957960291229 -0.16596138385632941 -0.8096616108508846 -0.1130621523042444 0.551472433308479
1403636715.4135556 -6.627234266110825 8.123679912023361 -0.8107531613060818 -0.1664764461522147 -0.8074759621133563 -0.10930506301858588 0.5552662124460137
1403636715.4635556 -6.619209316694944 8.108785792420184 -0.8044648644348539 -0.167260153535821 -0.805290125745669 -0.10629100420599366 0.5587790948492791
1403636715.5135555 -6.610933508140594 8.09644898094007 -0.8020261684856234 -0.16999101375191594 -0.8026739569824468 -0.100966166133711 0.5626929956219441
1403636715.5635557 -6.603020641336178 8.082810080109347 -0.8000453675087021 -0.17416035644654115 -0.8003014772682381 -0.09455077433000399 0.565902700822576
1403636715.6135554 -6.598405911670586 8.06495771792032 -0.8044150173928941 -0.17571911105203136 -0.7995742563030883 -0.09244143508997298 0.5667965982139921
1403636715.6635556 -6.589993660528969 8.053785251917924 -0.805095398110552 -0.17513304949456004 -0.7971961856413305 -0.09426033603113373 0.5700189870740684
1403636715.7135556 -6.581552404712108 8.043063171529221 -0.8051598938248674 -0.17238595357156156 -0.7940212670557265 -0.09953566632893164 0.5743744089031976
1403636715.7635558 -6.577577833801457 8.036073538989955 -0.8080617667999158 -0.1697013058046895 -0.7915323218695667 -0.10522446502450118 0.577586237893757
1403636715.8135555 -6.568704698434168 8.031463388366054 -0.8069983677038033 -0.16761806489319797 -0.7891502758202096 -0.11028141043267278 0.5805032618403855
1403636715.8635557 -6.55905198076244 8.024509812168674 -0.8057626471800261 -0.16614058594901354 -0.7866483697881057 -0.1136888368617356 0.5836578590092486
1403636715.9135556 -6.556638235197706 8.017729132027615 -0.8066104342180952 -0.164652681844834 -0.7846733740273979 -0.11849910109748572 0.5857773924391851
1403636715.9635556 -6.544162277653784 8.008982060932512 -0.8017535448689683 -0.1648836120268391 -0.7829646643235081 -0.12051567742473529 0.5875846325429352
1403636716.0135555 -6.528769173182363 8.000674972177283 -0.7965848703433748 -0.16528985084182243 -0.7820449124201945 -0.12160507714194646 0.5884702417112355
1403636716.0635557 -6.513842025226812 7.991051419228407 -0.7902710280601776 -0.16643183377718723 -0.7822058196244197 -0.1224590525413841 0.5877569913679624
1403636716.1135554 -6.498654279639351 7.9804919352815205 -0.7845471256195796 -0.16892375423417014 -0.7825395792670417 -0.12132433359200406 0.5868364152082345
1403636716.1635556 -6.480998054134496 7.969823824406627 -0.7759802361366125 -0.1715381999673145 -0.7851195874136426 -0.12022735261372677 0.5828441156045929
1403636716.2135556 -6.471441954243504 7.959436247779138 -0.7646442223632477 -0.1751110682159105 -0.7884213071808898 -0.1182868250094307 0.5776990420631216
1403636716.2635558 -6.451944888476224 7.948229475486489 -0.7547955732023922 -0.17724061815170886 -0.7903879027602096 -0.1186825684580742 0.5742709938624032
1403636716.3135555 -6.4316199206588465 7.936213078045304 -0.7471772436206069 -0.17935131515049713 -0.7921475626533862 -0.11869418394019704 0.5711803878240719
1403636716.3635557 -6.411705093631446 7.925287464000158 -0.739888903218257 -0.1813363111785082 -0.7932406702862522 -0.11896327305711199 0.5689763799276097
1403636716.4135556 -6.390217315751972 7.914512630902338 -0.7361600587130452 -0.18270013720851236 -0.7932125253128255 -0.11964098341172745 0.5684369662848432
1403636716.4635556 -6.369550154097404 7.903870574276084 -0.732513517627584 -0.18362985514247443 -0.7936509434698036 -0.12060453808502174 0.5673207220110537
1403636716.5135555 -6.347016718489409 7.894597086156911 -0.7309706365600168 -0.1845307074603692 -0.7931028756768743 -0.12158373126639738 0.5675858022260499
1403636716.5635557 -6.325220468943077 7.886288511444884 -0.7309480184736495 -0.18299727215355224 -0.7930109158441815 -0.12330680436455278 0.5678389892687304
1403636716.6135554 -6.302808228190615 7.8770864203874345 -0.7324649115000726 -0.18104931290691406 -0.793518219871088 -0.12334943518119905 0.5677454516497982
1403636716.6635556 -6.2821833859853005 7.866239958901196 -0.7346971148599607 -0.1779135451819446 -0.7939215148445419 -0.12192857329265454 0.5684793942814094
1403636716.7135556 -6.260540398850795 7.857509744264693 -0.7374746876317607 -0.17386949363016493 -0.7947326092218885 -0.11967250007502782 0.5690764199560123
1403636716.7635558 -6.239569996509535 7.846203483086274 -0.7421707594703792 -0.16952247906515788 -0.7952992789921111 -0.11627673722811006 0.5702989622170258
1403636716.8135555 -6.22050176253317 7.841356889071613 -0.7521311220628794 -0.16388482998051315 -0.7966367053620479 -0.11185100318112687 0.5709650385615004
1403636716.8635557 -6.196341001718749 7.833715284212048 -0.7622975996762061 -0.15759559775027907 -0.7981738624518365 -0.1065304018520885 0.5716059712334026
1403636716.9135556 -6.177401910516467 7.823115275091104 -0.7657757612466299 -0.149817263949295 -0.799801585680646 -0.10046609558894272 0.5725196718040219
1403636716.9635556 -6.156815748376254 7.797725116270603 -0.7685792410253037 -0.1407487814200013 -0.8021536406621129 -0.0945425913483773 0.5725390953659291
1403636717.0135555 -6.144507954173562 7.790535458820077 -0.774050683804135 -0.13146035133123696 -0.8036251552129521 -0.0880926017615672 0.57371114635477
1403636717.0635557 -6.137006534362098 7.790059381450178 -0.78050849981711 -0.12125676786363382 -0.8054467481264309 -0.0814045868487154 0.5743915262430433
1403636717.1135554 -6.105727074839038 7.785510786669034 -0.788792141459778 -0.11108650730895818 -0.8068253627826738 -0.0749931606007734 0.5753856513049403
1403636717.1635556 -6.086249881105652 7.774280012729615 -0.785636933184653 -0.10251318806840712 -0.808071913167091 -0.07081791115330047 0.5757565916968838
1403636717.2135556 -6.058576973063267 7.773785267273394 -0.7744613107478692 -0.0943299674052973 -0.8092215309153029 -0.0665117551495684 0.5760543008947447
1403636717.2635558 -6.033785479752211 7.761918020295954 -0.7693293853061336 -0.08700985034503632 -0.8100826856925477 -0.06512870029675448 0.5761541292759595
1403636717.3135555 -6.012429597136909 7.7515097912677255 -0.7650072374970326 -0.07944231006321273 -0.8112601802586868 -0.066243631408606 0.5754629619673748
1403636717.3635557 -5.989685499338995 7.740789367593427 -0.7594071941807818 -0.0717575021219449 -0.8117235331927677 -0.06931758782709513 0.5754570692659026
1403636717.4135556 -5.967040964353592 7.729126659123391 -0.7544660614860185 -0.06572356700905085 -0.8120851699138043 -0.07175241711459217 0.5753691686073283
1403636717.4635556 -5.944153095606831 7.716922717454364 -0.7501377013555349 -0.061455898438955735 -0.8121804885304572 -0.07298586872850248 0.575551118115007
1403636717.5135555 -5.921106134603678 7.70290531803378 -0.7483907837854696 -0.059792599092460576 -0.8124671223844118 -0.07236009926485233 0.5754007613590221
1403636717.5635557 -5.898640688093613 7.688200875325242 -0.7475607089943814 -0.060068475590599975 -0.8121692814820726 -0.06969483336918278 0.5761210520878033
1403636717.6135554 -5.874824625971873 7.67587582345787 -0.7482997869077069 -0.06153539711354184 -0.8122991057150618 -0.06618626862525606 0.5761969590357582
1403636717.6635556 -5.852485824464088 7.659455028859882 -0.751027238547745 -0.062440110628839134 -0.8118155994931171 -0.06473273319199432 0.5769456978414723
1403636717.7135556 -5.831207010032929 7.641929726647076 -0.754913312432632 -0.06334328150144151 -0.811303000261139 -0.06356046347717174 0.5776981373853224
1403636717.7635558 -5.810155698929244 7.623141300835936 -0.7615987045640933 -0.060866734725738676 -0.8119336969581336 -0.06563501610361794 0.5768456960130693
1403636717.8135555 -5.7826246376108985 7.601292865253217 -0.7683218790165844 -0.0586804444644478 -0.8122590079027874 -0.06527939864946863 0.5766545843312078
1403636717.8635557 -5.764261090465654 7.57675012913528 -0.769737995248338 -0.05431027508765494 -0.8129063496083099 -0.06474676541535142 0.5762304375461653
1403636717.9135556 -5.742634864939664 7.556256833581877 -0.7723776683100037 -0.049307823598162194 -0.8135562542214403 -0.06288109331032593 0.5759695546235843
1403636717.9635556 -5.7195823798606895 7.532063141745694 -0.7736515746255898 -0.04321615655077791 -0.8138373525652327 -0.06062533327794145 0.576303475911373
1403636718.0135555 -5.695553515653953 7.50727766266875 -0.7731607380348875 -0.036544830578709574 -0.8141127281439918 -0.0563415132590947 0.5768106926155199
1403636718.0635557 -5.684316308719159 7.479377673391711 -0.76973029552278 -0.030331775837570553 -0.8147105343931456 -0.05080726009059193 0.57684083666594
1403636718.1135554 -5.663666243287 7.452408973775176 -0.7647838042898235 -0.0244590500598119 -0.8148044987437996 -0.041850729053543416 0.5777057210853326
1403636718.1635556 -5.642949222991086 7.422737964647794 -0.7606030479534824 -0.018708341098599812 -0.8153327541421663 -0.032656441846928896 0.5777681670031557
1403636718.2135556 -5.618448631618012 7.39434161311157 -0.7573209307165717 -0.013500061968886194 -0.8155364389275463 -0.024282735320672322 0.5780384190290113
1403636718.2635558 -5.596906943869819 7.364006109073187 -0.7562740597367225 -0.008887469312587602 -0.8160208326175742 -0.017122287252029803 0.5777004768066213
1403636718.3135555 -5.571027756667821 7.332349286485114 -0.7714374078801429 -0.004744038983123025 -0.8163156681264866 -0.010421921293399672 0.5774925173730728
1403636718.3635557 -5.556140446346197 7.3065661899558 -0.7782602139668353 -8.73492717735265e-05 -0.8162821990367912 -0.004375136120827793 0.5776367561795986
1403636718.4135556 -5.51641584019358 7.278218020743415 -0.7767887345159528 0.004774232944314073 -0.8165366449810522 0.0027412000548005236 0.5772673556725172
1403636718.4635556 -5.493849286813738 7.246183110000634 -0.7824426115824606 0.009458003621200792 -0.8166273886572637 0.010389076273046968 0.5769942125849381
1403636718.5135555 -5.477244830977983 7.216118600474451 -0.7883609104091566 0.015194928061339551 -0.8163881867708581 0.016943271311403055 0.5770549091892984
1403636718.5635557 -5.474652991872596 7.184813560750427 -0.796987287459794 0.018958946215172273 -0.8164065915176882 0.024075742998233157 0.5766638486015608
1403636718.6135554 -5.46503453687359 7.1541759556182605 -0.8059987579714349 0.022206673017292643 -0.8167191241092245 0.03087366193819859 0.5757808202660889
1403636718.6635556 -5.445302440447373 7.123507412339158 -0.8158808107286243 0.02361347991803711 -0.8168332829701147 0.03899585561207181 0.5750696606877357
1403636718.7135556 -5.419390501421221 7.099558129922573 -0.8259637565645003 0.026179820708952684 -0.817379575886846 0.04585162428579281 0.5736748856809417
1403636718.7635558 -5.411127273033122 7.064823829105689 -0.8422191937890894 0.028827916421285602 -0.8169501625055264 0.049168891962003074 0.573884834509704
1403636718.8135555 -5.394399857402493 7.038281592277747 -0.8550890047971413 0.03375859176030158 -0.8171333736991844 0.04848008400733078 0.5734135405830532
1403636718.8635557 -5.376662187563524 7.01238696736564 -0.8664384212900119 0.039636889221292215 -0.8168392068679792 0.04545851796662296 0.5737038872802137
1403636718.9135556 -5.36832332627356 6.99183191995056 -0.8760097973445614 0.04411313327887403 -0.8165120578303862 0.04247624616146543 0.5740713016707412
1403636718.9635556 -5.351330342597853 6.968028727460838 -0.88399769270003 0.04853151710412727 -0.8157529638363568 0.03932577741020597 0.5750176319651898
1403636719.0135555 -5.334173570854511 6.949018837230755 -0.8909123261496738 0.05164543307435279 -0.8151762429503543 0.037566319242296496 0.5756815211820626
1403636719.0635557 -5.317564908279096 6.925683186574667 -0.894134483175595 0.053465712489341455 -0.8138662385809795 0.0367657315670603 0.5774179112812436
1403636719.1135554 -5.300676614376867 6.899888669530159 -0.897247367150311 0.054768952352229526 -0.8122165027936661 0.03583318001045426 0.5796729229989998
1403636719.1635556 -5.29471336690913 6.869400300892926 -0.9082548469949734 0.054806815381728956 -0.810164182122278 0.03584844264406247 0.5825333468170292
1403636719.2135556 -5.278380311846339 6.845865150924899 -0.9072519152290716 0.054243868510635534 -0.8082358237858089 0.03630644287384538 0.5852301240402137
1403636719.2635558 -5.262003435040119 6.82232765705686 -0.9062096531489516 0.05362470528338855 -0.8062831548609734 0.03644017278677655 0.5879659675338151
1403636719.3135555 -5.245136437679445 6.798583001417527 -0.9083801709254365 0.05137942222123608 -0.8048976249612908 0.038596092074035075 0.5899239866122564
1403636719.3635557 -5.227844354460684 6.776932726363206 -0.9134315277836249 0.050375310200028965 -0.8034864569948339 0.03880430566135569 0.59191728088499
1403636719.4135556 -5.208705145831294 6.755608734844358 -0.9213950938121291 0.04916116479842053 -0.8026089458800222 0.039387707412642414 0.5931700164150226
1403636719.4635556 -5.189057860427977 6.7331430310424984 -0.9273219000029311 0.04759889301597853 -0.8022144637118249 0.04007126149358747 0.5937849725258423
1403636719.5135555 -5.16919271835137 6.711105633587028 -0.9351763368281892 0.04621069810910674 -0.8023818974332465 0.040363868526029446 0.593648566215152
1403636719.5635557 -5.150229568302215 6.687605011931123 -0.9446863524264806 0.045213723657664254 -0.8041720043407684 0.039943232314253965 0.5913270202010468
1403636719.6135554 -5.1328327944381975 6.664348001066496 -0.9541893584955926 0.04324609030119036 -0.8059779784063468 0.04091695453983405 0.5889440353962887
1403636719.6635556 -5.1112158222308155 6.643492072297373 -0.9604827286465524 0.04249833047527644 -0.8081369044875534 0.03962812077149025 0.586121359068418
1403636719.7135556 -5.0892737630329545 6.622390609701547 -0.9646788096905868 0.04106350092188594 -0.8102083096349131 0.03873044776262954 0.583417720254263
1403636719.7635558 -5.066314016134672 6.602438811510746 -0.9665202172944506 0.03944610713135499 -0.8116686489491178 0.03801401679971418 0.5815435869064731
1403636719.8135555 -5.044800355277732 6.583473030075628 -0.9673514811192228 0.03777248205139737 -0.8130982557053976 0.03741507457538497 0.5796935210635317
1403636719.8635557 -5.023382348251985 6.5647557403162216 -0.9658401938343856 0.03618869142742592 -0.8135015581324492 0.03671563565971152 0.5792732995978249
1403636719.9135556 -5.00177874758975 6.545009998916324 -0.9644394088676782 0.03459373505751582 -0.8139216568480099 0.036321842433748634 0.5788052641180613
1403636719.9635556 -4.979171082974465 6.527014970679028 -0.9613638098035473 0.033306958036656606 -0.8149710121026477 0.035896175449253026 0.5774290957051325
1403636720.0135555 -4.9599830355282855 6.510338087004792 -0.9598677070668631 0.0326034435308689 -0.8153384631710819 0.034545581138800734 0.5770327622999673
1403636720.0635557 -4.938334007644467 6.493336713667806 -0.959235628840936 0.03181848996480555 -0.8156538466426855 0.03457157361941768 0.5766291637186134
1403636720.1135554 -4.937976025684031 6.468157483354597 -0.9735931639426064 0.03171160244989596 -0.8160701518917526 0.03355274800057668 0.5761059751148583
1403636720.1635556 -4.919433736599287 6.4510675929014285 -0.9792457595421652 0.03154688708239115 -0.8168880272913308 0.033131151349435575 0.5749791923137304
1403636720.2135556 -4.901101524680106 6.435880199107772 -0.9832548708302117 0.0308286574224092 -0.8168962632761576 0.033916151326182906 0.5749606800522988
1403636720.2635558 -4.884815336348023 6.419317108800168 -0.9923344431468928 0.030752777185151268 -0.8167857519088673 0.03398609036804442 0.5751175947887198
1403636720.3135555 -4.866869248646209 6.404637674215421 -1.0011815514092857 0.03036642679890494 -0.8167679699484156 0.03460420400341638 0.5751265186505493
1403636720.3635557 -4.848700744327399 6.389754712290695 -1.0090769936485195 0.030749102517189177 -0.8167635512584566 0.03465968510219414 0.5751091203055981
1403636720.4135556 -4.825602449936987 6.383841706114172 -1.0211667687811652 0.03104941956717604 -0.8165571417817584 0.035646094633802757 0.5753257544097125
1403636720.4635556 -4.807651371600382 6.37033981691323 -1.0298340736685163 0.030967757042678307 -0.8169316182461432 0.03674529912856591 0.5747290771532579
1403636720.5135555 -4.79445647944814 6.356823321853402 -1.0293420569162173 0.030931016585963728 -0.8172555706491632 0.037403801263144805 0.57422779461372
1403636720.5635557 -4.777011622271954 6.344688497875289 -1.0348035245082778 0.031110680836538056 -0.8171541344999415 0.038538458399337644 0.5742874134366358
1403636720.6135554 -4.758633905291091 6.332967625491899 -1.039586156276867 0.032223738344601495 -0.8176517552029867 0.03784015275755567 0.5735637372950444
1403636720.6635556 -4.741052952838996 6.3219584255668115 -1.0418668895799104 0.03255398998550688 -0.8175292880964663 0.039089225276446406 0.5736358891385682
1403636720.7135556 -4.724141827684323 6.311998925179674 -1.0410669894425353 0.03237126806151348 -0.8167026312157982 0.03887842919839037 0.5748368298155115
1403636720.7635558 -4.707064473729649 6.302604084696667 -1.0396647765943086 0.030617579776907294 -0.8170096700727842 0.03862575406942502 0.5745135454788977
1403636720.8135555 -4.691823103351485 6.293732016488229 -1.0363747117923636 0.028136184064772526 -0.8173445251089626 0.03625369822297362 0.5743186848656722
1403636720.8635557 -4.676702489617834 6.285837882016614 -1.033709220648312 0.02512904938520229 -0.8175422601066951 0.032248497039101064 0.5744155449283666
1403636720.9135556 -4.659836393837739 6.278169576960867 -1.0336083421763025 0.019990760957278295 -0.8177677886694036 0.02850352084442789 0.5744943538369842
1403636720.9635556 -4.645067418060868 6.271513058086858 -1.0339144149528872 0.01452284173696217 -0.8172350037590397 0.024572854170150107 0.5755972641845843
1403636721.0135555 -4.6301179142342805 6.265243237433693 -1.0377514736494968 0.008226995308967996 -0.8166123660091282 0.022143764426345604 0.5767028818431468
1403636721.0635557 -4.6164774566458915 6.258809525272729 -1.040850797794171 0.002015316106876021 -0.8154879908747565 0.01889154757222806 0.5784620857673982
1403636721.1135554 -4.598523407721357 6.249827125661133 -1.042445029212034 -0.0048456336901373165 -0.8149287179648159 0.014967048723579254 0.5793476434084017
1403636721.1635556 -4.593206881554792 6.237165878322097 -1.0509212445980507 -0.011718204953868005 -0.8137226193767346 0.009408902255267765 0.5810590804261438
1403636721.2135556 -4.5752860307262955 6.2371427678105595 -1.0565635665426303 -0.019141621916769592 -0.8128564869173882 0.005064111072440292 0.5821273784712101
1403636721.2635558 -4.560677538087526 6.233080646175958 -1.060218868040765 -0.025937343490229896 -0.8110735128186553 0.0010132555504658732 0.5843680213100868
1403636721.3135555 -4.5466227963233345 6.23008683026863 -1.0622206810361703 -0.031393280478979366 -0.8109615763108693 -0.003171337602862517 0.5842480006863243
1403636721.3635557 -4.528175645303274 6.233404716276342 -1.0617867911935481 -0.036336812653158725 -0.8106228955436886 -0.007134771736834573 0.5843964855291643
1403636721.4135556 -4.5114753937694125 6.241387111638714 -1.062641626748029 -0.03966572030572707 -0.8100102476468909 -0.010686168681902686 0.5849750722368882
1403636721.4635556 -4.494768556987619 6.239813814365748 -1.0595432073082154 -0.04321678955365882 -0.8099843666476175 -0.013583703242149503 0.5846991687127338
1403636721.5135555 -4.477067582076512 6.239054106928943 -1.0564080727639085 -0.04675712502960984 -0.8104094822046594 -0.017802379058094876 0.5837236655401368
1403636721.5635557 -4.459655051582795 6.238401661561099 -1.0540737746167914 -0.05100207226046132 -0.8106438180174294 -0.02165309548238086 0.5829121137798515
1403636721.6135554 -4.440225694962207 6.240828984705955 -1.0551895355639644 -0.05458773745696272 -0.8111330979950611 -0.02630593206369067 0.5817140828573131
1403636721.6635556 -4.424350234972758 6.24260086550307 -1.0558884071201373 -0.05788929003044537 -0.8116459981795655 -0.029769316055883385 0.580511319063145
1403636721.7135556 -4.4073004979027415 6.242780146486828 -1.05737436277967 -0.05995084596585333 -0.811091731033784 -0.03322277354546862 0.580889272783157
1403636721.7635558 -4.38918865112075 6.242403486912289 -1.0610524396267782 -0.0612537270528167 -0.811408939256565 -0.03659012121508984 0.5801074704277995
1403636721.8135555 -4.369192189364836 6.2414602087484985 -1.0656304542458965 -0.06276657688882596 -0.8111427053852646 -0.037963213561785634 0.5802298361356433
1403636721.8635557 -4.348184019840954 6.238131183751092 -1.072768865189612 -0.06481221477128146 -0.8105147810896984 -0.03867322898733906 0.5808352157120404
1403636721.9135556 -4.33122455140482 6.237510955659412 -1.078759590681665 -0.06509324379441159 -0.8105961272293327 -0.03941523812090179 0.580640359548836
1403636721.9635556 -4.321299773760487 6.2274485571332105 -1.0831089718235256 -0.06336617411980056 -0.8107674275742222 -0.042550640359598414 0.5803708722593561
1403636722.0135555 -4.3043681579356114 6.225984454180701 -1.088283430777297 -0.06120207871904328 -0.8109717384247188 -0.045494519746500574 0.5800942972568278
1403636722.0635557 -4.288242895365621 6.224929705861075 -1.091281101479116 -0.05904738133238304 -0.8112058746092333 -0.04754654161672868 0.5798256308042495
1403636722.1135554 -4.271050115388172 6.223254507119441 -1.0934835782062708 -0.05805165776883733 -0.8114289073387164 -0.04750902336487718 0.579617137483272
1403636722.1635556 -4.252984760715268 6.220199549684385 -1.0947671448297327 -0.058476133360175125 -0.8117369464620439 -0.045610572848320076 0.5792955611949464
1403636722.2135556 -4.236325391229581 6.217434106149466 -1.0922374917202355 -0.05849918999748972 -0.8119303672347034 -0.04400666749934778 0.5791462136173898
1403636722.2635558 -4.21835045325857 6.213569225996905 -1.089967861738634 -0.058821959302391945 -0.8122573795004383 -0.041980932344436464 0.5788052590210291
1403636722.3135555 -4.201235610319665 6.209825483509978 -1.0873897617490795 -0.05904626922038303 -0.8120735076396742 -0.03988244926009675 0.5791886968182011
1403636722.3635557 -4.183130870936422 6.205591001012039 -1.0870080270413018 -0.05942882157606461 -0.8123416828622728 -0.03911375446520696 0.5788258111575594
1403636722.4135556 -4.161739448782725 6.195209459460982 -1.0783411563817094 -0.05986233275082923 -0.8124482366301811 -0.040046165177651485 0.5785677735310728
1403636722.4635556 -4.138943173459453 6.195231843834536 -1.0812750348305944 -0.06186782649988144 -0.8119872980512857 -0.04142725111295391 0.5789065405683178
1403636722.5135555 -4.120130237720953 6.193677205963808 -1.0763468461069994 -0.06421643513412735 -0.8116652772744332 -0.04248156030972967 0.5790259442886243
1403636722.5635557 -4.1016539020665315 6.189608019722536 -1.080210449799969 -0.0661602815500496 -0.8116944491253199 -0.043757866586902436 0.5786710529446975
1403636722.6135554 -4.084089213497697 6.185251207438195 -1.0836510650862643 -0.06668302147160513 -0.811743768340143 -0.046218388718576496 0.5783504904057925
1403636722.6635556 -4.0656334719261595 6.180687440766002 -1.088838038961275 -0.06776674330517753 -0.8119438948550461 -0.04772807544837705 0.5778207428981951
1403636722.7135556 -4.0482888455746044 6.175584855242027 -1.0932934435940251 -0.06832455808860884 -0.8115883261415503 -0.04933826003074179 0.5781192608189871
1403636722.7635558 -4.040438721674545 6.173924908909247 -1.1040009509394673 -0.06863008710396673 -0.8120548110610633 -0.051355711673068835 0.5772516659614205
1403636722.8135555 -4.024264391543584 6.168221424563224 -1.1071354612243878 -0.06862570012937438 -0.8125462359583641 -0.052589879938188165 0.5764489849411956
1403636722.8635557 -4.006108796201095 6.162286408943563 -1.1097302725698288 -0.06861563486091647 -0.8125007804940542 -0.05383396977839713 0.576399410172395
1403636722.9135556 -3.989626163766708 6.1555552691437665 -1.1104250318820899 -0.06958507700061581 -0.8126027677369567 -0.053085979160969 0.5762087622915648
1403636722.9635556 -3.9713879331079096 6.14857185270558 -1.1106309902015055 -0.07038307985498637 -0.8128563857040575 -0.05211023058648373 0.5758430707740494
1403636723.0135555 -3.9551274842997355 6.135131228502953 -1.1053395026039952 -0.07154097467323121 -0.8124670753281112 -0.05051974255299365 0.5763912699399331
1403636723.0635557 -3.947517681653434 6.106758288760642 -1.074136189393415 -0.07273382706471469 -0.8120095440637681 -0.04888144889727263 0.5770276377294029
1403636723.1135554 -3.932175740915391 6.0994205046243914 -1.0679508488987706 -0.07333038692595914 -0.8118311308392077 -0.04792994151920283 0.5772829376134275
1403636723.1635556 -3.9159281082175306 6.091236001660865 -1.0650539290709846 -0.07360897297810837 -0.8118202416094928 -0.04790807286648878 0.5772646108713334
1403636723.2135556 -3.901247485254462 6.085642330677871 -1.0583584382971993 -0.0740081632610026 -0.8119158669805082 -0.04757190174055864 0.5771068626180156
1403636723.2635558 -3.8884282529928402 6.085987978397532 -1.03841701796234 -0.07340842253660972 -0.8128677260024667 -0.048010297789477234 0.575805761373079
1403636723.3135555 -3.870397915019278 6.079450373783028 -1.0362776607062967 -0.07224536132991706 -0.81275373039793 -0.05028050803304165 0.5759200048639551
1403636723.3635557 -3.8583062053930495 6.072837051942342 -1.0364014789070048 -0.07313811063461925 -0.8127596681423064 -0.052141593246723864 0.5756333840802663
1403636723.4135556 -3.842079079756021 6.065708505739048 -1.0379449829430487 -0.07456346289299566 -0.812137973300873 -0.05632492363788624 0.5759337681551081
1403636723.4635556 -3.8217355159408473 6.061936959082405 -1.038709693222101 -0.0766753045687832 -0.8106663096734285 -0.061559839777985875 0.5771927045244579
1403636723.5135555 -3.7999572145386518 6.068990546995113 -1.0406169182386833 -0.07978825302648375 -0.8078387287504765 -0.06405908690172336 0.5804540088543739
1403636723.5635557 -3.7838856353250265 6.060577473652503 -1.0390850458210346 -0.0854070045044185 -0.8034280701944305 -0.06579291381952691 0.5855597937840097
1403636723.6135554 -3.7673684998115458 6.052350362847491 -1.0389065083671478 -0.09054386543483914 -0.7991700112957402 -0.06743491218059493 0.5904080234015117
1403636723.6635556 -3.751666493569427 6.043765649461343 -1.0371702258541404 -0.09507240867373634 -0.7980554250515457 -0.06918389810162413 0.5910011538890894
1403636723.7135556 -3.7166815556023893 6.024891452810133 -1.0365316109240816 -0.09781960688301644 -0.7996169175951651 -0.07131444409092631 0.588182250385764
1403636723.7635558 -3.6980305890345337 6.014016381897884 -1.032914626259464 -0.10176886242198542 -0.8018571854430347 -0.0729423821207146 0.5842495714035785
1403636723.8135555 -3.6834426315080826 6.006424134568208 -1.0317463884938958 -0.10621979181300205 -0.8041986279053138 -0.07300166871051457 0.5802177858941359
1403636723.8635557 -3.659255996225334 5.992184217920011 -1.0299284307057164 -0.10950461944796071 -0.8056148958466752 -0.07393850912628852 0.5775175103645689
1403636723.9135556 -3.6409030554066635 5.980289848249986 -1.028196316521857 -0.1125584116677733 -0.8072872740341935 -0.07408480803292718 0.5745687968938041
1403636723.9635556 -3.621041487998477 5.9694077124801925 -1.0273125128574991 -0.11552213509829481 -0.8094915839059592 -0.07428069930636928 0.5708418253757426
1403636724.0135555 -3.6042939583546914 5.957849710303944 -1.02684668656344 -0.11895062390250331 -0.811408302843675 -0.07609786970667891 0.5671652575534379
1403636724.0635557 -3.586677201252718 5.9467441541632455 -1.0295092277836904 -0.12324059078174832 -0.8126848222468976 -0.07836988365053063 0.5641039778355551
1403636724.1135554 -3.565617976864622 5.94180512052201 -1.0355831702688434 -0.1281633264909285 -0.8139310087184279 -0.08161810732974675 0.5607396538013804
1403636724.1635556 -3.5223862461040376 5.944138153059699 -1.056394317303626 -0.13250642279545502 -0.8125694239966105 -0.08626683441326478 0.5610089236225064
1403636724.2135556 -3.5117070399102714 5.929997005135567 -1.063726105313621 -0.13987520174952361 -0.8121204921580183 -0.09040442986366448 0.5592157662419526
1403636724.2635558 -3.4928648093829042 5.921334335861322 -1.0705244408428012 -0.14700526822252433 -0.8108524208427149 -0.095908594404286 0.5583093624933463
1403636724.3135555 -3.475505601046821 5.907900304069048 -1.074903785037405 -0.15374289249235143 -0.8088406297208165 -0.1025014133738826 0.5582413626535342
1403636724.3635557 -3.4581316347954263 5.899301209871043 -1.081885064636471 -0.1611673988378391 -0.8060298895500737 -0.10875086454300162 0.5590296380022177
1403636724.4135556 -3.4403379973216524 5.888735429529816 -1.087285761849017 -0.16831754610191074 -0.8027242365309402 -0.11536421004835996 0.5603517670177979
1403636724.4635556 -3.4258447547095736 5.879581783065536 -1.0902511169362368 -0.17476880363321487 -0.8002341048752245 -0.12031949549692518 0.560896123782763
1403636724.5135555 -3.4098723983957986 5.8708561191807265 -1.0915184611675752 -0.17922445738199336 -0.7974778262509457 -0.12577116656906842 0.5622182175757491
1403636724.5635557 -3.3928812500065395 5.861015525957509 -1.092642212048598 -0.18345228671332037 -0.7951147360799807 -0.1295629533851328 0.5633393791297022
1403636724.6135554 -3.369279276380914 5.857312728607664 -1.0866043673208772 -0.18730208846239843 -0.7936641352361639 -0.13247022506428904 0.5634419291895774
1403636724.6635556 -3.361120109734706 5.8353485635908005 -1.074610187111352 -0.19032957092424393 -0.7926473706100514 -0.13525144628332486 0.5631978751513841
1403636724.7135556 -3.3460647676449295 5.824959480653351 -1.0684480437792079 -0.19286386419369728 -0.7921527141809614 -0.1366959999137196 0.5626826911427076
1403636724.7635558 -3.330969635947931 5.813999498790234 -1.0607765666164255 -0.19475441571022506 -0.7919729924747145 -0.13771630422687775 0.5620353336776122
1403636724.8135555 -3.3167742277639944 5.80312363439592 -1.050455334113222 -0.19604432140852768 -0.7922160825075841 -0.13807367313259641 0.5611559172346664
1403636724.8635557 -3.3054963167671803 5.793113583323931 -1.036418029801336 -0.19710344436242708 -0.7926777118238334 -0.13746295746659176 0.5602822616527648
1403636724.9135556 -3.2929123554611595 5.7824945799882075 -1.0223535572102718 -0.19819499971525414 -0.7929880865089446 -0.13561321022839398 0.559908647865259
1403636724.9635556 -3.27864661496685 5.769897933578029 -1.0090362608402168 -0.19938844463473018 -0.7931628766435824 -0.1332119965278562 0.559813775501892
1403636725.0135555 -3.2663284034084694 5.758762455553834 -0.9916310421112154 -0.20042876839755336 -0.7931043177301214 -0.1301433791543077 0.56024686599639
1403636725.0635557 -3.2528833371801795 5.746954159541672 -0.9729648304412637 -0.20111857887121418 -0.7927554196807661 -0.12778241206756324 0.5610363775779528
1403636725.1135554 -3.2410113454823732 5.7369133178614415 -0.9516244934609703 -0.20153701685794698 -0.7929835553762121 -0.12574738039289926 0.5610236252273386
1403636725.1635556 -3.2279974085877403 5.726269958646877 -0.931117439716786 -0.20208170529876218 -0.7934703382320384 -0.1236503774831699 0.5606053789233104
1403636725.2135556 -3.218821187443342 5.71695902332851 -0.9102888076549394 -0.20084133766262244 -0.7936902411070202 -0.12368629231431323 0.5607318961419148
1403636725.2635558 -3.206021370380021 5.70717167623229 -0.8914922522269902 -0.20044412381409804 -0.7940059691194842 -0.12293984395618987 0.560591178131671
1403636725.3135555 -3.1952785765708156 5.700781833668264 -0.8726794811010885 -0.1990577986055691 -0.7947086577380662 -0.12460999529595342 0.5597200114367971
1403636725.3635557 -3.182592174073314 5.69248092154243 -0.8567909719945431 -0.19824914339816346 -0.7949816253783623 -0.125277064794197 0.5594704187794224
1403636725.4135556 -3.1721195074219644 5.6863570525805915 -0.8405665389216243 -0.19695244493569133 -0.7950881918298865 -0.1268518136293995 0.559422129545719
1403636725.4635556 -3.1598255339154924 5.678794436930159 -0.8279379502559154 -0.19648962293785807 -0.7952237276144655 -0.12747984756623665 0.5592494430763271
1403636725.5135555 -3.1506594688286365 5.672959066706343 -0.8136055592239028 -0.1954749246760167 -0.7955022742379615 -0.12875851452089784 0.5589158527394876
1403636725.5635557 -3.138482849159119 5.666030424029838 -0.8042752950315285 -0.19533828665970748 -0.7960705541967797 -0.129582170872059 0.5579633388474252
1403636725.6135554 -3.1312437533457964 5.659810740844116 -0.7918095720602923 -0.19452666443027983 -0.7961302338155437 -0.13085431980731502 0.5578648354379417
1403636725.6635556 -3.1200134030327984 5.653218744060006 -0.7852332228632007 -0.19444899051000364 -0.7951692037987995 -0.13130114861138556 0.5591560925117018
1403636725.7135556 -3.1121173337802257 5.648000992325387 -0.7776173887074623 -0.19491358303821799 -0.7949733235048839 -0.13100492699213323 0.5593423094729998
1403636725.7635558 -3.101672601794628 5.641521166744339 -0.7743436652284079 -0.19475214436360302 -0.7952810333314478 -0.1309477238071435 0.5589743946897489
1403636725.8135555 -3.094401942042908 5.638865519147639 -0.7693773949645321 -0.19461476181178436 -0.7951687021829013 -0.13097151766030715 0.5591764400575717
1403636725.8635557 -3.0845472907197373 5.632880375028844 -0.7690009667648595 -0.1949073721109112 -0.7959385925677889 -0.12993940219212424 0.5582191549167583
1403636725.9135556 -3.0768992536404545 5.628764397733542 -0.7683414441609533 -0.19580960518824536 -0.795756302835881 -0.1280065914516026 0.558609718459978
1403636725.9635556 -3.0678921660540084 5.623294566233174 -0.7701676084833902 -0.19583578452259306 -0.7960702233842702 -0.12707742673894395 0.5583653575883331
1403636726.0135555 -3.0618121059188326 5.618670116555139 -0.7707221592810398 -0.19577972592941925 -0.7955787519620159 -0.1263974679910012 0.559239151371778
1403636726.0635557 -3.0536154858340003 5.613885167949661 -0.7744145848179893 -0.1948099279816788 -0.7956184005861325 -0.1267887963450626 0.5594327964375237
1403636726.1135554 -3.048762568125795 5.610056617300461 -0.7762581881579572 -0.19366480145210133 -0.7956083827763005 -0.12764280762656766 0.5596503905080431
1403636726.1635556 -3.0412971600646874 5.60579633176649 -0.7818945487374273 -0.1926044422525787 -0.7947261699523073 -0.128172946784348 0.5611466290820306
1403636726.2135556 -3.051381347127075 5.60360357270219 -0.7763790640513706 -0.1918418836137596 -0.7945799991720874 -0.12830602452831535 0.5615842596413736
1403636726.2635558 -3.044879951234202 5.599538913145621 -0.7833766145038031 -0.19078274958234429 -0.7947153602904162 -0.12867351050603473 0.5616694457368392
1403636726.3135555 -3.041028691084224 5.592933616053162 -0.7885900913834213 -0.19010704934946338 -0.7946562984600372 -0.12845775613192217 0.5620313887986904
1403636726.3635557 -3.035462327717387 5.588910286824115 -0.7929566429067801 -0.1890283410289815 -0.7941149164778166 -0.12892163140461954 0.5630532822666366
1403636726.4135556 -3.0313435971849065 5.5814514834760605 -0.795438039965646 -0.18808393294914735 -0.7939640950530995 -0.12864352367687104 0.5636455391013858
1403636726.4635556 -3.027447078297986 5.577473514672165 -0.7949985853505979 -0.18776676443523596 -0.7935792374103784 -0.12765000240694904 0.5645184788916932
1403636726.5135555 -3.022308443467574 5.568936444366891 -0.7938042173262798 -0.18873130347185638 -0.7930513837686023 -0.12520739426081642 0.5654848417198606
1403636726.5635557 -3.019273138836054 5.564958667560842 -0.7899421536489585 -0.19201481910492038 -0.7915467422160671 -0.11909382756099482 0.5678034205322366
1403636726.6135554 -3.011035502335749 5.56165907909105 -0.7852827171838553 -0.1964135442941948 -0.7899332778709595 -0.11159339044818947 0.5700649536132807
1403636726.6635556 -3.013629229818036 5.587989871983656 -0.7666569789459601 -0.19972882457042604 -0.7875705472771204 -0.1052819722496926 0.5733731211144696
1403636726.7135556 -3.005673887964859 5.5895230311427 -0.7556950982312148 -0.1998445195985706 -0.7874806537134407 -0.10460987813847902 0.5735792546887671
1403636726.7635558 -3.000550173098052 5.590462369623203 -0.7452020239238635 -0.19746893256370565 -0.7874687273157137 -0.10765759626347268 0.5738543945450726
1403636726.8135555 -2.9914237134050228 5.589314637957381 -0.7324767841278405 -0.19358516468404757 -0.7881784481820467 -0.11227951915641375 0.5733173880265583
1403636726.8635557 -2.9852253880625494 5.591584206605951 -0.7181158557809573 -0.18848640687281262 -0.7890567496597937 -0.11607801356772894 0.5730516687059454
1403636726.9135556 -2.9739653445177185 5.588182342780863 -0.6963475772863164 -0.18417743746016277 -0.7900108760420872 -0.11864457337874719 0.5726123928746188
1403636726.9635556 -2.9662823567521195 5.590300082870855 -0.67977469397083 -0.1807746761833917 -0.7908327915767766 -0.11978674913710274 0.5723243371977442
1403636727.0135555 -2.954899699774165 5.591470005539469 -0.660953766487488 -0.1787362104140012 -0.7910019553283986 -0.12008654155922947 0.5726678760763829
1403636727.0635557 -2.947025398311465 5.593849360792693 -0.6427257104087808 -0.17632655144220746 -0.7913979353524851 -0.12133339172659884 0.572604980093993
1403636727.1135554 -2.938759902038705 5.596141482788698 -0.6255917158025143 -0.17410379821963587 -0.7921221880218621 -0.12231668158545755 0.5720742400203632
1403636727.1635556 -2.9289546691276485 5.597019803843635 -0.6094861627952578 -0.17184239567666074 -0.7931380904900324 -0.12416106349144566 0.5709520039150442
1403636727.2135556 -2.9160002417946473 5.592462699059215 -0.5931608964859557 -0.1695098905535087 -0.793897965948829 -0.12606740688129156 0.5701749078914965
1403636727.2635558 -2.907285308199337 5.5927611272315 -0.5808218397495785 -0.16764580516779146 -0.7946685090215533 -0.127873942587841 0.569249593400071
1403636727.3135555 -2.8935143764768587 5.588460641334571 -0.567808667631118 -0.16575293088223214 -0.7952935986618993 -0.13015280058783998 0.5684138512831104
1403636727.3635557 -2.884751285448099 5.5870108677672565 -0.5579477298502776 -0.16516069437378217 -0.796497548047102 -0.13050239590546636 0.5668180710350171
1403636727.4135556 -2.8708222829846934 5.583288092946735 -0.5466643751240575 -0.16449079306935177 -0.7966124303692406 -0.1312863376367011 0.5666703736093585
1403636727.4635556 -2.8622647408752075 5.580336850951664 -0.5378812115151418 -0.16390144531437822 -0.7966736045974449 -0.13201820792552993 0.5665851010551756
1403636727.5135555 -2.845544668868129 5.56983211695098 -0.5266618463012597 -0.16477280466169716 -0.7954117039756969 -0.13063537196433758 0.5684228563438806
1403636727.5635557 -2.8355831757759096 5.562367363432191 -0.5160152329150383 -0.16670983403541653 -0.794163174149976 -0.12779176308678292 0.5702472703547916
1403636727.6135554 -2.8074744211705216 5.5379068656023716 -0.4914343748500308 -0.16724880237225234 -0.7928879892159245 -0.12728324047802514 0.5719750443468568
1403636727.6635556 -2.797222079114178 5.53047388990047 -0.4785174082619426 -0.16844361136232594 -0.7925787158153197 -0.125515235919412 0.5724435820059921
1403636727.7135556 -2.7994795911889705 5.516656620098598 -0.4505017011916975 -0.1682915396163254 -0.7938002893520137 -0.1260083659377187 0.5706846327280348
1403636727.7635558 -2.791394950080685 5.508480978619894 -0.4334589029699777 -0.1676172248111298 -0.7942598589683413 -0.12682185789621978 0.5700631182053061
1403636727.8135555 -2.77913623241258 5.498625984809533 -0.415307026488849 -0.16663245089111556 -0.7947312346677243 -0.12797794587717176 0.569436156493943
1403636727.8635557 -2.7696401163367947 5.489330644390998 -0.39485155368857694 -0.16395808787083865 -0.7956126313496755 -0.13251760247898303 0.5679413449396039
1403636727.9135556 -2.7582750661463256 5.476440257056064 -0.37542898734571434 -0.16142516433686435 -0.7960490874870544 -0.13634304017270066 0.5671493119332068
1403636727.9635556 -2.749499518944224 5.464890808307288 -0.3568562936306248 -0.16082232185194 -0.7961469554076783 -0.1373445641541155 0.5669415109925815
1403636728.0135555 -2.7372663373040624 5.451043351856071 -0.3404977332764855 -0.1618719376756444 -0.7961635851319219 -0.1362284663188861 0.5668887249429306
1403636728.0635557 -2.7288072059206283 5.4374635099574835 -0.3252379333576426 -0.16304704999335665 -0.7960140511843724 -0.1347222102956738 0.5671218703758086
1403636728.1135554 -2.7128222871240593 5.428631997841607 -0.3017089110607852 -0.16529840591791603 -0.7945949709851008 -0.13185981237157027 0.569129386842322
1403636728.1635556 -2.767501989027742 5.406134676440436 -0.3598145701777948 -0.1675875084426818 -0.7933362291606945 -0.13212919988456984 0.5701525489313607
1403636728.2135556 -2.7575149979674736 5.389585276402469 -0.3499094918806066 -0.16856718384102512 -0.7924555255646137 -0.13076231287770662 0.5714022769160889
1403636728.2635558 -2.742364601108457 5.373930943281714 -0.339125130689484 -0.1691891633866716 -0.7918517100755178 -0.12986409644656113 0.5722597423348199
1403636728.3135555 -2.725567711527195 5.353943439438807 -0.335706579063443 -0.17023981789452297 -0.7916353569341693 -0.12867575297334205 0.5725158658515006
1403636728.3635557 -2.70985771684142 5.332915403520328 -0.3295025394936669 -0.17031748076167874 -0.7918024863143736 -0.12897029378278074 0.5721952828667455
1403636728.4135556 -2.69635973635895 5.313155310927819 -0.3232756779684365 -0.17278069886066302 -0.7914259233680132 -0.12523011986859986 0.5728082183418853
1403636728.4635556 -2.6728762332631373 5.290898194620806 -0.32109916944767103 -0.17732602985959606 -0.7902256727275528 -0.12028826494188564 0.5741337811118513
1403636728.5135555 -2.6610128758468803 5.2741833441361345 -0.3190716463345863 -0.18167366273187152 -0.7895454950798921 -0.11422246855378457 0.5749485360848517
1403636728.5635557 -2.6242358367709 5.26867211249328 -0.3156220953584469 -0.18293066047858644 -0.7894729921635614 -0.11038943345890477 0.5753980718440093
1403636728.6135554 -2.6133791999851708 5.253348322545804 -0.30983329190463743 -0.18277815479250167 -0.7893274133102736 -0.1076507497301443 0.5761646438389801
1403636728.6635556 -2.59866298738515 5.236326890932351 -0.30959334055283805 -0.17785528567288272 -0.7907992154629676 -0.10917503809851813 0.5753997820972472
1403636728.7135556 -2.5796675258055504 5.226382439918272 -0.304380158679059 -0.17080182949957656 -0.7921527753806443 -0.11053288589554819 0.5754156729112806
1403636728.7635558 -2.5640687027927234 5.210260541502349 -0.301683804773578 -0.1629546965325864 -0.7938713941174449 -0.11042160846103913 0.575344283768314
1403636728.8135555 -2.5496012956679723 5.194711916704617 -0.2966620609404123 -0.15409875344576368 -0.7957533088810177 -0.10982104691543165 0.5752995595737685
1403636728.8635557 -2.532946009407553 5.175959967675828 -0.28928510194016716 -0.14655131746497257 -0.7970751231434213 -0.10792330736678703 0.5758007634088329
1403636728.9135556 -2.500032827355439 5.161833698713482 -0.2643894806410076 -0.13884489615209378 -0.7976528299681979 -0.10618877834976037 0.5772313236552785
1403636728.9635556 -2.482819096023163 5.145127894446441 -0.2569408380582946 -0.1333342478249984 -0.7980188469474008 -0.10359768111703901 0.5784940956836598
1403636729.0135555 -2.465997228752633 5.127218471660324 -0.2501468534407651 -0.12825681970766167 -0.7980416883229312 -0.10116942037131971 0.5800382748395948
1403636729.0635557 -2.448699289250249 5.1095935929129395 -0.2447545781910792 -0.12368864559383581 -0.7977422255320508 -0.09950098314112202 0.5817284718047445
1403636729.1135554 -2.431045394215576 5.09324660794246 -0.24103626162440048 -0.11981846003973873 -0.797731992752577 -0.09717947088359377 0.5829436978057941
1403636729.1635556 -2.4126890515120185 5.074901559176776 -0.23867105420788676 -0.11701343090449948 -0.7984191722955595 -0.09575365347522861 0.5828086479668756
1403636729.2135556 -2.404143965083822 5.058359950703061 -0.23610169349808532 -0.11520106183007674 -0.8000917171178492 -0.09318578509304443 0.5812902622693997
1403636729.2635558 -2.3855056862492194 5.038868744875926 -0.23611747128321844 -0.11478510913589036 -0.800857289091156 -0.08989126068176778 0.5808369327817136
1403636729.3135555 -2.367371619927207 5.0215781437319205 -0.2367148609481645 -0.11365939979179565 -0.8011885851032549 -0.0890287683269616 0.580734251055849
1403636729.3635557 -2.347732414775526 5.001315589448329 -0.23805584389982207 -0.11314857975065233 -0.8011854819936207 -0.08768387880558917 0.5810428209182751
1403636729.4135556 -2.329388065618062 4.983238529239931 -0.240275950748941 -0.11235347082328155 -0.8007239923027796 -0.08758014861071162 0.581848350787373
1403636729.4635556 -2.3080692231355613 4.964244692722087 -0.23866240404129854 -0.11195834543420217 -0.8007348133389548 -0.08723062156956625 0.581962117543103
1403636729.5135555 -2.288366810614224 4.945029558642668 -0.23664546073886442 -0.11170702784350998 -0.8008347750224617 -0.08665117576190481 0.5819594288128443
1403636729.5635557 -2.2659272597535214 4.9236934727104 -0.23316377014854342 -0.11184696262124219 -0.8011670470138018 -0.08587848027051292 0.5815896374231699
1403636729.6135554 -2.2464836821913923 4.904641074236389 -0.22731511847739888 -0.11183587458864709 -0.8016731205211617 -0.08557527890607793 0.5809387374147146
1403636729.6635556 -2.223471497496044 4.883100925889666 -0.22005480348422635 -0.11213042741466485 -0.8020007097268418 -0.08522239640483335 0.580481500132833
1403636729.7135556 -2.205469659924431 4.865468723441196 -0.2207820523979287 -0.11278895885371627 -0.80185684512817 -0.08395885962560308 0.5807367394716481
1403636729.7635558 -2.1827652933106942 4.844030081502014 -0.2130210870213249 -0.1129796755565973 -0.8030335762116879 -0.08453154483744067 0.578987984603471
1403636729.8135555 -2.162648832601209 4.820141107339657 -0.20441689599834936 -0.11377677888238688 -0.8041480587825124 -0.08414449186474815 0.5773391106033688
1403636729.8635557 -2.1406256496044733 4.7985879575393735 -0.19897073805591603 -0.11389163025580788 -0.8058422516801904 -0.08453808193928657 0.5748915329579151
1403636729.9135556 -2.1315510188716655 4.76434001808182 -0.18742545993648785 -0.11573702740281279 -0.8067374403734527 -0.0831747669399473 0.5734645594386248
1403636729.9635556 -2.1123835778163382 4.740683780125824 -0.18821301887275665 -0.11539318410933545 -0.8077985507817147 -0.0840742856313918 0.5719068358672081
1403636730.0135555 -2.092586507665484 4.719641793617898 -0.18594608147740496 -0.11633546170805002 -0.8086383892544344 -0.08306064492698505 0.5706758668784601
1403636730.0635557 -2.0726471474193846 4.696092869538169 -0.18616870894129073 -0.1162789545092347 -0.8092050232258681 -0.08278859207099157 0.5699232265377193
1403636730.1135554 -2.0558380397625315 4.674932209003158 -0.18555560751547442 -0.11591107869005914 -0.8096785630426916 -0.0823370229239629 0.5693907806085798
1403636730.1635556 -2.0370127712789645 4.651802617207124 -0.18655665511520117 -0.11649497180588034 -0.8095181881198978 -0.08154387647740459 0.5696137470743337
1403636730.2135556 -2.017983862331552 4.629690530237293 -0.18873907278355695 -0.11595066396729566 -0.8103036931885005 -0.08212654274306636 0.5685231739407736
1403636730.2635558 -1.997571494556421 4.607051006582719 -0.191959612145317 -0.11564732111542772 -0.8103707380144752 -0.08197275591196637 0.5685115930013189
1403636730.3135555 -1.9793145801114294 4.586264068800944 -0.1959462506123817 -0.11655223681558527 -0.8098970608234525 -0.0801047289751623 0.5692675639439092
1403636730.3635557 -1.9591236494960564 4.565016101504868 -0.2011506597950685 -0.11641019143893454 -0.8102553694257737 -0.07980546001724018 0.5688286140809817
1403636730.4135556 -1.9354749858426328 4.543467117445024 -0.2019931049797337 -0.11566827772687681 -0.8111397470688705 -0.08030003381279573 0.5676487160404848
1403636730.4635556 -1.9254031092844368 4.515447717286655 -0.2028395292969227 -0.11604335259557012 -0.8132304775035196 -0.07937080292258622 0.5647038218581506
1403636730.5135555 -1.9020341263963323 4.498404812529721 -0.1995460299808314 -0.11554009470618788 -0.8156343482647905 -0.07970972860863838 0.5612819751346846
1403636730.5635557 -1.8824414075667861 4.478675150919972 -0.19080966296278318 -0.11605465823748688 -0.8181046287271461 -0.07838917852192523 0.5577555642458949
1403636730.6135554 -1.8741452709618174 4.450605919092116 -0.1874513774308742 -0.11680090678913517 -0.8195926717162991 -0.07768521994315328 0.5555091423591142
1403636730.6635556 -1.8611498556882866 4.430486208667945 -0.18274739073721707 -0.11715428881039348 -0.8204129775724075 -0.0770181388946008 0.5543154563290829
1403636730.7135556 -1.8507472546813195 4.411669494233685 -0.17503221028408134 -0.11712658881950085 -0.8208777723720206 -0.07664221661212735 0.5536849425890473
1403636730.7635558 -1.8417673217684551 4.392475963442749 -0.16416490694326036 -0.11692330078903214 -0.8215798570807384 -0.07705675998227104 0.5526280267167291
1403636730.8135555 -1.8325364435584208 4.373973327621024 -0.1538424356447124 -0.11654892135100298 -0.8218584820714239 -0.07694229641889515 0.5523086704017599
1403636730.8635557 -1.8266821381417409 4.354841433105699 -0.14624522523566327 -0.11808882446287795 -0.8220792620182391 -0.07526333912214937 0.5518841783206939
1403636730.9135556 -1.8189980094703972 4.336813950338237 -0.1367463566321925 -0.12042001854241005 -0.822012306213859 -0.07231506960943772 0.5518743681985974
1403636730.9635556 -1.8142423769007638 4.318047704000099 -0.12945551003254088 -0.12368231245998129 -0.8207939119617556 -0.06819544854815619 0.5534884104192114
1403636731.0135555 -1.8093084928851642 4.304082262823478 -0.12039520667651021 -0.12699803740981505 -0.8193644810406222 -0.0640931221428927 0.5553426126249124
1403636731.0635557 -1.804072716604665 4.291216388693561 -0.11381730603444506 -0.1307946792261419 -0.8155378871939363 -0.05914307478002529 0.5606182329740496
1403636731.1135554 -1.7962828169522258 4.279363363904707 -0.10721883111208724 -0.13302527941024053 -0.8112461077218267 -0.05693731906873229 0.5665175808757212
1403636731.1635556 -1.792560194098057 4.266393616983288 -0.10086343621696417 -0.1339828964883277 -0.8081139709919366 -0.05616325088214702 0.5708292937355184
1403636731.2135556 -1.7891465119722114 4.2579662671686025 -0.09542550965789952 -0.13294795915880966 -0.8060090928196892 -0.05839904558214621 0.5738150694453603
1403636731.2635558 -1.7849499369133834 4.248081591755689 -0.091224529847194 -0.13050804561321433 -0.8044247291831325 -0.06268262711716384 0.5761418170611764
1403636731.3135555 -1.78014852347295 4.238293951999373 -0.09039211988945965 -0.1278093108980106 -0.8038531487438636 -0.06766453525225594 0.576980420786917
1403636731.3635557 -1.7753097738576178 4.230079646581732 -0.08873285904344803 -0.12558777077345296 -0.803893318252005 -0.07144852384332444 0.5769561102393707
1403636731.4135556 -1.7718051857617043 4.224996719444968 -0.08835987642485083 -0.12299760555555715 -0.8049020906332975 -0.07569222655174508 0.5755648533061987
1403636731.4635556 -1.7665270057162812 4.217604693122016 -0.08895736679626053 -0.12198673282187567 -0.8044984876399572 -0.07721212702516633 0.5761420899749606
1403636731.5135555 -1.7613330834215255 4.212985209960453 -0.09237532651269523 -0.12312159592828373 -0.8050499332481997 -0.07583580537484358 0.5753126178142547
1403636731.5635557 -1.7554806523469124 4.205902697714563 -0.09538412657555963 -0.12534172353543196 -0.8049170058873656 -0.07204589887845798 0.5755062592442249
1403636731.6135554 -1.7551984604632223 4.20556861009608 -0.10201004932116821 -0.12735350491785802 -0.8046267679424409 -0.0693397036158988 0.575802791412214
1403636731.6635556 -1.749000927272582 4.200080562949265 -0.10662043681552344 -0.1286400197823469 -0.8044457868518079 -0.06717078259758756 0.5760267418202045
1403636731.7135556 -1.742907084140351 4.198801279922968 -0.11296520539518984 -0.12841144399837387 -0.8043846058013968 -0.06790752026746406 0.5760767966956386
1403636731.7635558 -1.7360795123185069 4.195275903817152 -0.11922290298007551 -0.12657525215322474 -0.8048183277035741 -0.07054835361616167 0.57555980986933
1403636731.8135555 -1.7289751076736408 4.1939670334829895 -0.1276717258249186 -0.1253838634371613 -0.8049870744314622 -0.07211819604845186 0.5753900091125705
1403636731.8635557 -1.7214418028375444 4.191532797864411 -0.13575130269668945 -0.123759349227572 -0.8053289153704705 -0.07411464990329121 0.5750095479352515
1403636731.9135556 -1.7153687089682377 4.190661855590821 -0.1443915196734428 -0.12233239657307034 -0.8053561705260451 -0.07519151069836162 0.5751369054957359
1403636731.9635556 -1.705517680779328 4.195316082211738 -0.15614485838857253 -0.122013368215804 -0.8049477979228541 -0.07520402586341063 0.5757743786325665
1403636732.0135555 -1.7072326918602474 4.199633496782599 -0.17520127343498484 -0.12129569850992059 -0.8049424799137326 -0.07569310579115585 0.5758693526217641
1403636732.0635557 -1.6995897662779738 4.198517901279317 -0.1869524161413706 -0.12053044982768235 -0.804208378861141 -0.07630116730571955 0.5769743719626174
1403636732.1135554 -1.6924833989652415 4.199089418568093 -0.1997986880791113 -0.1206098850423253 -0.8040424399761649 -0.0757684246236432 0.5772591759143406
1403636732.1635556 -1.6843750840254437 4.198256659076065 -0.21370467734916188 -0.11971265211586657 -0.8041380907973327 -0.07626957912233018 0.5772467090878121
1403636732.2135556 -1.6766712295009198 4.199096777140727 -0.226142291074872 -0.11894660216307362 -0.8033320930960158 -0.0769111925283064 0.578440941237485
1403636732.2635558 -1.6676001287750253 4.1985020157338875 -0.23769507390753677 -0.11755352673881929 -0.8029088237355647 -0.07815198002130201 0.5791466628908326
1403636732.3135555 -1.6560364337968292 4.1998640406602545 -0.24911930732663373 -0.11785620883620805 -0.8024316003909201 -0.0769761040555473 0.5799035438219466
1403636732.3635557 -1.6449762093328062 4.19886554548033 -0.2578310011757902 -0.11614096346886006 -0.8029623802466331 -0.07926962848395669 0.579205506287019
1403636732.4135556 -1.636977819905274 4.196855753083187 -0.262535191064777 -0.11322320230474178 -0.8023581660993915 -0.0834276006645697 0.580035960265253
1403636732.4635556 -1.6236752341046141 4.194104096521697 -0.2663951331518058 -0.10866279758527053 -0.8014691901583517 -0.0897858555144563 0.5811867460613634
1403636732.5135555 -1.614062610987978 4.192539717090049 -0.26858907101028745 -0.10324026666778496 -0.8005075426747571 -0.09711479103970151 0.5823210788048994
1403636732.5635557 -1.5999113634986308 4.188426939160945 -0.2685369427418459 -0.09917035315742648 -0.7991817740062002 -0.10245707461256505 0.5839317434536075
1403636732.6135554 -1.6007699602187941 4.183175787432409 -0.26894124727024826 -0.09590194308259258 -0.7977737409048168 -0.1067101145290197 0.5856388196601392
1403636732.6635556 -1.5861144296865801 4.175365562725047 -0.26667137183539 -0.0956971195038215 -0.796278682727516 -0.10606244891205363 0.5878206169259302
1403636732.7135556 -1.572877492998276 4.171409836918573 -0.2622995365666871 -0.09782131160795371 -0.795108178004242 -0.10244384537678247 0.5896941875332435
1403636732.7635558 -1.5565939620903364 4.160290817604961 -0.25750203477402983 -0.10026219003998131 -0.7947669447438847 -0.09816648773213853 0.5904712842104972
1403636732.8135555 -1.543815444939814 4.151786820445143 -0.24941601367409258 -0.1029176313122539 -0.7939503911115855 -0.09365366805868611 0.5918443444673516
1403636732.8635557 -1.5261686963078724 4.138830199796149 -0.24329131501461002 -0.10398796519339647 -0.7938668561133836 -0.09192841106378233 0.5920397664843788
1403636732.9135556 -1.5132461136071398 4.130228576883777 -0.23760964892736097 -0.10469380340603951 -0.7943939058460068 -0.09073460931872498 0.5913922222644475
1403636732.9635556 -1.4935743865332367 4.115502614994045 -0.23451943453684876 -0.10536074381096025 -0.7956718852569576 -0.08940003212109722 0.5897567286025541
1403636733.0135555 -1.4770404860515494 4.101422563148365 -0.2319060079987473 -0.10553583781665232 -0.7974214881196192 -0.08844104206677214 0.5875026291852429
1403636733.0635557 -1.4563241038981591 4.083764348038298 -0.23831286600474766 -0.1056804418751653 -0.7989780754297129 -0.0880923455255476 0.5854104695403982
1403636733.1135554 -1.4215796034425618 4.074315901771035 -0.23238749961919705 -0.10589181489691764 -0.8015301145568271 -0.08674826599002682 0.5820748554473731
1403636733.1635556 -1.4000001775255178 4.057448893891168 -0.226787328598838 -0.10419538467999354 -0.8017315805616172 -0.08911690093735224 0.5817456252597707
1403636733.2135556 -1.3805782406420404 4.0439655050985355 -0.2152998658002802 -0.10375400244528765 -0.8026677474019949 -0.0886431584288979 0.5806048438662392
1403636733.2635558 -1.3591210193014835 4.026115519150136 -0.20651485759977845 -0.10292832315058723 -0.8031589716134256 -0.08897539880764298 0.580021383241423
1403636733.3135555 -1.3347048581517964 4.008166771054114 -0.18803680421896043 -0.10377668641352578 -0.8035886238925826 -0.08691013700161247 0.579588087346363
1403636733.3635557 -1.311727010530151 3.988950871653698 -0.17766521585090225 -0.10467656455992504 -0.804838218408442 -0.08476760731946331 0.5780075360844269
1403636733.4135556 -1.287363856964923 3.9714390840535816 -0.166068978121155 -0.10536713562584381 -0.8062711682186047 -0.08257309254501552 0.576199838959509
1403636733.4635556 -1.2651327233684504 3.9517805571926248 -0.15297551182858823 -0.10712685815522537 -0.8071135492538476 -0.08017336420147857 0.5750337264415578
1403636733.5135555 -1.2436349956985038 3.9319554079140717 -0.13917948889658088 -0.10737558841577623 -0.8083875941069327 -0.07948192927037331 0.5732910287330776
1403636733.5635557 -1.2229602297606035 3.9120218857185485 -0.12618208724852806 -0.10788948503221961 -0.8092037712871215 -0.07857342110677762 0.572167224725219
1403636733.6135554 -1.201442946020339 3.8907177992650688 -0.11514378318665981 -0.10711464995373816 -0.8100901326404732 -0.07895320832339474 0.5710050960011402
1403636733.6635556 -1.1821698490749557 3.8693841023001587 -0.10508143011229015 -0.10833010442071865 -0.8106809009517397 -0.07733842365328775 0.5701577268923893
1403636733.7135556 -1.1685926404402112 3.8446003250493046 -0.10196034740254549 -0.10813719825212324 -0.8114170983479997 -0.07743619087876043 0.5691329152358717
1403636733.7635558 -1.1480329537802212 3.8242196301186775 -0.095161413212892 -0.10743988493149205 -0.8116282435221336 -0.0780765192395626 0.568876368454973
1403636733.8135555 -1.123856066908977 3.800574303010578 -0.08976009535245308 -0.1078853229623584 -0.8129122025919677 -0.07718207738533794 0.5670779795556049
1403636733.8635557 -1.1020115266075328 3.780187527417758 -0.08493961545795954 -0.10771238296752282 -0.8133088012344372 -0.07690450130970208 0.5665796802466239
1403636733.9135556 -1.0817113899108046 3.759313378662606 -0.08280714604135188 -0.10651692347139831 -0.8128314342083682 -0.07853320338867417 0.5672669041487162
1403636733.9635556 -1.0627037341665493 3.7385691733082043 -0.08060782215613152 -0.10452032268790783 -0.811752596459765 -0.08144871101192963 0.568770016580112
1403636734.0135555 -1.0438979012965457 3.7172057529726574 -0.07932871752358017 -0.1036195029098943 -0.8100349912197816 -0.08283372714732279 0.5711785056032463
1403636734.0635557 -1.0247685638617359 3.6959866304714213 -0.0785288108455962 -0.10360595965624059 -0.8085074273714189 -0.08345641002249424 0.5732508810591719
1403636734.1135554 -1.0057025151578702 3.6743893895385717 -0.07874749812008164 -0.1049367094400051 -0.8072216739226746 -0.08262732239215102 0.5749384156200409
1403636734.1635556 -0.992503491925921 3.6474958085329257 -0.08263130793754177 -0.10531179423844059 -0.8068105402008574 -0.08293735451423438 0.5754020971818414
1403636734.2135556 -0.9877860187849268 3.623416877746073 -0.07503011017999747 -0.1055674859622268 -0.8064721568317058 -0.08150841163843414 0.5760334582253113
1403636734.2635558 -0.9684529509968602 3.5950307250076485 -0.06940852114429036 -0.10591339370904877 -0.8060907326128336 -0.08004746279385408 0.5767083210159221
1403636734.3135555 -0.9505299007840333 3.572693853328013 -0.0636722520825935 -0.10674822977031988 -0.8068003870221716 -0.07826511516556245 0.5758059766014058
1403636734.3635557 -0.9346209282924238 3.549659203777382 -0.054972751951313355 -0.10715991731750947 -0.8076080504970033 -0.07698424249299228 0.574769010386533
1403636734.4135556 -0.9160903877612495 3.526049012278654 -0.04590098761306879 -0.10781777390278771 -0.8084189343261969 -0.07508660865465522 0.5737561811904828
1403636734.4635556 -0.9049995129206031 3.502742678316455 -0.035057325986109736 -0.1076935954309998 -0.8096833036555882 -0.07438754016062218 0.5720852481522039
1403636734.5135555 -0.8893339742113415 3.479069145119613 -0.02693097611192684 -0.10765029605976646 -0.8105527716934875 -0.07354353225826256 0.5709701979273769
1403636734.5635557 -0.8554845799654195 3.444986535615576 -0.020594359981068195 -0.10813724429039476 -0.8113465772069619 -0.07335006107265431 0.5697743734079878
1403636734.6135554 -0.837599294369077 3.4242682184623616 -0.011290371513851497 -0.10810006241922106 -0.8124490316588888 -0.07237660075769055 0.56833315504575
1403636734.6635556 -0.8226265967058655 3.4036372001012194 -0.0023989954665732264 -0.10722322670301969 -0.8136425601870574 -0.07275428830621776 0.5667413673279015
1403636734.7135556 -0.8060309386608999 3.3807779927200814 0.00260871413559457 -0.10634898538823709 -0.8141824094551661 -0.07281811994407039 0.5661222649291264
1403636734.7635558 -0.7937199809898666 3.3579223010069663 0.008780186240854596 -0.10499550665817589 -0.81412109390697 -0.07341158465495265 0.5663863763154622
1403636734.8135555 -0.7755618725886753 3.3436913881763144 0.004051211823676499 -0.10489834487816689 -0.8148136682711525 -0.07255965610204312 0.5655175678497378
1403636734.8635557 -0.7599158746953489 3.321609676954276 0.0041630626855054115 -0.10433688817719906 -0.8148818543903517 -0.07197013137174581 0.565598512499082
1403636734.9135556 -0.7469438097048514 3.3005084798436175 0.007494195539890485 -0.10400357280135439 -0.8150746547837554 -0.07101073056311129 0.5655033511117231
1403636734.9635556 -0.7327675463062686 3.2790163224107927 0.005670448317128107 -0.10428954795070282 -0.8151479717458396 -0.07024168617641369 0.5654410489785615
1403636735.0135555 -0.7189751461679322 3.258368282173856 0.0029649162376270037 -0.1034832503370347 -0.8151457145430869 -0.07094681066930013 0.5655044040655894
1403636735.0635557 -0.7060937100496633 3.2373279970524127 -0.0003519990933437879 -0.10375729944422721 -0.8147665772157326 -0.07036202213914947 0.5660733462235178
1403636735.1135554 -0.6952566017864994 3.214101813840113 -0.0128086731390047 -0.10429328110425942 -0.8146194927517343 -0.0699633944383988 0.5662359198991815
1403636735.1635556 -0.6828157386421423 3.1934685241288867 -0.015703246175975745 -0.10510460276516746 -0.814601160014602 -0.06889686506349109 0.5662430525532868
1403636735.2135556 -0.6689638161968362 3.1740751662083544 -0.012776822906872076 -0.10611398474582076 -0.8150207601268795 -0.06831580851151942 0.5655209395866655
1403636735.2635558 -0.6586526464712279 3.154400878384623 -0.011641220198265722 -0.10754126119226293 -0.8156020124747421 -0.06708701241653064 0.5645596223193372
1403636735.3135555 -0.648010732617146 3.13715002987397 -0.008469113705339896 -0.10909809944977013 -0.8162003032021562 -0.06629879546574209 0.5634883667556485
1403636735.3635557 -0.6402613708576614 3.1187352779491184 -0.0011042628762360884 -0.11049135330357086 -0.8165740084733178 -0.06593977730358115 0.5627170650514498
1403636735.4135556 -0.630343164812047 3.100735068421133 0.008687045497703954 -0.11124290535483436 -0.8154626460586993 -0.06702830646729849 0.5640504365952446
1403636735.4635556 -0.6237446640464683 3.0834048419749416 0.022675593900311847 -0.11315153524404264 -0.8145789796877164 -0.06718888272256865 0.5649278449159043
1403636735.5135555 -0.6151558142267706 3.067171398516326 0.03596592692137517 -0.11399672340149689 -0.8138556529358816 -0.06917102000918161 0.5655608660691811
1403636735.5635557 -0.6098786680320551 3.051290773829561 0.05332303412876357 -0.11493607524084917 -0.8127482130728814 -0.07082159127986551 0.5667577462758278
1403636735.6135554 -0.5996777404203825 3.036192226509545 0.06819278967539845 -0.11571821516359919 -0.8119198405941868 -0.07249478960107342 0.5675737596203313
1403636735.6635556 -0.5949307420335191 3.021268635325184 0.0855723597690459 -0.11672011775987676 -0.8114876831675157 -0.07414551194703464 0.5677733678464062
1403636735.7135556 -0.5866881884094955 3.006168572619105 0.09890039688060673 -0.11816588147201916 -0.8118193550718785 -0.07429579112001852 0.5669799772553441
1403636735.7635558 -0.582615587266673 2.9918536301101954 0.11337347472769409 -0.118573220024097 -0.8120139345751531 -0.07590502261461235 0.5664028505319967
1403636735.8135555 -0.5722569192261293 2.9738496633401192 0.11745375546883519 -0.11986413826809997 -0.8114882843793904 -0.07586227532118697 0.5668899962561803
1403636735.8635557 -0.5686416355563025 2.9599713858409995 0.12916305703100706 -0.12000580637207699 -0.8110774605168045 -0.0765372983183357 0.5673570317222916
1403636735.9135556 -0.5657731673252917 2.947077860285563 0.13564859872818066 -0.12024170464788486 -0.8107470684963604 -0.07656826910030072 0.5677749761612544
1403636735.9635556 -0.5633239705140363 2.931525850421582 0.13962730774090532 -0.11993752383819048 -0.8105479209114078 -0.07745296421119165 0.5680036061651876
1403636736.0135555 -0.5566476215576734 2.91863920909345 0.14678090488524964 -0.11791776138236759 -0.8103282078089912 -0.07724395445979966 0.5687679392151528
1403636736.0635557 -0.5511568824501589 2.905649173110376 0.15629613082458255 -0.1147453481809167 -0.8102361615576938 -0.07603741940037796 0.569709731728383
1403636736.1135554 -0.5389233828250498 2.900199577040097 0.16098221375551638 -0.11118112132027945 -0.8094552844991542 -0.07261886957269126 0.5719680064831802
1403636736.1635556 -0.5458974411108903 2.898660412065939 0.1620813341566918 -0.10617539568726411 -0.8088394733435712 -0.06940017998294366 0.574185603032924
1403636736.2135556 -0.5366635292033022 2.8904762893012323 0.17104848607453588 -0.1010645652259543 -0.8084166633563517 -0.0653484447012267 0.5761753490376024
1403636736.2635558 -0.5364531603529481 2.8781227814971757 0.1848370433282397 -0.09625336028711354 -0.8086979886879541 -0.061892337197943056 0.576985435103585
1403636736.3135555 -0.5289720441159087 2.8605647436439336 0.20804333075646772 -0.09094038451708175 -0.8092467623225493 -0.060160187534315034 0.5772610119956074
1403636736.3635557 -0.5253059775469991 2.8472624571576866 0.22005727708002296 -0.08635531428718549 -0.8095090205020805 -0.058351152043352596 0.5777828731239247
1403636736.4135556 -0.5202878839816875 2.835619588027992 0.23152504726050335 -0.08252549303592413 -0.8099812078989269 -0.05648646508314123 0.5778661307882513
1403636736.4635556 -0.5143970938989466 2.823129178735449 0.23999936854491893 -0.07724942650965726 -0.8102362975440424 -0.0577031032504937 0.5781176524906622
1403636736.5135555 -0.49062414960398076 2.7987836070416527 0.25212734321697716 -0.07200677776079217 -0.8103747390268166 -0.060305742826558886 0.5783346986701248
1403636736.5635557 -0.48566807326534844 2.7855619489521724 0.25839953317595177 -0.06750111080522658 -0.8104490872487035 -0.06220528126252358 0.5785727093467634
1403636736.6135554 -0.4644293153421729 2.7806621907426776 0.25775966453009763 -0.06401260875036356 -0.8102182554159642 -0.06340969846907107 0.5791614409227758
1403636736.6635556 -0.4592075742640343 2.7683436306563864 0.26009915509586456 -0.062098418438309835 -0.8098262186430053 -0.06326205841194944 0.579933784143772
1403636736.7135556 -0.4533933221202576 2.755355785063725 0.2620503351723244 -0.06046533996719283 -0.8095849451183171 -0.06363511073487081 0.5804022156937239
1403636736.7635558 -0.44207292080493843 2.7418691125726276 0.2641093258176423 -0.05887084531061417 -0.8103284432930309 -0.06341631190351023 0.5795519035835046
1403636736.8135555 -0.4311623887503459 2.7234007498336252 0.26694665727134587 -0.057377979399510545 -0.809679580833765 -0.06341034031357455 0.5806081919868205
1403636736.8635557 -0.4187612140862526 2.7030613996366366 0.26693360912153336 -0.05698691603424036 -0.8093523265636602 -0.06199963189735494 0.5812549772100787
1403636736.9135556 -0.40316008196991204 2.6866843253837325 0.26471601425895275 -0.056052074037027604 -0.8099628660000879 -0.061833661713796714 0.5805126346395358
1403636736.9635556 -0.39478434823345515 2.6676835953482136 0.26516272230086846 -0.05647862166025867 -0.8101168061568271 -0.05913535489742289 0.580537626238623
1403636737.0135555 -0.3870410154856729 2.649800775639139 0.2630842514971952 -0.0577844254496399 -0.8103598600095847 -0.0552525303579222 0.5804524229855089
1403636737.0635557 -0.37833344443214095 2.6264192675502662 0.25716804842969987 -0.058564638923948954 -0.8099585661009068 -0.05165066505723828 0.5812654411425263
1403636737.1135554 -0.3618013415396065 2.602038183253969 0.2598630793155371 -0.059712408946069634 -0.8094703588630389 -0.04677045581132006 0.5822410933652844
1403636737.1635556 -0.3513114482346046 2.5801997793706204 0.25498007146950946 -0.05932958900623222 -0.809637155381267 -0.04485206829217595 0.582199251514802
1403636737.2135556 -0.34923378379608155 2.556097311471056 0.2556776930519287 -0.05911506836626622 -0.8099111746676344 -0.04307410279075839 0.5819741570802912
1403636737.2635558 -0.33924507302351536 2.5362261328631965 0.2479506673962492 -0.05959238737401161 -0.8103209772638273 -0.04000214030405738 0.5815741482772049
1403636737.3135555 -0.3315087810718918 2.5202285133178766 0.2418005706064171 -0.05839885130127741 -0.8117804624205979 -0.03959170903054481 0.5796848726462787
1403636737.3635557 -0.32032218503228815 2.4986521497978846 0.2355463243847768 -0.058293907656654195 -0.8128602884686884 -0.03760462637770388 0.5783129462805684
1403636737.4135556 -0.3339569249690548 2.4788452604948983 0.18068158322082092 -0.05697537642933966 -0.8142677771942202 -0.03823445090937695 0.5764199166125138
1403636737.4635556 -0.3209889980855575 2.4544880152075996 0.17850653246271875 -0.05640046320749944 -0.8156868751848116 -0.03717325842557105 0.5745363854963782
1403636737.5135555 -0.31233549412075046 2.434056009231988 0.1790973867235895 -0.055120828787039396 -0.8167636799990482 -0.03740126086170796 0.5731142390084171
1403636737.5635557 -0.30094306128196685 2.41271692971265 0.178509116868836 -0.055680043118824706 -0.8173146232481879 -0.03540206281530752 0.5724012870105896
1403636737.6135554 -0.29575719729000005 2.38942524024659 0.1929059548087981 -0.056757509908008985 -0.8178677568662406 -0.03308301339554035 0.5716436228738119
1403636737.6635556 -0.2959432647309204 2.3699492466417205 0.2117297805219968 -0.058889706009276975 -0.8188054397400598 -0.02959749917714042 0.5702750585644505
1403636737.7135556 -0.28820708653889227 2.3522022125443276 0.21777757807462542 -0.06081342220698175 -0.8196479418666485 -0.02675972514322321 0.5690016662396531
1403636737.7635558 -0.27776584656601655 2.3334717764407653 0.22303284534668155 -0.062152964248497304 -0.8198005393718639 -0.0245894675669931 0.5687349494848173
1403636737.8135555 -0.27198423775834596 2.318655698060209 0.23167499890556056 -0.06393554007190384 -0.820081492981029 -0.022391049483507383 0.5682228721978267
1403636737.8635557 -0.2622072157805617 2.301832697395876 0.24108772302118206 -0.06514300788884905 -0.8200159552427176 -0.021295938279017945 0.5682224077624738
1403636737.9135556 -0.2573832272058454 2.2886526722521587 0.2542412645273778 -0.06559998751756098 -0.820113774778259 -0.020947335000113775 0.5680415893339538
1403636737.9635556 -0.24844583868457362 2.274263893917934 0.2677358006546565 -0.06627537257241424 -0.819901545926993 -0.020836025275399787 0.5682736049014044
1403636738.0135555 -0.2455304413277178 2.262729709018425 0.28617778189084203 -0.06670389806797206 -0.8196636179580523 -0.021611371234146252 0.5685376786210689
1403636738.0635557 -0.23679902782140402 2.2506024694362825 0.3031335571262295 -0.06683114925408735 -0.8198007363551005 -0.02273636076667332 0.5682810995098295
1403636738.1135554 -0.22855629625837223 2.2395162828200634 0.3204510427380179 -0.06541375880954035 -0.8192307763689783 -0.0260649145182523 0.5691244112137912
1403636738.1635556 -0.22076510059375176 2.2291718252214308 0.33677778459071117 -0.06537563910737071 -0.8184876692238997 -0.027534974950364294 0.5701278683718363
1403636738.2135556 -0.22531151756283122 2.22354170704274 0.35626276776969895 -0.06502517894783576 -0.8180006763508064 -0.029699490611278405 0.5707578819866231
1403636738.2635558 -0.2178898479500548 2.214560639457877 0.3691691355216212 -0.06571404200778 -0.8179157728309425 -0.030358311513168264 0.5707659994773964
1403636738.3135555 -0.21782025924203455 2.2094572369793886 0.3839393203044571 -0.06592328323697658 -0.8180127711405967 -0.03144375777963911 0.5705440535794188
1403636738.3635557 -0.21142062609532086 2.201465442719096 0.39386347407643874 -0.0670319167655296 -0.818149935991524 -0.03192168800076181 0.5701915557135044
1403636738.4135556 -0.23253647893252702 2.192099375286006 0.41050651003333466 -0.06759495473302553 -0.8186946792304977 -0.03263213360361354 0.5693022818773773
1403636738.4635556 -0.22821837321760913 2.1852932039506374 0.41766887674657793 -0.06897490154630094 -0.8187372685755692 -0.03423079636022909 0.5689815467856921
1403636738.5135555 -0.2283414629372876 2.180743482258691 0.4234684198121669 -0.07242252537894295 -0.8191851438260251 -0.03591608214984279 0.5678034105176516
1403636738.5635557 -0.22491280269522798 2.1757764180743604 0.42711334617583163 -0.07700630567111147 -0.8197247203206551 -0.038540188638167404 0.566247353761451
1403636738.6135554 -0.2506939920372663 2.1953697114879835 0.442624097235371 -0.0835230421012508 -0.8205105118780941 -0.04082039934808958 0.5640213615925938
1403636738.6635556 -0.2590905576062983 2.2001915702596215 0.45523197742680077 -0.09074527571899589 -0.8199999256991409 -0.04487273697675724 0.5633399100581299
1403636738.7135556 -0.27215860396769886 2.193620963924956 0.4556123222274723 -0.09921608542393151 -0.8188133573031272 -0.04939635424785555 0.5632591361728214
1403636738.7635558 -0.28079904377785314 2.199645974604996 0.45644347890276427 -0.10842521141143295 -0.8161374832764821 -0.05465418820629484 0.564957079460933
1403636738.8135555 -0.26753124433095293 2.1913702212382917 0.4574696931674378 -0.11881266844465946 -0.8130239633565252 -0.059595803969873094 0.5668544125031503
1403636738.8635557 -0.2787189878150491 2.1968133102727263 0.45424280012224305 -0.13009446704071498 -0.8095524926017095 -0.06460847418590811 0.5687934039975503
1403636738.9135556 -0.29188507776900513 2.1972450394918592 0.4495330802633616 -0.14144806921075878 -0.8068104462070301 -0.07041882261313535 0.5692895019491762
1403636738.9635556 -0.29652166219461507 2.2000152752876967 0.44421192032674517 -0.15406024724013723 -0.8038539749695239 -0.07544987449063546 0.5695538109655236
1403636739.0135555 -0.31301396444150204 2.2095250991247464 0.43685438038408736 -0.1671506077110682 -0.8006004286226334 -0.08082956198109775 0.5697071264615008
1403636739.0635557 -0.31581875566935924 2.2151814801619483 0.4247773485415657 -0.18030100138146588 -0.7977378556670436 -0.08676612823720138 0.5688387306849927
1403636739.1135554 -0.33520650442459987 2.235394530002358 0.41481341136989824 -0.1903636131887786 -0.7950383399253055 -0.09561628382960725 0.5679201168202652
1403636739.1635556 -0.33739998119538855 2.2441736972674144 0.40185255749060306 -0.20019269397096398 -0.793198376367242 -0.10678882632485942 0.5651153577643934
1403636739.2135556 -0.34284535212079686 2.2613071060146193 0.3886526736392033 -0.21019086932300923 -0.7903801517659246 -0.11818799020546572 0.5631612674171622
1403636739.2635558 -0.3421979876741694 2.275817143405771 0.3733277662330789 -0.21942185173780265 -0.7879329215610408 -0.13057741802676473 0.5603260657882161
1403636739.3135555 -0.3423327335784014 2.286547242316697 0.357646510377757 -0.22802846006326927 -0.7851512371454347 -0.14349753660786632 0.5576280240425886
1403636739.3635557 -0.3319296521898608 2.2960741975578673 0.35000827207797586 -0.2361677254663449 -0.7825696126886477 -0.15647484477319507 0.5543692178481755
1403636739.4135556 -0.288062579141158 2.3280947397360094 0.3545464275178894 -0.2444095096176575 -0.7802223538064958 -0.1661456492554482 0.5512827708740707
1403636739.4635556 -0.2932309548114257 2.337254514673555 0.34242713383980217 -0.253556948769428 -0.7771030564981793 -0.1763441950375882 0.5483816537672193
1403636739.5135555 -0.29347797974024825 2.3471710398752026 0.3343035058110365 -0.26371399288213243 -0.7740413448701353 -0.1836867371370592 0.545503537101031
1403636739.5635557 -0.2873973789143848 2.354870955082748 0.32820657921149504 -0.27355133652188 -0.7700048069937963 -0.18855702975742994 0.5447095648348721
1403636739.6135554 -0.2847355723984269 2.364696488753335 0.32377883770059257 -0.2820383169481897 -0.7669519039900671 -0.1922616222896316 0.5433917862220616
1403636739.6635556 -0.29862748548608276 2.370203529308484 0.32060230633100834 -0.287990253765542 -0.7654549035415662 -0.19613798809966435 0.5409901052740673
1403636739.7135556 -0.30073323487136605 2.379567173023995 0.31621974811405446 -0.29272284109187047 -0.7633628066502797 -0.1993440371445136 0.5402337629036509
1403636739.7635558 -0.30052879883575684 2.389561134269312 0.3131284364036061 -0.29822774766704613 -0.7614669746265307 -0.19928790455907236 0.539919057054864
1403636739.8135555 -0.29768563129261183 2.404499525517041 0.307843961606204 -0.3017723093294836 -0.7600035945985107 -0.19990666498942927 0.5397826736864544
1403636739.8635557 -0.29251873571722403 2.4260866812006063 0.2903921885223648 -0.30386717682621683 -0.7594657008819939 -0.20044234549001524 0.5391655164844538
1403636739.9135556 -0.3044822447604315 2.434427802554279 0.2740461922822813 -0.3051024214314546 -0.7589632002785806 -0.20131211709554253 0.5388513752140465
1403636739.9635556 -0.30518502446732726 2.4460945051904837 0.2652474939548342 -0.3053814592646634 -0.7587095988867221 -0.2023287699086144 0.5386696369406773
1403636740.0135555 -0.30506517879718725 2.457967181402918 0.2536025099462209 -0.30507615200214344 -0.7592115978994182 -0.20306917179479253 0.537856116969171
1403636740.0635557 -0.30595540379667097 2.4694942110464537 0.24400669982312703 -0.303648284426639 -0.7598867804704166 -0.204158245316522 0.5372980654165275
1403636740.1135554 -0.30543218178601805 2.4820093696705365 0.22923870826570739 -0.30127842307121255 -0.7603622610371555 -0.2064246992965744 0.5370934623531617
1403636740.1635556 -0.30568355289082555 2.4941370401270766 0.21651229885503265 -0.29822737827267837 -0.7614681780924247 -0.2091418944357309 0.536177501013463
1403636740.2135556 -0.30536828858600107 2.506177527709154 0.20170469623814252 -0.29478482231037556 -0.7620841976297494 -0.21200742865546127 0.5360806230907446
1403636740.2635558 -0.3059331581585181 2.517697506224746 0.18729742449925557 -0.29214738975966154 -0.7630165149614451 -0.2139308072436754 0.5354337589887072
1403636740.3135555 -0.30652140567808517 2.528489385643653 0.17171999324801032 -0.29136354272332465 -0.7621671112264795 -0.21281342286375954 0.53751188599454
1403636740.3635557 -0.30771838533189555 2.5388583700235348 0.15555203419383476 -0.29121109538907486 -0.7618731842881408 -0.21034894741873533 0.5389792846712886
1403636740.4135556 -0.30819076080777086 2.549971662648264 0.13585878082603348 -0.2924260839317803 -0.7611435714604291 -0.20702481253487454 0.540636824546466
1403636740.4635556 -0.30961423766459073 2.559730406459496 0.11711115777740963 -0.29297486138311685 -0.7613717488557016 -0.20412459690778598 0.5411210027149082
1403636740.5135555 -0.3092560338575121 2.5699718682230066 0.09729894752764079 -0.2929959717076931 -0.7599908620831405 -0.20195018536418233 0.5438596995039827
1403636740.5635557 -0.3100707129111948 2.579474125355294 0.08012434657008452 -0.2921071587357523 -0.7599777192122272 -0.20139436026216667 0.5445618291534029
1403636740.6135554 -0.30964687431057997 2.5878974154152363 0.06367495429627601 -0.29123075108026547 -0.7600920440401943 -0.2004451903713636 0.5452214778133854
1403636740.6635556 -0.31005216376203015 2.5972692728274 0.049735968093000335 -0.291738453076416 -0.7607926543393588 -0.19831297813067386 0.5447523977044946
1403636740.7135556 -0.3091367338394505 2.605290643352651 0.0369985257067646 -0.2921221931714258 -0.762006485486583 -0.19626215682100773 0.5435916722440369
1403636740.7635558 -0.30901738026113623 2.616084126002361 0.02771958426900861 -0.2913154645367183 -0.7638692364691626 -0.19571482813253793 0.5416039103873106
1403636740.8135555 -0.3057659107835764 2.6248977502388446 0.01450278467399281 -0.29102850659654683 -0.7641736088059424 -0.19476222742931634 0.5416722059691245
1403636740.8635557 -0.30426048604317874 2.6348111135184333 0.002664657046830543 -0.2903773946976488 -0.7639119515741888 -0.19449676179942496 0.5424854915481686
1403636740.9135556 -0.29613343642845197 2.653535386168097 -0.006473181540091792 -0.287227871121702 -0.7641929566628358 -0.1963590021958075 0.5430952193625673
1403636740.9635556 -0.29412827800721275 2.663858877643415 -0.020925143369177786 -0.2838597503732625 -0.7640365183389521 -0.20046855082126253 0.5435845848569882
1403636741.0135555 -0.29011713993101784 2.670507045431894 -0.03816651850464819 -0.27895170518425144 -0.7648291703838216 -0.20667774636478975 0.5426846187818165
1403636741.0635557 -0.2873763350850265 2.682925675226585 -0.05519115017079104 -0.27573161042352573 -0.7646734204277618 -0.21291505209309272 0.5421381924350581
1403636741.1135554 -0.282704946492205 2.687782274446437 -0.07627629726444425 -0.2759757909309936 -0.7633466066093605 -0.21617944953423235 0.5425917126136953
1403636741.1635556 -0.2596685866927851 2.65020611423757 -0.09137925447621911 -0.27867974114705446 -0.761003402023103 -0.21884511010753407 0.5434319108825829
1403636741.2135556 -0.2523558989125552 2.651528195777663 -0.118056909747342 -0.2840070985188127 -0.7582360986642754 -0.2184076644905946 0.5447165122933841
1403636741.2635558 -0.24846862642120107 2.6549194064302997 -0.14294982144492482 -0.29011396060111583 -0.7558558747417757 -0.21616569301794586 0.5456997156355781
1403636741.3135555 -0.2396936951671566 2.647875243976024 -0.1623806079998075 -0.29546241946331064 -0.7545332048608223 -0.21371940593884522 0.5456240619442018
1403636741.3635557 -0.23481067007186646 2.6489988077768336 -0.18833014585373858 -0.30119752239037517 -0.7552378827214339 -0.21068670133982803 0.5426849057113046
1403636741.4135556 -0.21223671057427052 2.648504965306135 -0.21351966306853215 -0.305710913711076 -0.7558730582933739 -0.20910924804676334 0.5398796897138083
1403636741.4635556 -0.20628094433693855 2.6491001567753645 -0.23608492677754617 -0.30899176121242017 -0.7574351001188349 -0.20827851595413055 0.5361307866582207
1403636741.5135555 -0.2006643488935767 2.649824710465137 -0.2572297404976414 -0.31230355396301435 -0.7606084365886567 -0.20674958986233877 0.5302790807338951
1403636741.5635557 -0.19483439798862673 2.650148431341435 -0.2766122135888759 -0.316743232880223 -0.7614830751799236 -0.20303651629483713 0.5278194991566417
1403636741.6135554 -0.18818095620865688 2.651199675727039 -0.2942853011884688 -0.31662611706731947 -0.7637009785167782 -0.20493087445567415 0.5239389793651742
1403636741.6635556 -0.18414952818249022 2.6526068950085877 -0.3100554402426749 -0.3170529688866251 -0.7644992308450089 -0.20502259691684702 0.5224787801538344
1403636741.7135556 -0.17780821659012666 2.6558462437890764 -0.32396992072728203 -0.31657326748893444 -0.7642816159278611 -0.20608386147061367 0.5226704697105414
1403636741.7635558 -0.17356196008906882 2.660012769607418 -0.3350115201831356 -0.31499464097040175 -0.7633837665197872 -0.2078691731104966 0.5242270577186466
1403636741.8135555 -0.16904724797003856 2.665156324299603 -0.3455030792906254 -0.3127869576984529 -0.7626702435085878 -0.2099025886672716 0.5257749728078316
1403636741.8635557 -0.1652115103398047 2.670222297639283 -0.3565393473125871 -0.30976056915312866 -0.7619254511851565 -0.21265745715619383 0.5275365414358392
1403636741.9135556 -0.1621864250491516 2.675240319417878 -0.36917525235272 -0.3065222417075054 -0.7620984480960387 -0.21527464834410828 0.5281163664653235
1403636741.9635556 -0.15914175862639518 2.6804044830700327 -0.38368401468239205 -0.3022061430313396 -0.7627730972975497 -0.21889068533332504 0.5281434625435892
1403636742.0135555 -0.14606254176333602 2.6820434634222403 -0.4104444877307678 -0.2986938413113348 -0.7646024280648255 -0.22127236318435745 0.5265013366088088
1403636742.0635557 -0.1438974617412477 2.6861045085151085 -0.4275176473089104 -0.2970526422556054 -0.7669031957505761 -0.22064757327754203 0.5243413625523441
1403636742.1135554 -0.1414209049334714 2.6909112297925963 -0.44390574252735304 -0.29751581416598477 -0.7698066570653824 -0.21713957566622524 0.5212796329595698
1403636742.1635556 -0.14037259548906317 2.6979496123249453 -0.4568727573745472 -0.29876270322026316 -0.7715505342006495 -0.21301273105968463 0.5196885574511988
1403636742.2135556 -0.13731743512812755 2.693430582650296 -0.4704762234453248 -0.29980701921704517 -0.7719087863058086 -0.21034266313354416 0.5196427050560533
1403636742.2635558 -0.13817072568301528 2.696804913510564 -0.4829078181057175 -0.3012334885141988 -0.7719133159659504 -0.2058243410569037 0.5206193990435897
1403636742.3135555 -0.1397006752370299 2.7015458688105247 -0.4922827471906149 -0.3002981455562905 -0.7709344305862826 -0.2041832597817311 0.5232497720371825
1403636742.3635557 -0.14152518583652804 2.7052571221627906 -0.5008888196852507 -0.2998844903307667 -0.7687515222789353 -0.20320657432154893 0.5270649652608078
1403636742.4135556 -0.14572987252013414 2.710917274777378 -0.505644722766949 -0.2982265766703928 -0.7668071202224243 -0.20312740171920401 0.5308549783269024
1403636742.4635556 -0.14875119732329425 2.7157045437176692 -0.5106161391824825 -0.2974432366273115 -0.7654143650033115 -0.2027023231774116 0.5334605318200466
1403636742.5135555 -0.15324615534498798 2.722195310953195 -0.5133998600794535 -0.296204270401722 -0.764776916333716 -0.20272075412235563 0.5350547582135303
1403636742.5635557 -0.15779426114945783 2.7298956164952832 -0.5161870701407775 -0.2954075008058863 -0.7644553837375665 -0.2022525404267629 0.5361308465600455
1403636742.6135554 -0.16267414815307238 2.7369727071417316 -0.5182148215566643 -0.2940622800808749 -0.7635116152078036 -0.20291678603250107 0.5379611201775163
1403636742.6635556 -0.1669108128187961 2.742949212896003 -0.5230546116591999 -0.29323120690174953 -0.7622203469754257 -0.2032489398762328 0.5401161637970044
1403636742.7135556 -0.1720364617836866 2.75094977349867 -0.5273743071993299 -0.29211496916978585 -0.7609996944532859 -0.20313384926254496 0.5424803674905871
1403636742.7635558 -0.1763978860832726 2.756858087934849 -0.5371018657372482 -0.29105148462595637 -0.7602039622838587 -0.20331030519416415 0.5440991534884098
1403636742.8135555 -0.1816274123887586 2.7644863959120243 -0.5451478073545091 -0.2904483349709223 -0.7595006893006157 -0.2032794466616599 0.5454135442299156
1403636742.8635557 -0.18538231555894072 2.7698063619228486 -0.5585739423926556 -0.2901675488158098 -0.7590183968407819 -0.20222354743848045 0.5466255608118509
1403636742.9135556 -0.19092111611690102 2.7959423699893207 -0.5638208094338071 -0.290321424769297 -0.7587621590265115 -0.2010372315112364 0.54733672259008
1403636742.9635556 -0.19334717620268152 2.8015936766733613 -0.5807574698981691 -0.2914488588619152 -0.758469657226767 -0.20106682211752736 0.5471320451024203
1403636743.0135555 -0.19892617701078266 2.807113562861376 -0.5963230018343317 -0.29338469881704043 -0.7591844767293565 -0.20191851611092554 0.5447873545198803
1403636743.0635557 -0.20078239751908844 2.812831160603841 -0.617284041453757 -0.29765651419454636 -0.7611573624986958 -0.20141636409622807 0.5398810214721727
1403636743.1135554 -0.20364824191505818 2.8188547771734633 -0.6365831671745843 -0.30313736616545234 -0.7647264512923246 -0.19979259567184143 0.5323383422625395
1403636743.1635556 -0.20556510402588535 2.825104336508677 -0.6570317725769595 -0.308324927003536 -0.7695753519388419 -0.19771922929073746 0.5230646455698845
1403636743.2135556 -0.2046544419543692 2.846513623058129 -0.6585809206703218 -0.3122295113375667 -0.7732327783954276 -0.19651205442485403 0.5157584852724335
1403636743.2635558 -0.19353021533527953 2.8315551597117214 -0.6671871560725804 -0.3155101612437668 -0.7767716175917977 -0.19718898277842387 0.5081296068195249
1403636743.3135555 -0.19611207226554855 2.833729292089858 -0.679706400181674 -0.31858849303576786 -0.7776072999541337 -0.1964206804519662 0.5052199278077095
1403636743.3635557 -0.20199603578571199 2.8456293064218983 -0.6904297441061371 -0.3210773489683459 -0.7776863002285617 -0.1952855349399296 0.5039612229720618
1403636743.4135556 -0.20815823890178858 2.85859617485315 -0.7008239852502987 -0.32257521296985286 -0.7770740890257009 -0.19533035323911124 0.5039316870825006
1403636743.4635556 -0.2169573953871177 2.8726123762232016 -0.707800289289333 -0.322652022658614 -0.7747886750963896 -0.1966797918422568 0.5068680703078199
1403636743.5135555 -0.22537709158170813 2.8882650090017385 -0.7168093871066359 -0.32215271268718493 -0.7727124153183452 -0.1986929545888206 0.509562815281828
1403636743.5635557 -0.23573138825435586 2.9016892775465872 -0.7202687623163185 -0.32126726599538136 -0.7698481275051868 -0.20100808604802303 0.5135337902416172
1403636743.6135554 -0.24570249382024864 2.918234704472236 -0.7302843822580001 -0.3186862291488566 -0.7678108059948234 -0.204769378748257 0.5166963857774846
1403636743.6635556 -0.25634962052793403 2.938873418621873 -0.7555779143810378 -0.3167899511012079 -0.7663277586084474 -0.20728363222890986 0.5190562484716253
1403636743.7135556 -0.26826457392737535 2.957676858515425 -0.769000953845847 -0.3147497616796157 -0.7639116647040097 -0.21083001234910986 0.5224196224728241
1403636743.7635558 -0.2808418266751721 2.976687780775541 -0.7838702362668596 -0.31395936135843167 -0.7607349914418376 -0.21507295075999755 0.5257902795438316
1403636743.8135555 -0.2938564266556742 2.9955990242112915 -0.8006050567451809 -0.3161441780834867 -0.758128491511314 -0.21716433947766636 0.5273838248201448
1403636743.8635557 -0.2961756282231947 2.990866269954286 -0.8101141358610611 -0.3189061923506493 -0.7542723996107863 -0.2184131939420047 0.5307237175573081
1403636743.9135556 -0.3071791897227597 3.007669479753622 -0.8296048946437005 -0.31961859106630464 -0.7518728856682285 -0.22232763754542784 0.5320728724763087
1403636743.9635556 -0.3186739686924729 3.027260209936748 -0.8505377578742195 -0.3205687078087186 -0.7497220787448212 -0.2252489924679462 0.5333061031045565
1403636744.0135555 -0.32681419408713847 3.051138151546151 -0.8727685297800435 -0.32231434873441706 -0.7481915450453936 -0.22632753410115808 0.533946364188562
1403636744.0635557 -0.33895774023930203 3.0739531626712813 -0.8940107870189359 -0.3228362059476069 -0.7471131222336915 -0.23023370954099798 0.5334709042736734
1403636744.1135554 -0.36467561001394944 3.1107655760753405 -0.9269589006634017 -0.3262968948389171 -0.7452531391833148 -0.23291813904870565 0.5328013095498015
1403636744.1635556 -0.3783768224960775 3.1286476905616007 -0.9531327378018664 -0.3293939938011321 -0.7431780762197356 -0.23557918710145995 0.5326240611150496
1403636744.2135556 -0.3941688558316189 3.1517914055976255 -0.9813917250808021 -0.332972555458388 -0.7408331795860547 -0.23622581677831547 0.5333787030087958
1403636744.2635558 -0.40770727397971723 3.1680777679239958 -1.010531653154445 -0.33655134353440863 -0.7380571317092102 -0.23629973726966688 0.5349460698655936
1403636744.3135555 -0.42200966498434916 3.186644131300233 -1.041776947599575 -0.33891781410849536 -0.7368972116555118 -0.2366262849229071 0.5349067358127344
1403636744.3635557 -0.4346242242365792 3.2020462902151454 -1.074209885124084 -0.34230901616610643 -0.7353078973528425 -0.23533709920771587 0.5355028321852573
1403636744.4135556 -0.4476965677141164 3.2216392909873774 -1.103637547464868 -0.34484302824151575 -0.7341368125749957 -0.2331691668113277 0.5364313245364759
1403636744.4635556 -0.45957318384907236 3.2364703257210126 -1.1382094766774506 -0.3476279612259702 -0.7327291991787845 -0.23061330282719528 0.5376618136001711
1403636744.5135555 -0.4705364210761747 3.2511932194963706 -1.1748430578034794 -0.3506812834480862 -0.731097668918919 -0.2260292458895841 0.5398422139321006
1403636744.5635557 -0.4809028539441092 3.266346831727736 -1.211549597980885 -0.3507629869681491 -0.7298810711739532 -0.22552844011582335 0.541641829638432
1403636744.6135554 -0.4901212576034161 3.2813475400256715 -1.249735832033253 -0.3518995510179776 -0.7284012998879168 -0.2231320231392011 0.5438845029643204
1403636744.6635556 -0.49843917598863013 3.2968160474639636 -1.2882783241770932 -0.35151931175932544 -0.7274120540824723 -0.22294190631173424 0.5455298190253751
1403636744.7135556 -0.5053664812739611 3.317993216301915 -1.3252527495120119 -0.3493807920286185 -0.7271260869947326 -0.2255117571060093 0.5462281237543014
1403636744.7635558 -0.5094773633078509 3.33410701334362 -1.363325886338848 -0.346199551780919 -0.7281457249910267 -0.22995829025806902 0.5450402354556666
1403636744.8135555 -0.5154731209071917 3.3501265171905246 -1.4021254477543268 -0.34418693383780324 -0.7293322791931467 -0.23308248862753364 0.5433988724661262
1403636744.8635557 -0.5125947674321303 3.3609159272053164 -1.4339944162068758 -0.341861321779721 -0.7314702800967315 -0.2354895070205038 0.5409498665213545
1403636744.9135556 -0.5063039908465727 3.368192325263941 -1.4682453586661415 -0.34044901894047436 -0.7343468732034462 -0.237233468215501 0.5371679596525049
1403636744.9635556 -0.5105915067023069 3.3874241037337947 -1.4988949162486263 -0.33993739184329286 -0.7365029635969811 -0.23677876265464676 0.5347352352289666
1403636745.0135555 -0.509135072749438 3.399872813509876 -1.5267155452307508 -0.3400322287253394 -0.739363993455806 -0.2350319061507236 0.5314875085082611
1403636745.0635557 -0.5100230562358058 3.4117443401075747 -1.5532876702423943 -0.33929069583859817 -0.7419361071785022 -0.23355955891556865 0.5290203862058013
1403636745.1135554 -0.5048750493903942 3.4160745603134277 -1.5862187649377015 -0.3396875981626956 -0.7447828883598843 -0.23099161788366734 0.525883691825724
1403636745.1635556 -0.5058636604952005 3.4271968639576267 -1.609558447331966 -0.3399722594039044 -0.745917668808817 -0.22759380918371827 0.5255727848888959
1403636745.2135556 -0.507464896062337 3.4398486037888327 -1.6314241075694684 -0.33753513540440966 -0.7475205603097416 -0.22725380685705032 0.5250130965516152
1403636745.2635558 -0.5093004361956842 3.4520454187864176 -1.6530707066117858 -0.33555919274155804 -0.748997008182265 -0.2261070083070511 0.5246704972600283
1403636745.3135555 -0.5134472552736837 3.471152461516937 -1.6736851324292643 -0.33322830068040626 -0.7496519330736799 -0.22570929410728874 0.525391466830337
1403636745.3635557 -0.5157726815991538 3.484514679777637 -1.6917509664550425 -0.32941123884185 -0.7485198974985313 -0.22694720899745408 0.5288678125030221
1403636745.4135556 -0.5185566248478094 3.497703416594193 -1.7057572092953899 -0.32652999812901257 -0.7464815918011064 -0.22824581357620896 0.5329608259608656
1403636745.4635556 -0.520156942472051 3.510210745377498 -1.7182755139449977 -0.3238731058030186 -0.7449755474127273 -0.23039397872228318 0.5357576501209576
1403636745.5135555 -0.527128109495725 3.5237527230677346 -1.726100989904687 -0.32387428501316484 -0.7430986616019309 -0.23082802894019075 0.5381712066696032
1403636745.5635557 -0.5285392007423124 3.5352844690601937 -1.735574450055766 -0.3242263994821438 -0.7421096808193538 -0.23149837172543455 0.5390352190734059
1403636745.6135554 -0.5308290749818109 3.5465828501571974 -1.7415028284834706 -0.3254267037171612 -0.7407748405745748 -0.23275337695897697 0.5396072290042904
1403636745.6635556 -0.531466055703588 3.556419343642813 -1.7477427935228638 -0.3269182305894412 -0.73967938488005 -0.23442321751452044 0.5394855263877613
1403636745.7135556 -0.5317949928070519 3.5736423465009826 -1.7337869350004695 -0.32857142181962 -0.7382859498609698 -0.2367490008534059 0.5393742555927498
1403636745.7635558 -0.5330785249513748 3.586179208492191 -1.7367224249607822 -0.3300232956384915 -0.7378031384335447 -0.23985929670077008 0.5377719507744269
1403636745.8135555 -0.536777142268295 3.594435044970182 -1.7346672222810053 -0.3318180567755721 -0.7377524246163787 -0.24235108014116016 0.5356156188207649
1403636745.8635557 -0.5377651116982288 3.6024050748186447 -1.7327820686782887 -0.33316338606718376 -0.7374531392566601 -0.24602216111495803 0.5335148749801372
1403636745.9135556 -0.5404027980213637 3.6097157033591074 -1.7267247376033337 -0.3350329986343421 -0.7364611891101008 -0.24936638201774297 0.5321599517814155
1403636745.9635556 -0.5415697543178773 3.615464965051604 -1.7218617257871924 -0.33572344096275414 -0.7362786323679411 -0.25406195922342567 0.52975094863726
1403636746.0135555 -0.5436919694269685 3.62438962823082 -1.7066076093079217 -0.33702921582187834 -0.7358270633024808 -0.25787658711735295 0.5277021000629455
1403636746.0635557 -0.5452125371334998 3.617577854095958 -1.694277552916407 -0.33783624446301985 -0.7355664532946424 -0.2615978722919176 0.5257140077332971
1403636746.1135554 -0.551236144150234 3.6223387778835106 -1.6814684562527034 -0.33865669429777456 -0.7359833863913371 -0.2648911794423267 0.5229462318603095
1403636746.1635556 -0.5544203586805246 3.622364805709157 -1.6685167470246618 -0.3394904899108584 -0.734990853886477 -0.2670844546238533 0.5226858961762713
1403636746.2135556 -0.5600155632976391 3.621229429608843 -1.6542161091662924 -0.3399235849719732 -0.7336018095266303 -0.2691215311458308 0.5233105606738496
1403636746.2635558 -0.5645498199077751 3.619180549495095 -1.637223469897824 -0.34012896500232936 -0.7302659534642643 -0.27112277999548656 0.5267982180540216
1403636746.3135555 -0.570361757342491 3.6153588862800303 -1.6242302291832575 -0.33870325353359004 -0.7253523003125573 -0.2744850698549659 0.5327307883948111
1403636746.3635557 -0.5757263045374464 3.6090854390861447 -1.6099638039782667 -0.33860421687884046 -0.721587112337412 -0.2755004657316499 0.5373627424766871
1403636746.4135556 -0.5811476728530514 3.60245661387315 -1.5980946141735037 -0.33851088567305065 -0.7198849851681254 -0.2760726983744329 0.5394069462127774
1403636746.4635556 -0.5867682454664087 3.5925655259441753 -1.5892870021870134 -0.34080262637777053 -0.7207335231720653 -0.27271426735982 0.5385384729138601
1403636746.5135555 -0.5917901137695499 3.583191769811374 -1.5818257395962985 -0.34311019018795613 -0.7235107130006593 -0.268612607405195 0.5354016368161804
1403636746.5635557 -0.5973099879627077 3.570382446841742 -1.577800906985101 -0.3466793122753441 -0.7282018926961574 -0.2620374488450514 0.5299734269912085
1403636746.6135554 -0.6022963913396066 3.559047067602886 -1.5754666957257872 -0.3502766896402629 -0.7341908965733872 -0.254892372869496 0.522780877936811
1403636746.6635556 -0.6154257826677665 3.5348700795341794 -1.5766871026871463 -0.35542012712201465 -0.7394585018189982 -0.2468341693804836 0.5157039365279468
1403636746.7135556 -0.6225370161914296 3.5236023975215716 -1.5774813942365253 -0.35997312143255517 -0.7442596903094187 -0.23747056570901834 0.5100045055178141
1403636746.7635558 -0.6300455816397272 3.5094931120405057 -1.5787247404328961 -0.36357303248829226 -0.7468472004707197 -0.22977858123993328 0.5071841014855251
1403636746.8135555 -0.6382314215031232 3.4995265621010616 -1.5803613674490056 -0.3657782821614446 -0.7472881218397014 -0.22393411326511053 0.507563024827935
1403636746.8635557 -0.648379623531757 3.4909270607577696 -1.5819684792867723 -0.36708681366601975 -0.746976202154208 -0.21972970292334226 0.5089132365158374
1403636746.9135556 -0.6567073417791907 3.4841198185759157 -1.5840135577045367 -0.36686581157090353 -0.7462214361237686 -0.21777919920744962 0.5110139576981875
1403636746.9635556 -0.6651828840940085 3.4785217713180874 -1.584271002868953 -0.36535744729065217 -0.7460861795289715 -0.21782716064421973 0.5122701206500329
1403636747.0135555 -0.6749073494996085 3.475656136098697 -1.5809767445492695 -0.36381611653133156 -0.7452102902662172 -0.2184334902968713 0.514379497015703
1403636747.0635557 -0.6837663310731723 3.474193281600186 -1.5751129618824873 -0.359246283247292 -0.7448058713614076 -0.2236817652412382 0.5159193637160215
1403636747.1135554 -0.6933469497550095 3.4721662299873697 -1.5671953690157296 -0.354735436893546 -0.744094908213055 -0.2298067666121782 0.5173725808376456
1403636747.1635556 -0.7034654181256135 3.4734340634647958 -1.5568752004685484 -0.3517817172096132 -0.7425160931463347 -0.23402633434497233 0.5197606657768695
1403636747.2135556 -0.7132447721612393 3.473748000029395 -1.5457555583535403 -0.34779724408859247 -0.7418527153946058 -0.23985851360743976 0.5207297947266508
1403636747.2635558 -0.725286534373236 3.477033400132724 -1.5306211724001122 -0.3454055429247432 -0.7411008394855941 -0.24392834680374703 0.5215012159680953
1403636747.3135555 -0.7348503111748126 3.4756015263303683 -1.51521346942635 -0.34405801776889366 -0.7408942125272235 -0.24665925821056076 0.5214010515827726
1403636747.3635557 -0.7475062281230165 3.4778576044149987 -1.4966766509717597 -0.34371083008574976 -0.7403789734477801 -0.24815101744527227 0.5216540170448726
1403636747.4135556 -0.7559744303289488 3.474639216514103 -1.4853028269265725 -0.34384847629178705 -0.7396249363652877 -0.24962050080523934 0.5219317814007899
1403636747.4635556 -0.7694704157263154 3.4762450367735527 -1.469074712729093 -0.3442709950835626 -0.739248502606029 -0.2510411592903316 0.5215050044640835
1403636747.5135555 -0.7784951860171673 3.472495039545118 -1.460082387037766 -0.346263642016527 -0.7391429920544258 -0.25053003009511426 0.5205802834672311
1403636747.5635557 -0.7927937955590819 3.4730567255030595 -1.446892934959724 -0.34744020394998854 -0.7393869314021794 -0.2504217319843329 0.519500939845951
1403636747.6135554 -0.8016566794136525 3.469617628595928 -1.4402575247187774 -0.3493569027758056 -0.7390324607262332 -0.2497597409556817 0.5190383880538856
1403636747.6635556 -0.8166027302042547 3.4693334151030504 -1.4263942637921097 -0.35040175625457676 -0.739073281089625 -0.25014382838233146 0.5180901075250859
1403636747.7135556 -0.8264550999952949 3.4655048737842047 -1.4166345534279328 -0.3517996905255646 -0.7384999265920523 -0.2504729269223647 0.5178012640469257
1403636747.7635558 -0.841724338568982 3.4642733782875275 -1.399365651722445 -0.3528324942824325 -0.7385220800130016 -0.2512279528738662 0.5166999942002258
1403636747.8135555 -0.8578791811493091 3.463147973908556 -1.3796199371464162 -0.35416642055356223 -0.7380785225284943 -0.2512805721880066 0.5163955026675777
1403636747.8635557 -0.8687793882414108 3.461109510611451 -1.3701582811663033 -0.35579594136040915 -0.7367166495911064 -0.25105924963695064 0.5173268594403801
1403636747.9135556 -0.8812379928857383 3.456448923086383 -1.35338876458665 -0.36061751521051516 -0.7340824493540589 -0.24627015374490144 0.5200278614153304
1403636747.9635556 -0.8981079193237969 3.453563972823462 -1.331072702905366 -0.3655325211280688 -0.729936716067748 -0.24125255013690286 0.5247623972679742
1403636748.0135555 -0.9099710948769212 3.4516070184527368 -1.315582702257601 -0.3705114417127021 -0.7270010246328611 -0.23603118718513963 0.5277120999358634
1403636748.0635557 -0.9244848873761834 3.4491330253239267 -1.2976457420285832 -0.3742167305144985 -0.7248491427910599 -0.23268446636174722 0.5295408368691256
1403636748.1135554 -0.9331250199863975 3.4434804937367933 -1.285629166381133 -0.37625894467400267 -0.7239598387982346 -0.23133722550907496 0.5299004118264145
1403636748.1635556 -0.9484920081316932 3.441951784272697 -1.270026638041887 -0.37887756577008364 -0.7232471266416308 -0.22916324258059872 0.5299524433481804
1403636748.2135556 -0.959383810542387 3.4430407818604523 -1.2572245337457653 -0.37854562104525297 -0.7238918531786488 -0.2308711350413632 0.5285662841061263
1403636748.2635558 -0.9704973157861578 3.442360538263993 -1.24411362678321 -0.3756160567941593 -0.7259717128668366 -0.2355938681066636 0.5257120688229806
1403636748.3135555 -0.980210019171496 3.443848204048756 -1.2352234188821898 -0.3717423708420393 -0.7281060584572593 -0.24174895412535113 0.5227108383589083
1403636748.3635557 -1.005961958334342 3.447278327708525 -1.2269839109495433 -0.3673782332506905 -0.7302985501415716 -0.24803356984520464 0.5197851571799293
1403636748.4135556 -1.0159872427140253 3.449425874120969 -1.2223643125150225 -0.3631944295490477 -0.7320832425396725 -0.25334870324745373 0.5176469519855929
1403636748.4635556 -1.0390771951773357 3.482287877374219 -1.2095824183604562 -0.3613855773821081 -0.7322349320299817 -0.25557607758857065 0.5176034556875461
1403636748.5135555 -1.0503585892147331 3.4806837290264045 -1.2012667937488124 -0.3591173073935865 -0.7325221419621989 -0.2582598098061701 0.5174436604156759
1403636748.5635557 -1.0619650509946061 3.48290248599704 -1.1869737431010274 -0.3592590423331665 -0.7322221664716849 -0.25836641527088455 0.5177165584462613
1403636748.6135554 -1.0735552579269743 3.485593263255265 -1.1723834911781008 -0.36128933322131196 -0.7305877648832054 -0.2556277598266377 0.5199672911919334
1403636748.6635556 -1.0851594351973184 3.487177211344878 -1.1554166924526725 -0.36347049804037945 -0.7290358853467988 -0.2530412020861305 0.5218869848709526
1403636748.7135556 -1.0984060862974545 3.493266790727305 -1.141340358660863 -0.3666393504179538 -0.7270869701885198 -0.24923637599989507 0.5242149877537065
1403636748.7635558 -1.1042089353238402 3.501306298123285 -1.1283717237787219 -0.36944697458290554 -0.7253867631888682 -0.24583022749765085 0.5262038350395865
1403636748.8135555 -1.0984153537110266 3.5233569399904905 -1.1536932946836125 -0.3713133388484546 -0.7239616329084182 -0.24285853387541145 0.5282288244631063
1403636748.8635557 -1.1066147935118589 3.525225123640846 -1.1412960734226956 -0.3731782047015574 -0.7227074776672948 -0.24177576779434745 0.5291279688005095
1403636748.9135556 -1.1138858256122577 3.5272822313721854 -1.1302655479483783 -0.3754410042526046 -0.7210875980583064 -0.24093911378592012 0.5301179790389622
1403636748.9635556 -1.1202508067860735 3.529894049610174 -1.1201582519648752 -0.3771813724445446 -0.7200560875199167 -0.24121954958640376 0.5301571201103429
1403636749.0135555 -1.128212818559798 3.533360065933936 -1.111041975907693 -0.37880002112560773 -0.7189501532637362 -0.2415509282247697 0.5303530618286668
1403636749.0635557 -1.1329162395605339 3.536519962152213 -1.1025520383121046 -0.38158244245483214 -0.7172444772462532 -0.2397537534054531 0.5314822077905816
1403636749.1135554 -1.1408790497282189 3.5501596304773613 -1.095018422195217 -0.3848457051424263 -0.7152860241498185 -0.23734970943589456 0.5328459461421009
1403636749.1635556 -1.1432644039742466 3.555012547880255 -1.0877642504550737 -0.38620481932534456 -0.7141537253547081 -0.23709761849572253 0.5334932177596328
1403636749.2135556 -1.1481253542225012 3.561114243600498 -1.0808001317661595 -0.3861506207094224 -0.7141373886376188 -0.23921766758377136 0.5326071683627164
1403636749.2635558 -1.147623717081523 3.5671062939194806 -1.0705845898101878 -0.38335227994356086 -0.7152104367029316 -0.2452741578041641 0.5304296826222431
1403636749.3135555 -1.1678847030972341 3.5753526974351657 -1.0680829836311656 -0.3805776433745292 -0.7162494767792207 -0.2508187224521564 0.5284290991651107
1403636749.3635557 -1.1705876601316316 3.5817174353508427 -1.0563611734183345 -0.37837372486110327 -0.7176645307169232 -0.25514350085469845 0.5260159119809982
1403636749.4135556 -1.1692288168112528 3.587907851103877 -1.0414193611637041 -0.3760901424902948 -0.71873168234107 -0.25908472874560873 0.5242671807882117
1403636749.4635556 -1.1756875670265379 3.5974920972751194 -1.0327252246496572 -0.3737626399856236 -0.7197250952458093 -0.2630233074893856 0.522605028622699
1403636749.5135555 -1.1737647833895577 3.603580158346556 -1.0164568109585457 -0.3714833917508881 -0.7211307867805082 -0.2663015443883447 0.5206284332102542
1403636749.5635557 -1.1715768287696096 3.6080081113872815 -1.000258880400138 -0.36875545710029206 -0.722859812619236 -0.2697190301785323 0.5184059692156232
1403636749.6135554 -1.1695499557306732 3.6134991761219837 -0.9842173705221672 -0.3658488798903404 -0.7236591774652121 -0.2732130003130495 0.5175197082366019
1403636749.6635556 -1.1679414676734714 3.6168764878394524 -0.9706618401514003 -0.36488600735903876 -0.7242150256682959 -0.27374653533212645 0.5171398578948504
1403636749.7135556 -1.177095162883381 3.6223852799039307 -0.9570528111186326 -0.3643748141301477 -0.7238291303933377 -0.2733605686081721 0.5182435569805587
1403636749.7635558 -1.1770896463312457 3.6243500229420063 -0.9464124613096021 -0.36357713842055467 -0.7222802059716761 -0.27293324053186935 0.52118174823396
1403636749.8135555 -1.1840907095726276 3.629524282362265 -0.9355243272939383 -0.3625723710487874 -0.7202032547403859 -0.2727761084175126 0.5248254398273894
1403636749.8635557 -1.1895179941437404 3.638441958288298 -0.9236372542790533 -0.3618559377816055 -0.7176250910428679 -0.2717934046629694 0.5293419066913387
1403636749.9135556 -1.1896063803396817 3.6401169759478353 -0.9166659189187847 -0.36045556031730125 -0.7162492681837499 -0.27148318180768843 0.532311616309617
1403636749.9635556 -1.1888892023869857 3.6436835689047378 -0.9115321580185869 -0.3589628154281955 -0.7151284530959405 -0.27085754164404535 0.535138472590987
1403636750.0135555 -1.1899363438009667 3.6730790663898114 -0.912105917907935 -0.3579746384202996 -0.7152351578809882 -0.2691682226863025 0.5365084296399365
1403636750.0635557 -1.1891524111710143 3.671097513104457 -0.9099196694918399 -0.3570227951269533 -0.7153210430161704 -0.26795305340846853 0.537635276323154
1403636750.1135554 -1.1877540498790362 3.6682096849794323 -0.9080718597758857 -0.35665837687741253 -0.7168204868847972 -0.266012191188829 0.53684327873629
1403636750.1635556 -1.1857326262635175 3.6638293940362314 -0.9054399611113704 -0.3563118702248926 -0.7184333760711639 -0.26438989913004934 0.5357175716007749
1403636750.2135556 -1.1831499795979181 3.6585056530090316 -0.9011235210347861 -0.35622101911245424 -0.7198453196589398 -0.26220524437751996 0.5349558029674305
1403636750.2635558 -1.1803765799975616 3.652462051282878 -0.8955137288111307 -0.35574227266774167 -0.7223435531291373 -0.260871848239746 0.5325533827570175
1403636750.3135555 -1.1791543691757136 3.645747486554641 -0.8865226468753888 -0.3555991481017424 -0.7240257141214399 -0.25854195905923055 0.5314998274374784
1403636750.3635557 -1.1764123984869361 3.6390868975646766 -0.8754188453690375 -0.35458290812786153 -0.7264758996275548 -0.2575677701406969 0.5293038563138122
1403636750.4135556 -1.1734044766785137 3.6317087004783097 -0.8616171240832406 -0.3552104490981948 -0.7272792748364161 -0.2546000244838742 0.5292156656578547
1403636750.4635556 -1.1708850628104477 3.624505412289295 -0.8451930042902009 -0.35359123297830025 -0.7290415063050123 -0.2538340348316432 0.5282423731645279
1403636750.5135555 -1.1660426307926055 3.6170005543152213 -0.8252420132239048 -0.3520642159393344 -0.7295147960474964 -0.2528716224141687 0.5290698373375935
1403636750.5635557 -1.1634491335306583 3.609413375014242 -0.8030552842831394 -0.3504602662214841 -0.7308276827565516 -0.25191449621597234 0.5287793363142215
1403636750.6135554 -1.1580508538515082 3.6014275358249837 -0.7806898807344966 -0.3493151062041271 -0.7318093167971839 -0.25058943949723306 0.5288090517747416
1403636750.6635556 -1.1551958412819694 3.5942191977175284 -0.7553125629470633 -0.34735079794300017 -0.7328035336202634 -0.2512265139801461 0.5284237342847123
1403636750.7135556 -1.1523544141409057 3.5825933595498998 -0.730189755651424 -0.34642633253542815 -0.7338277925745429 -0.25036509124091705 0.5280178861167054
1403636750.7635558 -1.14939703452833 3.5745746409226857 -0.702343022813727 -0.34571067935298544 -0.7349325649513361 -0.24941143926036594 0.5274013510803895
1403636750.8135555 -1.1467351726544588 3.566684523348833 -0.6726577756143005 -0.3447994612298705 -0.7359133252562157 -0.2493727633993498 0.5266480172947606
1403636750.8635557 -1.1436596412238296 3.557382823513668 -0.6412815402156798 -0.3441926221550035 -0.7366214853391658 -0.24886105238432593 0.526296877054149
1403636750.9135556 -1.138742200499124 3.5438664011664645 -0.6110017572124818 -0.34324076595037656 -0.7382032849917698 -0.24958177971414602 0.5243573417545312
1403636750.9635556 -1.1353861117130017 3.533742605110487 -0.5784692280968106 -0.3421348489311143 -0.7393116100018273 -0.2506130804344774 0.5230250207958812
1403636751.0135555 -1.1315811647109486 3.5183162783492707 -0.5495313365737912 -0.3419272837859567 -0.7401625132190577 -0.2511937143551568 0.5216770116618769
1403636751.0635557 -1.1275908049651076 3.5069729542396493 -0.519451086187049 -0.34192204004851473 -0.7402452568845612 -0.2514846320141713 0.5214228207986957
1403636751.1135554 -1.1173952404195835 3.4858644844189244 -0.48539191659999636 -0.3426372594036154 -0.7400893413521958 -0.25116997150461956 0.5213263092340741
1403636751.1635556 -1.1157522743092558 3.474427958588548 -0.4587186885958183 -0.3444453451072465 -0.7410327085929432 -0.2496593381414357 0.5195172219552847
1403636751.2135556 -1.1141531426276998 3.4599906787223844 -0.4349045940688496 -0.34541472371159676 -0.7435164591864897 -0.24922079917693798 0.5155200644200328
1403636751.2635558 -1.1165681064559643 3.446297792103949 -0.4115695198041064 -0.34801883437065256 -0.7452877237692114 -0.24703955990131135 0.5122504812745095
1403636751.3135555 -1.1158634822261633 3.4302480630291448 -0.39098103439714205 -0.3502946646848374 -0.745740941905626 -0.24487448906025372 0.5110778610608437
1403636751.3635557 -1.113917321694331 3.4073476771287337 -0.37521795540520575 -0.35326237595892457 -0.7444855701065942 -0.24224264340031845 0.5121185715762913
1403636751.4135556 -1.1150693333944222 3.3952835871580667 -0.3523972884866972 -0.35555958240537455 -0.7420153364368611 -0.24015401822919577 0.5150889936511734
1403636751.4635556 -1.1162237500168262 3.3833715724980586 -0.3292921219176032 -0.3585141220312528 -0.7388220728632491 -0.23706772657795908 0.5190457224266181
1403636751.5135555 -1.1226602105278027 3.369726975580348 -0.29975093295539823 -0.35999321443325083 -0.7360535855764986 -0.23475737955028164 0.5229904181423218
1403636751.5635557 -1.1192761002208682 3.349772868414535 -0.2782896091434686 -0.3592084126044388 -0.7339080319227949 -0.23261494475535738 0.5274832741138542
1403636751.6135554 -1.1298943589922246 3.3566862647591185 -0.25693148870910726 -0.3590705400926864 -0.733621882505896 -0.22877283963250797 0.529651081932748
1403636751.6635556 -1.1294393280018473 3.347773341489601 -0.23581099596218993 -0.3581715370420967 -0.734167213450306 -0.22547958442494123 0.5309148799525879
1403636751.7135556 -1.129072382355931 3.3403591484309794 -0.21607359412222005 -0.3576742389938958 -0.7365868167974544 -0.22167435940018823 0.529499271448835
1403636751.7635558 -1.1277304614080907 3.333273216805082 -0.19685203657279363 -0.35727231429354434 -0.7394787492921296 -0.2180873159995362 0.5272244260130606
1403636751.8135555 -1.1256082770644908 3.3285706870394765 -0.17982480927541383 -0.356967496642031 -0.7427802525933056 -0.21478271058645007 0.5241374723597657
1403636751.8635557 -1.1231252060904384 3.3242502406560357 -0.1613841847823051 -0.35502521118748476 -0.7467963374959979 -0.21464939794973603 0.5197864616202134
1403636751.9135556 -1.1209366363501427 3.321093987564475 -0.14306113458859082 -0.3514149184691751 -0.749948578018649 -0.2167325896699886 0.5168284724935825
1403636751.9635556 -1.1183267101064325 3.3192616580862366 -0.1243382543421066 -0.34795469417295394 -0.7525530070980656 -0.21926180474784848 0.5143109597212386
1403636752.0135555 -1.1166252302745459 3.319363081203405 -0.10669998531672154 -0.3448548885283324 -0.7545722630744331 -0.22196916631846328 0.5122748235671225
1403636752.0635557 -1.1150153058617855 3.3196577368817723 -0.08857347476025366 -0.34266349374106353 -0.7548653888433919 -0.22389703455317816 0.5124744800492761
1403636752.1135554 -1.1142037222432346 3.3217844451713145 -0.07239088571368563 -0.34091195660740975 -0.7542126361395367 -0.2253603290392146 0.5139601729948495
1403636752.1635556 -1.1136706547329804 3.3218552363008644 -0.055379342577558215 -0.33779125674632726 -0.7525401597870324 -0.22683961860764326 0.5178070704455316
1403636752.2135556 -1.1294346597039884 3.3344487053213516 -0.05287289273833886 -0.33382649437482154 -0.7512731061536853 -0.22759215152679277 0.5218720189730587
1403636752.2635558 -1.13019602125783 3.3352067458470853 -0.03766911609693128 -0.32941661878418294 -0.7502484856717182 -0.22655878351841366 0.5265766977627728
1403636752.3135555 -1.1310560755515051 3.340257599808749 -0.02004741590781657 -0.3240585387420741 -0.7489784820094376 -0.22500822120865402 0.5323425563898755
1403636752.3635557 -1.140014385092259 3.3426405729762108 0.009198016467683886 -0.31816513808938524 -0.748676077741373 -0.22246048173905045 0.5373699001495952
1403636752.4135556 -1.142510907707393 3.3455156996222173 0.03080268010646405 -0.3116017829203097 -0.7498867325669359 -0.21863317629960088 0.5410857154112617
1403636752.4635556 -1.1445538866166112 3.3487440203593595 0.05287759465010858 -0.3045901230709928 -0.7525628203550883 -0.21330221732415172 0.5434852550266595
1403636752.5135555 -1.1455811211989264 3.351482957259502 0.07585097708531824 -0.2965287117246122 -0.755769505406519 -0.20847837884151757 0.5453622130072273
1403636752.5635557 -1.1473491576260566 3.352803999474462 0.09810359210881875 -0.2886187136795155 -0.7597664560903199 -0.20274508006796257 0.5462129647144722
1403636752.6135554 -1.1421099544246167 3.3510314624211155 0.11992135825373634 -0.2799296403290008 -0.7635943131091291 -0.19698308271353898 0.5475041429773339
1403636752.6635556 -1.1766434664999896 3.335489594227474 0.10481600775042023 -0.2722374924075855 -0.767669564107665 -0.1926513203642348 0.547225416836878
1403636752.7135556 -1.1695858964511245 3.3223203285614864 0.16814303478054293 -0.26303984822446447 -0.771176608876902 -0.1857458889106062 0.5491767847605917
1403636752.7635558 -1.1700624148214984 3.3226358247474983 0.18288558069484467 -0.2539348369644065 -0.7748157309919471 -0.17925730430501874 0.5504947778467777
1403636752.8135555 -1.1708531522499939 3.324084048620862 0.19679802439805152 -0.24399863132299862 -0.7785857061878528 -0.1739039984420621 0.5513858588668459
1403636752.8635557 -1.17081344320231 3.3234665163901953 0.20755030855756776 -0.23390675160272248 -0.7825412864399874 -0.16796103177208557 0.5520016833104483
1403636752.9135556 -1.1659226206989413 3.3259507887151014 0.21912832555294345 -0.2222133705820335 -0.7852779078626048 -0.16390714684594185 0.5541608724642377
1403636752.9635556 -1.165688820730458 3.3250192016610534 0.22650783639740057 -0.21044868947365925 -0.7887062608286288 -0.15945811181993877 0.5551818565149282
1403636753.0135555 -1.1664388186158343 3.3289433808907662 0.23384176629234096 -0.19894411971659892 -0.7921226186366769 -0.15444666315819233 0.5559759190051863
1403636753.0635557 -1.1690355894813391 3.3347347905441094 0.2360246120984212 -0.18747447598864236 -0.795383151553383 -0.14929280377188478 0.5567141293516104
1403636753.1135554 -1.1695189997830606 3.33273096962555 0.23879730222669837 -0.1759422342500186 -0.7982659387193003 -0.14318953726412964 0.5579539207728452
1403636753.1635556 -1.1535350712572408 3.3429727756701166 0.24263143045293462 -0.16408886735987038 -0.8010440689058052 -0.13603547144475736 0.5593725000285493
1403636753.2135556 -1.1557478031861832 3.3371814554770727 0.2424062042745267 -0.15250270748348976 -0.8035791049746902 -0.12957900634755448 0.5605469002432014
1403636753.2635558 -1.1561263591677875 3.3346770047602448 0.24030551632400382 -0.13996540609281952 -0.806042108217478 -0.12419465704665728 0.5614993250562809
1403636753.3135555 -1.1616523768305043 3.3300136642234444 0.23734836440645118 -0.12708965151481294 -0.8081814383612355 -0.1196068433357875 0.5624812763047818
1403636753.3635557 -1.1673558552897099 3.323185683164478 0.23623051063669676 -0.11673492855814006 -0.80916309345924 -0.11357333804115871 0.5645610166529285
1403636753.4135556 -1.1712440147137868 3.3156326481792866 0.23245383356820484 -0.10934444972877903 -0.8096213651405493 -0.10655505598616254 0.566747789113685
1403636753.4635556 -1.1756280305125926 3.3083635931322015 0.22934713747446256 -0.1048765687615425 -0.8098852213477737 -0.09855238813037666 0.5686600569418189
1403636753.5135555 -1.1798718837280138 3.299209440532091 0.22768533867019863 -0.10168664881941798 -0.8100760830883998 -0.0919896974974811 0.5700653125865092
1403636753.5635557 -1.1837718582421644 3.290314791540814 0.2280558969223393 -0.0996924815689096 -0.8101154983629879 -0.08577456626091506 0.57132916275425
1403636753.6135554 -1.1856536692631232 3.278670465090254 0.22983793982005796 -0.09791700074649004 -0.8093415686330296 -0.08183824088854245 0.573307063078511
1403636753.6635556 -1.1860532288935477 3.2685202249574488 0.23481771608608917 -0.09729491601284315 -0.8090824291120596 -0.0788674320477165 0.5741944360426893
1403636753.7135556 -1.1881374391906003 3.2586744321204115 0.2381545580768837 -0.09720907092352825 -0.8090796965555098 -0.07663381640074998 0.5745151863403481
1403636753.7635558 -1.190458340004039 3.2486341878382357 0.2412933078981264 -0.0962775871501426 -0.8084698581310428 -0.07684500864737048 0.5755014850998248
1403636753.8135555 -1.1923895874690187 3.236935380615267 0.24192976211663494 -0.0957659588304751 -0.8082509613072099 -0.07729404370882698 0.5758340867666564
1403636753.8635557 -1.1936519945856834 3.226086001091463 0.24210591939930495 -0.09611977418352077 -0.8078754013956203 -0.07794184620970865 0.5762147112320168
1403636753.9135556 -1.1954246721148087 3.2142085374465523 0.24058651681773985 -0.09749123739722076 -0.8078760540731664 -0.07753544081968268 0.5760381891010584
1403636753.9635556 -1.1961358919227305 3.2025873571571553 0.2382342059762512 -0.09801883817709016 -0.807448275596436 -0.07854033289727293 0.5764121838642389
1403636754.0135555 -1.1959672440728706 3.1915614894695232 0.23628815977406567 -0.0987334580196391 -0.806989219558393 -0.08008943299696566 0.5767198509729354
1403636754.0635557 -1.1967083370427927 3.1794264890934514 0.23626741971885504 -0.09995921335705679 -0.8048716483513909 -0.08084132495779812 0.579356941379165
1403636754.1135554 -1.196151526919686 3.147467647986087 0.24188851624530205 -0.10052404602667757 -0.8028020827412627 -0.08163318915520272 0.5820135346751553
1403636754.1635556 -1.1963127673756502 3.1340409249563868 0.24515884737240085 -0.10119492732511554 -0.801171456099439 -0.08324402400147203 0.5839129362184159
1403636754.2135556 -1.201140467263645 3.1195396172709877 0.24888051138956782 -0.10101775678454815 -0.7997264072181512 -0.085891473303807 0.5855388468973404
1403636754.2635558 -1.1995811898534587 3.1047538386819804 0.2545115388301178 -0.1014575659915607 -0.7990374781127125 -0.08794060126703675 0.5860989008035562
1403636754.3135555 -1.1951760611197342 3.092540428048929 0.26238688076103334 -0.10203124752878825 -0.7988921127632911 -0.08928415136763533 0.5859943318897254
1403636754.3635557 -1.1919213376866926 3.0776052435037498 0.27210097985011567 -0.10157471328305764 -0.7988934737881752 -0.09092800717223805 0.5858189930958301
1403636754.4135556 -1.1844291102929976 3.062882809369863 0.2821229684873731 -0.10120955783922612 -0.7989958080523032 -0.09014449261230809 0.5858637167196011
1403636754.4635556 -1.1809172306466549 3.045115671672525 0.2913313934703369 -0.09988272142331618 -0.7995179785842838 -0.08848504468863355 0.5856320011304229
1403636754.5135555 -1.1766885441030026 3.0266291413926276 0.29996155483084264 -0.09722349062374797 -0.8003456819287543 -0.0872053234405317 0.5851406786855309
1403636754.5635557 -1.1721399067788112 3.0069622021076414 0.30656830295375387 -0.09283401347622502 -0.801958415782777 -0.08565414753395506 0.5838731988260004
1403636754.6135554 -1.1631384951829429 2.9899134895713626 0.31252084909261674 -0.08802851704730981 -0.8035978048611873 -0.0827136079051223 0.5827864165164203
1403636754.6635556 -1.1560817765396874 2.9726636968097524 0.31352667987319527 -0.08196386243003576 -0.8045681744504223 -0.07819772056592517 0.5829554823615253
1403636754.7135556 -1.1459029672796612 2.9524771898899136 0.3163056949445437 -0.07618302140159612 -0.8057579104164063 -0.07269537618995409 0.5828084756865773
1403636754.7635558 -1.1462535641775062 2.930015126001706 0.31803145571017527 -0.06945433491844452 -0.8062119422843033 -0.06723238508666946 0.5836764565020296
1403636754.8135555 -1.143159719743395 2.9016889754595216 0.3188519515125868 -0.06300596369141738 -0.8069173242219891 -0.06305177825906155 0.5838999517623814
1403636754.8635557 -1.1244339205155929 2.8756824838822355 0.31815651450574456 -0.057917270984399916 -0.807336290307182 -0.057558298357706726 0.5844148752084622
1403636754.9135556 -1.1193035041045833 2.8500968144925056 0.3150067076139881 -0.05205296878674609 -0.8075132992972447 -0.05442592955302304 0.5850218612076424
1403636754.9635556 -1.1107432709352962 2.8252680796603493 0.3114217504490126 -0.047987167515071504 -0.8079835148846816 -0.05013401795421913 0.5851037956399208
1403636755.0135555 -1.0953121962081236 2.8005055988818213 0.30753183232768383 -0.04312586607495678 -0.8084068678089855 -0.0488305398187626 0.5850077556200075
1403636755.0635557 -1.0826427648250074 2.7737895472963383 0.303476733781387 -0.04113290492823898 -0.808266979791064 -0.04563777759892203 0.5856020549549222
1403636755.1135554 -1.0613709148070032 2.7474286353972763 0.302113568722115 -0.03817056980099545 -0.8084514163669633 -0.04358456750031736 0.5857044480376846
1403636755.1635556 -1.0482479707449728 2.720569502155835 0.29944156410441886 -0.037017774906522444 -0.8089623084742179 -0.04086628356637724 0.5852688396596105
1403636755.2135556 -1.034097177637885 2.6924449277698694 0.2987621662884607 -0.03568429401488389 -0.8091627418406132 -0.03911304951072161 0.585194376028694
1403636755.2635558 -1.0198922372138994 2.6647131726441775 0.2992103923177151 -0.03491617564090154 -0.8108338913078303 -0.03806762026481073 0.5829923821737206
1403636755.3135555 -0.9920986706986065 2.637596301206095 0.30834900751210026 -0.034472252995517254 -0.8137311700602382 -0.036465597095703295 0.5790712450763401
1403636755.3635557 -0.976662081157676 2.609272498061604 0.3124501211920311 -0.034699118711469995 -0.8172897601602503 -0.03525187165198115 0.5740999256600545
1403636755.4135556 -0.9649188187692562 2.574988231881151 0.3189989504824481 -0.034270888131800945 -0.8203154876989458 -0.03546364643466478 0.5697809549725714
1403636755.4635556 -0.9513773026738864 2.546297397243881 0.32580861916643294 -0.03482512228170361 -0.8221766819135531 -0.03496606066845771 0.5670891368885622
1403636755.5135555 -0.9379692515536087 2.511899688420413 0.33147627200047514 -0.034696353942344875 -0.8227035261661307 -0.03599926083087567 0.5662677143158993
1403636755.5635557 -0.9260146669581225 2.482731130040778 0.337047291263853 -0.03424343884263321 -0.8227818702689764 -0.037746786403527396 0.5660676293245558
1403636755.6135554 -0.9143382494060082 2.451677838603384 0.3415172512558742 -0.03407365608175599 -0.8218096814084596 -0.03911556360893038 0.5673956346220018
1403636755.6635556 -0.9059864405105744 2.4208383829083906 0.34578742642594706 -0.03569137548341538 -0.8208781572439399 -0.038254202220654177 0.5687018486767533
1403636755.7135556 -0.8960822059285545 2.3896667503662234 0.3469364528860197 -0.03639667406942553 -0.820342849067653 -0.038439397930497984 0.5694166355025034
1403636755.7635558 -0.8863870275305206 2.3592299879886243 0.34680714372117766 -0.03778842738409301 -0.819239099316177 -0.03773337236206847 0.5709601785743398
1403636755.8135555 -0.8798564021330386 2.3262165280621043 0.3468841425325751 -0.038639671848167405 -0.8174774211668105 -0.03753412783163997 0.5734359867411926
1403636755.8635557 -0.8708581102748796 2.2953340676467575 0.344337745857259 -0.03940684320116249 -0.8165138225491614 -0.037030589520164116 0.5747877988743889
1403636755.9135556 -0.8571208888044293 2.26450388418056 0.343535387524102 -0.03950882189774287 -0.8147311212935227 -0.03718163544028376 0.5772952268761951
1403636755.9635556 -0.8485945787970559 2.2333271985383507 0.34101518544351467 -0.04035128640201739 -0.8141992612679806 -0.03619300404777595 0.578049654523186
1403636756.0135555 -0.8349542571630926 2.202026380439128 0.3425314056577408 -0.04066200168907074 -0.8133585436244417 -0.03566494252750802 0.5792430344909423
1403636756.0635557 -0.8266951623688196 2.1708174514282086 0.3429788228541548 -0.04098697753866881 -0.8127590719844595 -0.03532445329300848 0.5800818404145702
1403636756.1135554 -0.8133159757128914 2.136180672640593 0.34893360878513985 -0.039986588191010024 -0.812201809779263 -0.03655339523694314 0.5808555261446554
1403636756.1635556 -0.8059841340343257 2.104625855133199 0.353461599505712 -0.03954123192787 -0.8115626982505028 -0.03681779133482039 0.5817619169619265
1403636756.2135556 -0.7981251561938296 2.073083526634196 0.359282652628882 -0.03966762951379028 -0.8108250044336359 -0.036590130507705945 0.5827953789310449
1403636756.2635558 -0.8023695151006647 2.0368051989620257 0.3702266726146135 -0.039796313805205645 -0.8106962341444885 -0.03605763695719925 0.582998898942807
1403636756.3135555 -0.8008799426168138 2.002397407635996 0.3824277307503025 -0.03944355601494384 -0.810533712297406 -0.035940929778736995 0.5832559958413818
1403636756.3635557 -0.7913806098823316 1.9687975649850886 0.391182899836609 -0.03870322541720412 -0.8102382528923432 -0.03595650978762315 0.5837149675108229
1403636756.4135556 -0.7755839036380405 1.9374735883853167 0.39528490125521537 -0.03793533893918599 -0.8097893681540891 -0.03637470128855009 0.5843620199759213
1403636756.4635556 -0.7661938792050339 1.9063603347370917 0.39584335344245364 -0.037721903911621536 -0.8096314068597656 -0.03540132121466542 0.5846544188217644
1403636756.5135555 -0.7470338629598223 1.872369796521158 0.39585826417052455 -0.03753987021707026 -0.8094109798724095 -0.03445828484520437 0.5850275638049872
1403636756.5635557 -0.7415837801610908 1.8360663377316269 0.3935387965026109 -0.036899393016473755 -0.8092235686851705 -0.03464077302395177 0.5853167241107639
1403636756.6135554 -0.7225737816904175 1.8011678986124477 0.39086562822780774 -0.03671229170427441 -0.808689486183888 -0.034137836132524295 0.5860956668647604
1403636756.6635556 -0.7116166827658974 1.76776880921913 0.3889455216040966 -0.03654477557920922 -0.8084695099738383 -0.033256657010316895 0.5864601653863843
1403636756.7135556 -0.6805964839531697 1.7299773247624697 0.3944629822615542 -0.037559161736008526 -0.8075849821612568 -0.03360375603291952 0.587593901889537
1403636756.7635558 -0.6671174289775703 1.6953858959341903 0.39518161895746273 -0.037230041766225457 -0.8072352906734507 -0.03326425570196185 0.5881144436026285
1403636756.8135555 -0.6588654927831709 1.6448159844672137 0.3882827713117417 -0.036711672804442104 -0.8069832280544925 -0.03219598986249817 0.5885522414836466
1403636756.8635557 -0.6407893135422923 1.6084085184094985 0.38990907066029246 -0.036243900139112606 -0.8070492255587604 -0.03156246214113612 0.5885250531721657
1403636756.9135556 -0.6253737919920757 1.5724268315049972 0.39540109183453287 -0.03581026730321047 -0.8072851152041897 -0.03165617545088901 0.5882229628986388
1403636756.9635556 -0.6110528308017155 1.536544898993812 0.4011420950451058 -0.03596632025971071 -0.807509437294124 -0.03057771085568214 0.5879625294920837
1403636757.0135555 -0.5949847875689472 1.495166252627098 0.4107650973661514 -0.03512184914445837 -0.8073957438398072 -0.031063264200810525 0.5881442358463009
1403636757.0635557 -0.577002823705136 1.4601762638880917 0.4162146627511334 -0.03621581186458116 -0.8076150649539633 -0.02878728198543355 0.5878925192807662
1403636757.1135554 -0.5646807550626991 1.4251398698631244 0.42396544104981193 -0.03582640359147029 -0.8074659054737103 -0.028965489596584557 0.5881124728448229
1403636757.1635556 -0.545504447009384 1.3901775264437124 0.42816017077959456 -0.035928689051474325 -0.8079816827641998 -0.028707795122871586 0.5874100715171284
1403636757.2135556 -0.5261259181512367 1.3565078167757096 0.43047826483256935 -0.0360819393813971 -0.8076510289775496 -0.028353297328737915 0.5878724347786438
1403636757.2635558 -0.5027070895151949 1.321543081705129 0.4321329521580627 -0.03534742148609235 -0.8077821296791188 -0.028910323504907857 0.5877097786834872
1403636757.3135555 -0.4814992766156776 1.287579308198044 0.4354347297698063 -0.03375127855364495 -0.8084164767371956 -0.030854796826912043 0.5868318607988013
1403636757.3635557 -0.46894269865301386 1.2524914705945627 0.4355729509679184 -0.0339204447847655 -0.809042475802619 -0.030426754752344694 0.5859811331160869
1403636757.4135556 -0.45717718661005163 1.2078531621453703 0.421147496726869 -0.03288704113220159 -0.8102242688379667 -0.03184503277444144 0.5843295051588154
1403636757.4635556 -0.45950364543247024 1.1490760759969156 0.4005285372846411 -0.03290969671061653 -0.81160525720276 -0.03353696218632488 0.5823136015160302
1403636757.5135555 -0.43887854934332027 1.111294761480363 0.4019443200797879 -0.030443152505680172 -0.8133238927069771 -0.033675817302678955 0.5800374120231232
1403636757.5635557 -0.41416476448079287 1.068246314381565 0.40211299786848453 -0.02760464249134509 -0.8159751475310717 -0.03234965329310478 0.5765206347186429
1403636757.6135554 -0.39110210132349993 1.0243752753502862 0.39703855989732095 -0.024575595876683246 -0.8190689544149053 -0.03108994766035441 0.5723246483906281
1403636757.6635556 -0.37085972262503236 0.9863324550332155 0.4007950583127516 -0.02166629627896616 -0.8228437453465406 -0.02876430104227883 0.5671255216750334
1403636757.7135556 -0.34410030516164625 0.9521979929713976 0.4061345686497026 -0.018707891744817528 -0.8262758664852938 -0.025648253785120555 0.5623703177873234
1403636757.7635558 -0.32619879844930133 0.9135707239335643 0.4128564324058096 -0.016551171698495556 -0.8290874872200893 -0.022538467681314175 0.5584192105623369
1403636757.8135555 -0.31318722975353264 0.8763026305642535 0.42142113152032595 -0.014047156280118387 -0.831378746994813 -0.019681842716690136 0.5551798641098687
1403636757.8635557 -0.2925559384044982 0.8463618228179108 0.43777706077283135 -0.01216934753603708 -0.832645124762902 -0.01596948926546267 0.5534428413140048
1403636757.9135556 -0.2765149595028873 0.8103245188308024 0.45440919299130367 -0.010720114014390858 -0.8324934208743984 -0.013523883443002637 0.5537660949651763
1403636757.9635556 -0.26531005498708876 0.7713025300359244 0.4712566897032657 -0.010161882334646571 -0.8308385058730662 -0.010335367292712058 0.5563248093415865
1403636758.0135555 -0.255558251652516 0.736547203084973 0.48695966891464465 -0.008585499144303663 -0.8261472386795237 -0.009539332429939701 0.5633081131702548
1403636758.0635557 -0.2410563012081828 0.7025181990225225 0.4946990561469315 -0.007637465146213466 -0.8221233460852723 -0.00762919382945929 0.5692070522658768
1403636758.1135554 -0.25538704177298316 0.6622613871396636 0.5061493300886692 -0.007617611512732847 -0.8184423357087014 -0.006338888305051964 0.5745032059175847
1403636758.1635556 -0.2508478151933868 0.6251854930520663 0.5187825848490175 -0.007334830957502887 -0.8154182716646712 -0.005157867334727697 0.5788027633786682
1403636758.2135556 -0.23636743143756234 0.5974469815553002 0.5374085359156362 -0.006750119679350458 -0.8125020340059977 -0.004625916798212953 0.5829009191228017
1403636758.2635558 -0.22778861952292942 0.5610433686474661 0.546236289174929 -0.0070843188002313005 -0.8111632986174306 -0.003370971952050374 0.5847670920557382
1403636758.3135555 -0.20363076628837953 0.5418944728273903 0.5661566823103942 -0.00763892096211411 -0.8096596171845203 -0.0018783540578997408 0.5868470183729179
1403636758.3635557 -0.1934067619535266 0.5066312046787609 0.5709208102934177 -0.00825504886011307 -0.810587022694303 -0.0007037113743096329 0.5855595935497978
1403636758.4135556 -0.18478882155444204 0.469674357475152 0.5713524329545606 -0.010214316280668625 -0.8144894283288633 0.001979692829528507 0.5800850969467675
1403636758.4635556 -0.17385509188113638 0.4349491622526014 0.5714074984541399 -0.0127148901060152 -0.8196395077016705 0.005540786000359008 0.5727117151540148
1403636758.5135555 -0.166629342450737 0.40085235234131206 0.5707040937321145 -0.01667442534560767 -0.8257538591957077 0.0108464700693064 0.56367976870722
1403636758.5635557 -0.17532168508233922 0.3663745054322581 0.5660426130960433 -0.0216954582755392 -0.8318021750223114 0.017196609527401516 0.5543813897842611
1403636758.6135554 -0.1703250387373086 0.3376071063429233 0.5632297920753058 -0.025501723391524865 -0.8361432960866616 0.02233206553538315 0.5474626282791539
1403636758.6635556 -0.1652390445780233 0.30808915735416814 0.5619338732359966 -0.026554414834748588 -0.8368290999161638 0.023048205378772006 0.5463338730255569
1403636758.7135556 -0.16425548041485966 0.2776948669882871 0.5586162949077677 -0.026343878281692785 -0.8332644598988495 0.021624520698411566 0.5518230876387125
1403636758.7635558 -0.16334387144103138 0.2520487079667854 0.5580822990667293 -0.02443768992802426 -0.8284952050430546 0.017360820663681116 0.5591932550000331
1403636758.8135555 -0.17260220187382644 0.21308935945272497 0.5390771328751394 -0.023835289335100686 -0.823833825647886 0.015707324073347552 0.56611216792358
1403636758.8635557 -0.17373873090143077 0.18926022550955515 0.5365466058569859 -0.02152518010037014 -0.8191621726128477 0.012147826253407074 0.5730291719442936
1403636758.9135556 -0.17604621268192114 0.1668086812265049 0.5323025177538376 -0.01813039732407621 -0.8164484388240005 0.006788482675978849 0.5770937115735031
1403636758.9635556 -0.17672503477856233 0.14512893106981534 0.5275396471132903 -0.016672291440030185 -0.8139340808173161 0.004269254862293196 0.5807022647150004
1403636759.0135555 -0.17989628890883455 0.12306262879319507 0.5212171559999074 -0.015368909346684048 -0.812824301053615 0.0024922725936002412 0.5823008164338387
1403636759.0635557 -0.17982550548264592 0.10218377472104084 0.5146577700892726 -0.01664518220952802 -0.8112309590892782 0.004602147205859582 0.5844707769986427
1403636759.1135554 -0.18471412082082775 0.0842592016172028 0.5072720249547673 -0.021111245775248727 -0.8102783496932153 0.010938925745314753 0.5855626791589394
1403636759.1635556 -0.18425975750523918 0.06478829517631522 0.498994308622713 -0.027379826970785642 -0.8093852839401278 0.020572346781563333 0.5862785905728672
1403636759.2135556 -0.18321735093124594 0.04720484171333976 0.48985269470716464 -0.033474012788791564 -0.8086438128509003 0.029692521431067292 0.5865944327871172
1403636759.2635558 -0.17613634639155765 0.0380421040497074 0.47588274623374055 -0.03655538377350356 -0.8074911529846829 0.03663834189796676 0.5876047767603725
1403636759.3135555 -0.17732078723788647 0.025048531820263616 0.46595401345561704 -0.03749081833344519 -0.8074722548834627 0.038501011203505506 0.5874526944958314
1403636759.3635557 -0.1750215896852541 0.01467173330108754 0.4553258142961756 -0.0330334090351688 -0.8072850274260375 0.03251130883951523 0.5883389271319713
1403636759.4135556 -0.18339168097743444 0.008266182861724801 0.4434624370064183 -0.027981091955172968 -0.8082956879839127 0.025384652415484623 0.5875634082389359
1403636759.4635556 -0.18012561645952144 0.0018754661388518596 0.4301856079486664 -0.02302187477329359 -0.8079413579316232 0.018657231726511694 0.5885173431002954
1403636759.5135555 -0.18686250573126634 -0.002689153955008819 0.4154068079335267 -0.018238760046606226 -0.808580604593611 0.011809775398795718 0.5879840837233801
1403636759.5635557 -0.18302556551618507 -0.007408176112079312 0.4012631992122587 -0.014478802619918945 -0.8084156619326986 0.007782269092502134 0.5883824590386616
1403636759.6135554 -0.18144239405678944 -0.010902225857508063 0.38884470614610717 -0.010439561723855337 -0.8085930971793225 0.0026246139845909314 0.5882697766725711
1403636759.6635556 -0.17562576404021144 -0.014140703436193572 0.3779032678569463 -0.008060190698093023 -0.8088352225567209 7.218108337397941e-05 0.5879801109454482
1403636759.7135556 -0.17372204881156603 -0.01768393077543135 0.369389018347685 -0.0064109444285731405 -0.8093784671843458 -0.0015069728446860373 0.5872504795082744
1403636759.7635558 -0.16973922946245307 -0.020880029672413508 0.3588094120581503 -0.006325861730701933 -0.8089514156516724 -0.0006213283953388352 0.5878411388628262
1403636759.8135555 -0.16496454913027564 -0.02280004715888852 0.3565140408009414 -0.0051987382514347 -0.8084824678185937 -0.0020688618648993964 0.5884936636541924
1403636759.8635557 -0.15865979016955467 -0.026032158911977157 0.35411943718084543 -0.0057857367282366364 -0.8091965300387108 -0.0014805152400061824 0.5875077098204292
1403636759.9135556 -0.15034633958005053 -0.02758228018584913 0.35295849575098687 -0.005892180183861274 -0.8122485245088872 -0.0014765503434028794 0.5832798954574899
1403636759.9635556 -0.14219206991730457 -0.030612627161713278 0.34915329555912383 -0.005870089936916194 -0.8155704518127677 -0.0017378068716471671 0.5786254057689895
1403636760.0135555 -0.13425611382363295 -0.03283077466461758 0.34642244689086 -0.006508613535113773 -0.8182423504482126 -0.0010612475232514027 0.574835600529864
1403636760.0635557 -0.12737754062778292 -0.03668116823990851 0.3409667871911103 -0.007871075238936993 -0.8205455459444456 0.00041403334809568873 0.5715267988307299
1403636760.1135554 -0.12213481511750535 -0.039440834998363164 0.3364487123892351 -0.007867190621149052 -0.8233692011335674 -0.00020802852563611669 0.567451515691459
1403636760.1635556 -0.11603348804116578 -0.04274559376497372 0.3305962612116791 -0.00791700544676719 -0.8252569414620147 -0.0003104124216980821 0.5647018728830686
1403636760.2135556 -0.11193859982373815 -0.044564769338357006 0.3256169208071471 -0.008702127402967632 -0.8227658133447103 0.0004363020375392714 0.5683137329067562
1403636760.2635558 -0.13930669922142858 -0.0573434000389649 0.2875216947215484 -0.00940729789486178 -0.8186865647363544 0.0011834595807824568 0.5741623558628042
1403636760.3135555 -0.1348666673807982 -0.05852816392035759 0.2813896422016553 -0.010242388980791484 -0.8146356985391219 0.002440816302244242 0.5798774133809853
1403636760.3635557 -0.13173002336566592 -0.060413661082176856 0.27410570561355646 -0.009347275341071513 -0.8123190907423069 0.0009537540812468052 0.5831375597682271
1403636760.4135556 -0.12312725389653759 -0.06123324640734735 0.26862391068276464 -0.008043455756654225 -0.8099961517217171 -0.0005777471618878192 0.5863797431901248
1403636760.4635556 -0.12416505073914749 -0.06553790469586067 0.24878120406691726 -0.007688955350722685 -0.8095860989663103 -0.0019609334190633897 0.5869475130420543
1403636760.5135555 -0.11863373814035075 -0.0664112004640364 0.2404505031070079 -0.006696475257944128 -0.8107451783000071 -0.0033804892550610326 0.5853511641526015
1403636760.5635557 -0.11324927050841878 -0.06897067442868449 0.2325408860392924 -0.006042906027229867 -0.8137910589444767 -0.0037501642590926977 0.5811140438302995
1403636760.6135554 -0.10647335098322318 -0.06978881023500601 0.2237353666137764 -0.00552152871538516 -0.8169508446926783 -0.004329159473665272 0.5766646238974751
1403636760.6635556 -0.10077505201107627 -0.07207663680508666 0.21534319658602413 -0.004079238497591444 -0.8193869681243753 -0.006042720513525726 0.5731944188580514
1403636760.7135556 -0.09442850689738284 -0.07344693152119729 0.2076722495843133 -0.0029392353058348255 -0.8212687647730712 -0.007114340686719965 0.5704895819035825
1403636760.7635558 -0.0809447740071101 -0.06732614408982199 0.20434869490157853 -0.001334490762675549 -0.8211294645347802 -0.008559283654018503 0.5706762306865074
1403636760.8135555 -0.07745274015816944 -0.06921748658361672 0.1970579637350485 -0.0005617890339043238 -0.8195730876578882 -0.009092376519349993 0.5729022316846283
1403636760.8635557 -0.0662113635617603 -0.07283240431837217 0.19764741419018264 0.0008126074380788 -0.8174362816847023 -0.01079757796003557 0.5759172487127268
1403636760.9135556 -0.061340013179260015 -0.07705441480381163 0.19147772871411478 0.002038978997875004 -0.8156242619950469 -0.01158106638798397 0.5784624315467675
1403636760.9635556 -0.046197796462757665 -0.0800054318740975 0.18948549730734013 0.0027943104097140183 -0.8155902102387238 -0.011026205370156694 0.578518127276254
1403636761.0135555 -0.04106844115029006 -0.0857288479316447 0.18277600122333845 0.001696214847204778 -0.8177843096786878 -0.00903062427174905 0.5754514693037172
1403636761.0635557 -0.03581669958382024 -0.09189368586907047 0.17648800738767556 0.0002462862705863645 -0.8205024107733377 -0.006893697993825315 0.5716014434780444
1403636761.1135554 -0.02698761750797208 -0.09708751960902635 0.17339646188653188 -0.0013752645644132281 -0.824163736070317 -0.004523461281640468 0.566331866569442
1403636761.1635556 -0.021203679973609342 -0.10396463432451815 0.16461372208528383 -0.0014687167880194389 -0.8282496883811279 -0.003428909414717214 0.5603468025676483
1403636761.2135556 -0.009857609433416003 -0.11441612318393755 0.16442203994313104 -0.0008173606570893898 -0.8320646282118171 -0.0042105032157790994 0.5546621116165741
1403636761.2635558 -0.005620696604497887 -0.1219870376372865 0.16004822782227887 -0.0017942244424861845 -0.8344258085552773 -0.002799712341801125 0.5511102542924828
1403636761.3135555 -0.004588208632030169 -0.12990010217372824 0.1555856177295585 -0.001379662920970211 -0.8349595645257695 -0.0033755197683386323 0.5502992167934236
1403636761.3635557 -0.005335780781733222 -0.13780089308790006 0.1535488512470588 -0.0015138325576937767 -0.8332233975831335 -0.0027974375192950478 0.5529273481881072
1403636761.4135556 -0.007989235448141153 -0.14543932245923294 0.15258327849129186 -0.001414982418979023 -0.8291391191595466 -0.0031245395123612914 0.5590318024557466
1403636761.4635556 -0.010822396665392113 -0.15321061836656708 0.15307089927263864 -0.0010026168657287437 -0.824657096388575 -0.004013575329015859 0.5656178562850219
1403636761.5135555 -0.01469378631063015 -0.16090399668019703 0.15379861227639596 -0.0014648316791855346 -0.8204266170455284 -0.003696775901418635 0.5717380118195015
1403636761.5635557 -0.018123216186401222 -0.1687648598952764 0.15561228670738234 -0.0018101701008006788 -0.8168836981491825 -0.004054490344389927 0.5767853223603812
1403636761.6135554 -0.023164116495765278 -0.17705217834914996 0.15636774414604002 -0.0026610284632380397 -0.8141725540178398 -0.0035443277324257467 0.5806060703717374
1403636761.6635556 -0.026118110823347033 -0.18504004857177234 0.15829012127341502 -0.005579456696982583 -0.8127546417228872 -0.00014359385290599422 0.5825793863514854
1403636761.7135556 -0.030550756831262228 -0.1921749950702197 0.1601317445229778 -0.009843356657226895 -0.8116896971428097 0.005240034003628997 0.583982436316002
1403636761.7635558 -0.032992390605204154 -0.19950930326367705 0.16259667474531223 -0.013598268342828346 -0.811249952684519 0.010222398676550129 0.5844519688843044
1403636761.8135555 -0.036758435917091416 -0.2054674507956277 0.16481812358519177 -0.01680692168914861 -0.8109526655938424 0.014284341181257649 0.5846958689323828
1403636761.8635557 -0.03843328753565366 -0.2109429039123041 0.16820972410593327 -0.01867142466684478 -0.8109846840686611 0.016654062833898548 0.5845321738776138
1403636761.9135556 -0.04126341680090661 -0.21498732114883737 0.17162267361401048 -0.018157456976875676 -0.8116031258309249 0.015312956404667146 0.5837261226497866
1403636761.9635556 -0.04213003111168256 -0.21764966071789205 0.17586923186871814 -0.016028738269269188 -0.8120169119702451 0.011784141951701872 0.5832947352944862
1403636762.0135555 -0.044090801745444656 -0.2206767033695784 0.17948932914016197 -0.010710089644378074 -0.8118968988188475 0.003571991639513363 0.5836916656453772
1403636762.0635557 -0.04487017821786683 -0.22221877265577314 0.18468636386392281 -0.005590924751319484 -0.8117538451477281 -0.004807007358764672 0.5839531908711143
1403636762.1135554 -0.04584832628263943 -0.22552075123726145 0.1891337727429057 0.001798305132699773 -0.8117889088412561 -0.015701886156239325 0.5837370849552983
1403636762.1635556 -0.045781607598286526 -0.22818715033996304 0.19457485316868225 0.006438967063108435 -0.8127808984503867 -0.023130338703464072 0.5820745126260085
1403636762.2135556 -0.05537723180422034 -0.22832372141949075 0.16855007833868585 0.007850314528362535 -0.8167998041544301 -0.025093321442819182 0.5763217657819787
1403636762.2635558 -0.05648747035587994 -0.23392169238586932 0.17129184416491086 0.006660334350882828 -0.8212782797873535 -0.02401671603117528 0.5699831790912239
1403636762.3135555 -0.057607039232150076 -0.2409259042300686 0.1728606211112296 0.004424327796419687 -0.825773122220461 -0.021539647182960964 0.5635736150149819
1403636762.3635557 -0.059799337075947555 -0.24840912776133547 0.1719298586083152 0.0019598701268008496 -0.8296664397735495 -0.018479669587045486 0.557950051021167
1403636762.4135556 -0.06188725142523704 -0.2615885470280571 0.1704892755682032 -0.0011356772689008034 -0.831173474475386 -0.01578120241411087 0.5557880164379408
1403636762.4635556 -0.06652971194915976 -0.27093304092213094 0.16580476926696675 -0.0063986382262897915 -0.8315868039139337 -0.008491462163899077 0.5552930217960397
1403636762.5135555 -0.07146597379306308 -0.2816715457026128 0.15740628756768846 -0.015056050522791933 -0.8286056606380522 0.0037065003313672047 0.559617937843781
1403636762.5635557 -0.07810143934015612 -0.29112150838254963 0.14941471940030673 -0.023107647052410234 -0.8246816541792051 0.015007446559686572 0.5649256432980445
1403636762.6135554 -0.07703796434630322 -0.29690380062526167 0.1476464949353085 -0.02996559823998469 -0.8203858833806371 0.026025759924131274 0.5704311747198457
1403636762.6635556 -0.08488434120641035 -0.29940685194669436 0.14153352109704562 -0.033359647089922916 -0.8165474897749616 0.03235382236705428 0.5754046932954976
1403636762.7135556 -0.10691538838802564 -0.30471109013273756 0.11521870318884887 -0.03027378822533042 -0.8144627928249633 0.02897604638793486 0.578700480029154
1403636762.7635558 -0.11406742451427158 -0.307139643738236 0.10040349886434027 -0.02616980463345214 -0.8131775114296345 0.023210233146544548 0.580963648869563
1403636762.8135555 -0.1219198737398689 -0.30805641507125997 0.08285241988706106 -0.02012406769402784 -0.8129441616252586 0.015172435098854449 0.5817960202614166
1403636762.8635557 -0.12272065304776394 -0.3066887743629791 0.08200245286592708 -0.024054741827445623 -0.7937283214282778 0.02131950438563844 0.607422587570642
1403636762.9135556 -0.11744528231341533 -0.30312272542885893 0.08235356242823282 -0.020702039899093694 -0.7878410444832865 0.013713249755945492 0.6153778196787983
1403636762.9635556 -0.10936761184872268 -0.2988416319683145 0.07556215051032097 -0.017545267623768537 -0.8064423313776267 0.0011395558709912394 0.5910512931706059
1403636763.0135555 -0.10233675983774604 -0.29330107549637713 0.0732454626381671 -0.03040578870354141 -0.8106461847258577 -0.0013953581084174733 0.5847446486958864
1403636763.0635557 -0.09459368000379331 -0.28695890201920365 0.0651138234822245 -0.045788651600410346 -0.809876789921298 0.00015964120549493408 0.5848101906140792
1403636763.1135554 -0.08876149848233066 -0.28343245746194595 0.06403423483270361 -0.05300722002819845 -0.8013498142658249 -0.00340538534022659 0.5958331252554653
1403636763.1635556 -0.08574197505601613 -0.28247385155905286 0.06428554731699165 -0.06086131004569452 -0.7940988045014791 -0.005593930308573679 0.6047079440296336
1403636763.2135556 -0.08096714513061468 -0.2800436728961096 0.05913512832776338 -0.06396618841992704 -0.7981842888749419 -0.0052377260692792775 0.5989847526922978
1403636763.2635558 -0.08306448322990331 -0.27966241385688 0.05273038464276343 -0.06603776987925371 -0.803778735388617 -0.002729510561913198 0.591245555804475
1403636763.3135555 -0.08297210866434317 -0.27986122692026466 0.05385263621334277 -0.06635107313438283 -0.8012619746770442 -0.0031835978875554426 0.5946147052798559
1403636763.3635557 -0.08106792437312511 -0.28108495652338283 0.05071895663372992 -0.06600718228062878 -0.8014591984633899 -0.002721977441039882 0.5943894312019714
1403636763.4135556 -0.07998451137836948 -0.2818598492197852 0.049719864744745296 -0.06666334367714345 -0.8021707162916306 -0.0021049318500649507 0.5933579946338149
1403636763.4635556 -0.07828074574812587 -0.2827398687221804 0.046551259395372316 -0.06635516838605278 -0.8021647874436688 -0.0026445744966398354 0.593398392009655
1403636763.5135555 -0.0773306371474658 -0.28438960672268615 0.04528422019757689 -0.06677219067355475 -0.8022013463315344 -0.0021119123955342096 0.5933043184762453
1403636763.5635557 -0.0756434271016241 -0.28552476568367324 0.04205525188212552 -0.06658739246381702 -0.8022509286427698 -0.0023981423997167825 0.5932569557701907
1403636763.6135554 -0.07450890813380232 -0.2868396483943337 0.04055744040005319 -0.06681265069680424 -0.8022775482449398 -0.002231443638439029 0.5931962794457193
1403636763.6635556 -0.07263898980098628 -0.2880639781338878 0.03740743127573218 -0.06667097333232787 -0.8022109326794842 -0.0023133810793284663 0.5933019880907311
1403636763.7135556 -0.0715137415573345 -0.2895928666880005 0.035965982995379245 -0.06696327073045441 -0.8022460831434954 -0.00206481465786961 0.5932224532116335
1403636763.7635558 -0.06945123773636983 -0.2907107480298172 0.03290018269160151 -0.0667584656037166 -0.8023445044723514 -0.002539349813183035 0.5931105757915474
1403636763.8135555 -0.06824488815486923 -0.29260310962031466 0.031748973908509705 -0.06711892472210446 -0.8022215228619334 -0.0019682730109603806 0.5932384041029234
